date,FL152000005.Q,FL152010005.Q,FL154090005.Q,FL154000025.Q,LM154022375.Q,LM154022005.Q,LM154022075.Q,LM544022053.Q,LM574022075.Q,LM344022025.Q,LM223064223.Q,LM654022055.Q,FL154023005.Q,LM153064475.Q,LM153064105.Q,LM153064175.Q,LM543064153.Q,LM573064175.Q,LM343064125.Q,LM223064213.Q,LM653064155.Q,FL153099475.Q,FL154190005.Q,FL152090005.Q,FL154022376.Q,FL154022386.Q,FL153064476.Q,FL153064486.Q
1945:Q4,837200,189327,647873,105679,36968,35908,1060,0,873,0,0,187,55818,145888,144855,1033,0,0,0,0,1033,303520,30584,806616,4.415669151892244,5.70605302587671,17.425696311167922,22.517979437326918
1946:Q1,ND,ND,ND,ND,ND,ND,ND,ND,ND,ND,ND,ND,ND,ND,ND,ND,ND,ND,ND,ND,ND,ND,ND,ND,ND,ND,ND,ND
1946:Q2,ND,ND,ND,ND,ND,ND,ND,ND,ND,ND,ND,ND,ND,ND,ND,ND,ND,ND,ND,ND,ND,ND,ND,ND,ND,ND,ND,ND
1946:Q3,ND,ND,ND,ND,ND,ND,ND,ND,ND,ND,ND,ND,ND,ND,ND,ND,ND,ND,ND,ND,ND,ND,ND,ND,ND,ND,ND,ND
1946:Q4,922658,220716,701942,117219,33482,32338,1144,0,925,0,0,219,58595,139559,138515,1044,0,0,0,0,1044,353087,37441,885217,3.628865167118852,4.769912531092949,15.125762913145566,19.8818536206559
1947:Q1,ND,ND,ND,ND,ND,ND,ND,ND,ND,ND,ND,ND,ND,ND,ND,ND,ND,ND,ND,ND,ND,ND,ND,ND,ND,ND,ND,ND
1947:Q2,ND,ND,ND,ND,ND,ND,ND,ND,ND,ND,ND,ND,ND,ND,ND,ND,ND,ND,ND,ND,ND,ND,ND,ND,ND,ND,ND,ND
1947:Q3,ND,ND,ND,ND,ND,ND,ND,ND,ND,ND,ND,ND,ND,ND,ND,ND,ND,ND,ND,ND,ND,ND,ND,ND,ND,ND,ND,ND
1947:Q4,1030665,280815,749850,120566,31281,30079,1202,0,978,0,0,224,61966,137558,136405,1153,0,0,0,0,1153,398479,46468,984197,3.035031404712205,4.17163550502069,13.346531439832535,18.344740794719993
1948:Q1,ND,ND,ND,ND,ND,ND,ND,ND,ND,ND,ND,ND,ND,ND,ND,ND,ND,ND,ND,ND,ND,ND,ND,ND,ND,ND,ND,ND
1948:Q2,ND,ND,ND,ND,ND,ND,ND,ND,ND,ND,ND,ND,ND,ND,ND,ND,ND,ND,ND,ND,ND,ND,ND,ND,ND,ND,ND,ND
1948:Q3,ND,ND,ND,ND,ND,ND,ND,ND,ND,ND,ND,ND,ND,ND,ND,ND,ND,ND,ND,ND,ND,ND,ND,ND,ND,ND,ND,ND
1948:Q4,1092127,313686,778441,120393,30677,29392,1285,0,1030,0,0,255,64759,136712,135486,1226,0,0,0,0,1226,425900,55109,1037018,2.808922569634363,3.940825639221984,12.517958807570917,17.56228297386693
1949:Q1,ND,ND,ND,ND,ND,ND,ND,ND,ND,ND,ND,ND,ND,ND,ND,ND,ND,ND,ND,ND,ND,ND,ND,ND,ND,ND,ND,ND
1949:Q2,ND,ND,ND,ND,ND,ND,ND,ND,ND,ND,ND,ND,ND,ND,ND,ND,ND,ND,ND,ND,ND,ND,ND,ND,ND,ND,ND,ND
1949:Q3,ND,ND,ND,ND,ND,ND,ND,ND,ND,ND,ND,ND,ND,ND,ND,ND,ND,ND,ND,ND,ND,ND,ND,ND,ND,ND,ND,ND
1949:Q4,1142485,340071,802414,121208,29404,27990,1414,0,1095,0,0,319,66995,145165,142455,2710,0,0,0,0,2710,439642,63061,1079424,2.573687744151772,3.664441910052908,12.706073370282681,18.09103216816863
1950:Q1,ND,ND,ND,ND,ND,ND,ND,ND,ND,ND,ND,ND,ND,ND,ND,ND,ND,ND,ND,ND,ND,ND,ND,ND,ND,ND,ND,ND
1950:Q2,ND,ND,ND,ND,ND,ND,ND,ND,ND,ND,ND,ND,ND,ND,ND,ND,ND,ND,ND,ND,ND,ND,ND,ND,ND,ND,ND,ND
1950:Q3,ND,ND,ND,ND,ND,ND,ND,ND,ND,ND,ND,ND,ND,ND,ND,ND,ND,ND,ND,ND,ND,ND,ND,ND,ND,ND,ND,ND
1950:Q4,1248246,387297,860949,126134,30094,28544,1550,0,1152,0,0,398,68212,167593,164696,2897,0,0,0,0,2897,468916,76803,1171443,2.4109029599038245,3.4954451022434205,13.426279649071631,19.46607732505754
1951:Q1,ND,ND,ND,ND,ND,ND,ND,ND,ND,ND,ND,ND,ND,ND,ND,ND,ND,ND,ND,ND,ND,ND,ND,ND,ND,ND,ND,ND
1951:Q2,ND,ND,ND,ND,ND,ND,ND,ND,ND,ND,ND,ND,ND,ND,ND,ND,ND,ND,ND,ND,ND,ND,ND,ND,ND,ND,ND,ND
1951:Q3,ND,ND,ND,ND,ND,ND,ND,ND,ND,ND,ND,ND,ND,ND,ND,ND,ND,ND,ND,ND,ND,ND,ND,ND,ND,ND,ND,ND
1951:Q4,1366090,430932,935158,135533,30221,28451,1770,0,1308,0,0,462,68597,187921,184698,3223,0,275,0,0,2948,512885,85567,1280523,2.2122265228364903,3.2316472457917946,13.756123900531293,20.095112076914724
1952:Q1,1384691,437115,947576,135929,32780,30920,1860,0,1359,0,0,501,68481,189705,186382,3323,0,289,0,0,3034,520681,86224,1298467,2.3673149476729014,3.45935266916568,13.700167240643314,20.020027397927862
1952:Q2,1411524,448848,962676,136453,35001,33084,1917,0,1407,0,0,510,68618,195986,192554,3432,0,312,0,0,3120,526618,90411,1321113,2.4796601605888737,3.6358024387853654,13.884708329281192,20.358457666003503
1952:Q3,1427379,453488,973891,140793,36733,34755,1978,0,1462,0,0,516,68829,195633,192052,3581,0,320,0,0,3261,531903,93441,1333938,2.573458048840188,3.771777298750624,13.705750101237374,20.08777143948169
1952:Q4,1435727,463998,971729,145149,37238,35169,2069,0,1530,0,0,539,69176,184802,181107,3695,0,369,0,0,3326,535364,97890,1337837,2.5936681524494043,3.8321374651474436,12.871665017158678,19.01784918186202
1953:Q1,1448423,472950,975473,147798,37350,35208,2142,0,1600,0,0,542,69877,181488,177850,3638,0,383,0,0,3255,538960,100207,1348216,2.5786672599266525,3.8289131921176716,12.530044542692591,18.605135138180774
1953:Q2,1455147,481976,973171,147194,41237,39045,2192,0,1672,0,0,520,69783,172180,168575,3605,0,408,0,0,3197,542777,104699,1350448,2.833872285476384,4.2373859561341884,11.832483694578261,17.692681667608813
1953:Q3,1472267,493036,979231,151399,41625,39364,2261,0,1737,0,0,524,69946,167445,163841,3604,0,434,0,0,3170,548816,107229,1365038,2.8272720810412832,4.250783599844408,11.373275041680666,17.09963867569843
1953:Q4,1496451,493418,1003033,154668,41020,38681,2339,0,1792,0,0,547,70364,181570,177571,3999,0,478,0,0,3521,555411,110624,1385827,2.7411520209808424,4.08959578297334,12.133373292284046,18.102094254375164
1954:Q1,1519099,498301,1020798,155101,41463,39020,2443,0,1848,0,0,595,70699,192961,188597,4364,0,521,0,0,3843,560574,110496,1408603,2.7294471011643076,4.061822749072768,12.70233321486062,18.90295877008008
1954:Q2,1544606,501395,1043211,157058,40964,38450,2514,0,1906,0,0,608,71195,208529,203774,4755,0,537,0,0,4218,565465,114312,1430294,2.6520671907566644,3.926720830466551,13.50046184994865,19.989140905584403
1954:Q3,1584295,510860,1073435,162898,39990,37369,2621,0,1973,0,0,648,71729,227122,221809,5313,0,564,0,0,4749,571696,117763,1466532,2.5241513535710003,3.7254240304975013,14.3358415535322,21.158433524747522
1954:Q4,1606807,520894,1085913,166045,39806,37084,2722,0,2051,0,0,671,72409,228886,222894,5992,0,631,0,0,5361,578767,123092,1483715,2.477335231539512,3.6656706341837144,14.244770934184615,21.07774427914821
1955:Q1,1631784,527830,1103954,167823,41555,38748,2807,0,2130,0,0,677,72984,235692,229229,6463,0,710,0,0,5753,585900,126315,1505469,2.5465993571348116,3.7641968109239254,14.443823743997545,21.349803267002333
1955:Q2,1674019,540617,1133402,168027,43169,40234,2935,0,2207,0,0,728,73186,257249,249979,7270,0,904,0,0,6366,591771,133426,1540593,2.578764420984639,3.8087994738079103,15.367151625793449,22.697070949931923
1955:Q3,1718708,555200,1163508,173014,45344,42276,3068,0,2273,0,0,795,73478,271515,264068,7447,0,1089,0,0,6358,600156,138787,1579921,2.6382611363944495,3.897180569381681,15.797624215952252,23.335898515694844
1955:Q4,1744755,565453,1179302,175816,46506,43368,3138,0,2318,0,0,820,73853,273490,265346,8144,0,1217,0,0,6927,609637,144426,1600329,2.6654741081589695,3.943518226200491,15.674977719872633,23.190831283782142
1956:Q1,1789615,577329,1212286,177315,48815,45534,3281,0,2365,0,0,916,74568,290435,281568,8867,0,1363,0,0,7504,621153,146184,1643431,2.727682065995533,4.026690973255207,16.228912031904386,23.95763582540974
1956:Q2,1805172,588163,1217009,178870,50121,46872,3249,0,2423,0,0,826,74829,281479,272443,9036,0,1348,0,0,7688,631710,151445,1653727,2.7765216949461378,4.118374510527607,15.592916146360682,23.12874720873088
1956:Q3,1827057,599569,1227488,183163,52124,48602,3522,0,2497,0,0,1025,75081,276108,267405,8703,0,1342,0,0,7361,641012,154832,1672225,2.852894744520039,4.24639748387994,15.112176005677593,22.49375175502882
1956:Q4,1869847,608073,1261774,187101,52704,49060,3644,0,2593,0,0,1051,75344,297054,287754,9300,0,1413,0,0,7887,649571,159599,1710248,2.8186269911561617,4.176977662541952,15.886544137653736,23.542575944306638
1957:Q1,1884166,619052,1265114,189263,55381,51600,3781,0,2687,0,0,1094,75288,283505,274211,9294,0,1403,0,0,7891,661677,160760,1723406,2.939284497190224,4.377550064119229,15.046710087862525,22.409442424804933
1957:Q2,1926428,630622,1295806,190649,56573,52610,3963,0,2772,0,0,1191,75287,300531,290571,9960,0,1590,0,0,8370,672766,165827,1760601,2.9366783858891368,4.365853539365723,15.60042585667453,23.19258886817245
1957:Q3,1927846,639377,1288469,195175,58986,54976,4010,0,2844,0,0,1166,75328,274196,264952,9244,0,1528,0,0,7716,684785,168970,1758876,3.0596835827014695,4.57798995470937,14.222917296348491,21.280753630039168
1957:Q4,1947673,643776,1303897,198138,59808,55721,4087,0,2907,0,0,1180,75453,275271,266362,8909,0,1498,0,0,7411,695227,172075,1775598,3.0707416604071063,4.586866086068881,14.133328778790874,21.111410085243897
1958:Q1,1980193,644343,1335850,201524,60448,56176,4272,0,2974,0,0,1298,76047,290157,280533,9624,0,1612,0,0,8012,707675,171210,1808983,3.052631490079274,4.525058405534359,14.652964453198317,21.720774413953034
1958:Q2,2011060,650043,1361017,202122,58962,54438,4524,0,3046,0,0,1478,76774,305719,294974,10745,0,1796,0,0,8949,717440,174780,1836280,2.931886225231099,4.332200617659261,15.201881294586789,22.46253588124846
1958:Q3,2068831,660430,1408401,210487,57572,52971,4601,0,3124,0,0,1477,77310,336010,323831,12179,0,2037,0,0,10142,727022,178356,1890475,2.7828274100622004,4.087755853900009,16.24153821397554,23.857549580854272
1958:Q4,2104823,670313,1434510,214964,58802,54143,4659,0,3206,0,0,1453,77911,347686,333702,13984,0,2312,0,0,11672,735147,184146,1920677,2.79367929855307,4.099100493448425,16.518539855731483,24.237268361026988
1959:Q1,2127881,674223,1453658,217079,61732,56944,4788,0,3260,0,0,1528,78234,354874,339992,14882,0,2427,0,0,12455,741739,186640,1941241,2.901101620687098,4.2466650079600115,16.677339735302812,24.41247647953737
1959:Q2,2162691,686600,1476091,220110,62867,57963,4904,0,3342,0,0,1562,78257,367534,351618,15916,0,2656,0,0,13260,747323,193675,1969016,2.9068881098911437,4.259020008691624,16.994292945117973,24.89914676816879
1959:Q3,2181981,697397,1484584,225937,66127,61011,5116,0,3417,0,0,1699,77996,361247,345702,15545,0,2684,0,0,12861,753277,199890,1982091,3.030595213525244,4.454245584206589,16.555921622035687,24.333220236180043
1959:Q4,2222380,706020,1516360,228073,69671,64358,5313,0,3514,0,0,1799,76515,381544,364772,16772,0,2905,0,0,13867,760556,206698,2015682,3.134972931722032,4.59462243573375,17.16826387250005,25.16184097572301
1960:Q1,2231531,720531,1511000,228284,75131,69706,5425,0,3577,0,0,1848,76522,360477,344367,16110,0,2826,0,0,13284,770585,207621,2023910,3.3667923142846554,4.972271407658319,16.1538006026326,23.856856427020105
1960:Q2,2256419,726936,1529483,230198,76053,70504,5549,0,3630,0,0,1919,76883,367368,350355,17013,0,3024,0,0,13989,778981,214480,2041939,3.3705174755141885,4.972464234967737,16.28101802617512,24.019095118820132
1960:Q3,2256352,734741,1521611,236950,75561,69857,5704,0,3698,0,0,2006,77909,342430,326084,16346,0,2921,0,0,13425,788761,219062,2037290,3.348812743250275,4.965855590305227,15.17626748813795,22.504439192019944
1960:Q4,2315199,737552,1577647,241999,74999,69154,5845,0,3802,0,0,2043,79315,382928,364813,18115,0,3309,0,0,14806,798405,224545,2090654,3.239419298460682,4.75385207854069,16.539745238215872,24.272097877724093
1961:Q1,2366505,736009,1630496,245183,73709,67790,5919,0,3828,0,0,2091,79890,424427,403502,20925,0,3816,0,0,17109,807287,225306,2141199,3.114677329302237,4.520648462414529,17.93475905037052,26.030542606156796
1961:Q2,2395370,748133,1647237,248915,73848,67904,5944,0,3908,0,0,2036,81431,425042,403359,21683,0,3919,0,0,17764,818002,231507,2163863,3.082947112024158,4.483142729511395,17.744312728699114,25.80332510070662
1961:Q3,2436081,759552,1676529,254476,74494,68371,6123,0,3963,0,0,2160,81787,435695,412972,22723,0,4132,0,0,18591,830076,235782,2200299,3.057944445403981,4.443347253007148,17.88507940425118,25.987920925161074
1961:Q4,2499221,769614,1729607,259771,75881,69387,6494,0,4045,0,0,2449,82589,468445,443622,24823,0,4571,0,0,20252,842921,242908,2256313,3.0361859691831032,4.387181374593316,18.74363986154609,27.083896878287923
1962:Q1,2513600,779404,1734196,264379,75876,69362,6514,0,4101,0,0,2413,83005,458251,433425,24826,0,4573,0,0,20253,852685,244235,2269365,3.018617831071619,4.3752830420039,18.230865296878967,26.42441018980367
1962:Q2,2425750,786518,1639232,269120,75648,69118,6530,0,4195,0,0,2335,84263,349162,329923,19239,0,3569,0,0,15670,861039,251334,2174416,3.1185446548871054,4.614849688459099,14.393994474202982,21.30035906680397
1962:Q3,2471417,793692,1677725,276819,77076,70279,6797,0,4237,0,0,2560,84956,368392,348575,19817,0,3850,0,0,15967,870481,257549,2213868,3.118706401017734,4.594092996715446,14.906105126554014,21.957832628252138
1962:Q4,2583843,803569,1780274,285976,76171,69232,6939,0,4341,0,0,2598,85161,453883,431479,22404,0,4377,0,0,18027,879083,265044,2318799,2.947974210546284,4.278612594957005,17.566196113171294,25.495117177898212
1963:Q1,2621471,813441,1808030,294112,72519,65500,7019,0,4419,0,0,2600,85257,468185,444237,23948,0,4702,0,0,19246,887957,267954,2353517,2.766343239242122,4.010933819830616,17.85961537228532,25.894738689581775
1963:Q2,2663306,817641,1845665,300241,71593,64641,6952,0,4506,0,0,2446,87139,491157,465592,25565,0,4990,0,0,20575,895535,277471,2385835,2.688138903688218,3.8790007420816495,18.441638148280713,26.611395699914723
1963:Q3,2712598,830885,1881713,307676,72275,65002,7273,0,4596,0,0,2677,87304,511894,485481,26413,0,5254,0,0,21159,902563,284988,2427610,2.6644215604325083,3.8409176812192034,18.87100087641201,27.20363849508415
1963:Q4,2716266,839163,1877103,316913,74097,66655,7442,0,4663,0,0,2779,87856,484859,457587,27272,0,5534,0,0,21738,913377,293999,2422267,2.727887328962579,3.9473955869971253,17.850211610926266,25.83018946267549
1964:Q1,2767083,843874,1923209,320018,75843,68234,7609,0,4763,0,0,2846,89168,515853,486613,29240,0,5938,0,0,23302,922327,297963,2469120,2.740892711414694,3.9435537006336667,18.642488056113788,26.822521164923963
1964:Q2,2821047,860173,1960874,327819,76305,68446,7859,0,4826,0,0,3033,88453,531944,501922,30022,0,6227,0,0,23795,936353,307560,2513487,2.7048555785304558,3.8913896091193125,18.856265000503143,27.12790814865752
1964:Q3,2874215,869241,2004974,338206,77377,69385,7992,0,4883,0,0,3109,89905,550562,518877,31685,0,6528,0,0,25157,948924,314372,2559843,2.6921000646273487,3.8592394828757337,19.155206789244705,27.45980036738917
1964:Q4,2927146,884104,2043042,345826,78024,69875,8149,0,5025,0,0,3124,90360,562568,530699,31869,79,6741,0,0,25049,966265,323363,2603783,2.6655158255667666,3.8189884884440173,19.218989975933802,27.535796551500795
1965:Q1,2974919,895205,2079714,351233,79620,71018,8602,0,5140,0,0,3462,90861,577146,544164,32982,80,6991,0,0,25911,980853,326858,2648061,2.6763729644312355,3.8284077801967924,19.40040159920884,27.75123251072645
1965:Q2,2981606,903703,2077903,357787,79303,70757,8546,0,5183,0,0,3363,91268,553696,521171,32525,78,6914,0,0,25533,995849,336463,2645143,2.659752349914258,3.816507966692041,18.57038401875724,26.646848739282937
1965:Q3,3066237,912541,2153696,369367,80999,72069,8930,0,5198,0,0,3732,91547,602515,566815,35700,87,7722,0,0,27891,1009268,343379,2722858,2.641634498194324,3.7609198084624746,19.64997057241033,27.975847382368013
1965:Q4,3155520,930933,2224587,380034,80486,71438,9048,0,5276,0,0,3772,92289,639972,601439,38533,229,8151,0,0,30153,1031806,352779,2802741,2.550647780198227,3.6180288604356687,20.281037095649708,28.76813415842324
1966:Q1,3165808,935818,2229990,384058,87702,78025,9677,0,5470,0,0,4207,92113,620386,581368,39018,228,8153,0,0,30637,1045731,355957,2809851,2.770292209147,3.9328487842262922,19.596464918443605,27.820145822582624
1966:Q2,3207748,971316,2236432,388431,89068,79074,9994,0,5530,0,0,4464,93987,593399,555687,37712,224,7974,0,0,29514,1071546,365653,2842095,2.7766531866715685,3.982595471355387,18.498944448330978,26.533314545160085
1966:Q3,3182950,979816,2203134,393357,95020,84603,10417,0,5609,0,0,4808,94629,531096,497826,33270,206,7342,0,0,25722,1089032,369544,2813406,2.9852876529184336,4.312956551997234,16.68563792727487,24.10636420659191
1966:Q4,3278048,1005985,2272063,400488,96719,86024,10695,0,5720,0,0,4975,95730,568254,531716,36538,515,7894,0,0,28129,1110872,376015,2902033,2.9505089836521528,4.256884429102115,17.335145376070866,25.010501861368816
1967:Q1,3384486,1013799,2370687,410113,95107,84641,10466,0,5761,0,0,4705,96510,641827,599333,42494,588,9099,0,0,32807,1127129,375805,3008681,2.8100948905113223,4.011802088834022,18.963808520748607,27.07347957988152
1967:Q2,3432980,1028915,2404065,421794,90241,80255,9986,0,5747,0,0,4239,97376,649258,605033,44225,595,9364,0,0,34266,1145395,383139,3049841,2.6286618760217673,3.7537020576558473,18.912381257784833,27.006685450909977
1967:Q3,3525600,1047817,2477783,433251,94279,84437,9842,0,5816,0,0,4026,98440,689164,641200,47964,633,10104,0,0,37227,1162648,389200,3136400,2.674123070542201,3.8049695345542074,19.547438598858875,27.813756654119263
1967:Q4,3614513,1074444,2540069,445875,97326,87305,10021,0,5842,0,0,4179,100037,712951,663676,49275,1058,10221,0,0,37996,1183881,410854,3203659,2.6926493549531125,3.831634386061148,19.724664492600283,28.068156213634683
1968:Q1,3629083,1104944,2524139,450725,100894,90165,10729,0,5978,0,0,4751,100278,659729,614634,45095,996,9656,0,0,34443,1212513,402456,3226627,2.7801464746300115,3.9971580326372735,18.178944421926428,26.136793289152177
1968:Q2,3780133,1130409,2649724,458177,101717,91551,10166,0,5979,0,0,4187,103108,750787,697727,53060,1158,11195,0,0,40707,1235935,415170,3364963,2.69084297849615,3.838793693955337,19.86139354024771,28.334537869645253
1968:Q3,3849442,1152240,2697202,470260,102684,92165,10519,0,6015,0,0,4504,105564,760937,705275,55662,1225,11774,0,0,42663,1257757,422768,3426674,2.6674907768964156,3.8070381984491246,19.76747167527948,28.212101202504904
1968:Q4,4031431,1200814,2830617,484971,100541,90473,10068,0,6077,0,0,3991,105878,850281,791494,58787,1946,12291,0,0,44550,1288946,436130,3595301,2.4939229650305585,3.5519035050284855,21.091300061195003,30.038723594675314
1969:Q1,4048457,1233241,2815216,482576,112566,101511,11055,0,6077,0,0,4978,100691,801536,745190,56346,1938,12163,0,0,42245,1317848,434905,3613552,2.780466278507196,3.9984845457709586,19.798551891500768,28.471556867545488
1969:Q2,4067465,1259294,2808171,488918,110506,99897,10609,0,6033,0,0,4576,102168,761913,707585,54328,1960,12185,0,0,40183,1344666,446316,3621149,2.7168163946260075,3.9351434786053234,18.73189265762575,27.13200839754873
1969:Q3,4094792,1278066,2816726,486112,125839,114569,11270,0,6151,0,0,5119,99453,739328,686177,53151,1938,11951,0,0,39262,1365995,452164,3642628,3.073137494713864,4.4675480064298005,18.055317839756462,26.24776774850122
1969:Q4,4123681,1308558,2815123,492052,132804,121674,11130,0,6202,0,0,4928,103989,693174,638984,54190,2774,12285,0,0,39131,1393104,463762,3659919,3.220513238146508,4.717509489333963,16.8096010603242,24.623234450555042
1970:Q1,4144259,1318182,2826077,489065,141870,130275,11595,0,6247,0,0,5348,100337,672254,614908,57346,2787,15335,0,0,39224,1422551,456221,3688038,3.42327805900672,5.02001581277143,16.221323512268217,23.787521531130054
1970:Q2,4087290,1356658,2730632,503472,135696,122876,12820,0,6267,0,0,6553,101115,529633,485261,44372,2234,12530,0,0,29608,1460717,462779,3624511,3.3199558313772597,4.969406975627214,12.95803764046064,19.395969678979682
1970:Q3,4221919,1362718,2859201,525253,137160,124805,12355,0,6465,0,0,5890,103437,616893,564921,51972,2755,14978,0,0,34239,1476457,469717,3752202,3.2487695225016733,4.797159100242778,14.611668656941557,21.575706981332424
1970:Q4,4353923,1390677,2963246,541812,135733,123668,12065,0,6619,0,0,5446,105936,676233,617731,58502,4006,16772,0,0,37724,1503532,478718,3875205,3.1174916514237405,4.5805576846096985,15.531579438583593,22.8206851874132
1971:Q1,4520246,1426998,3093248,565757,131523,119817,11706,0,6483,0,0,5223,105053,745298,677526,67772,4615,19215,0,0,43942,1545617,481470,4038776,2.909648621269842,4.251947245727974,16.48800094301471,24.094356165458777
1971:Q2,4608094,1460893,3147201,586950,128605,117233,11372,0,6301,0,0,5071,105296,742227,673299,68928,4742,19734,0,0,44452,1584123,495120,4112974,2.7908570077376025,4.086339199781595,16.107030383721472,23.58371979165998
1971:Q3,4680983,1490696,3190287,602006,133240,122312,10928,0,6219,0,0,4709,103970,728851,658901,69950,5015,20825,0,0,44110,1622221,507864,4173119,2.8464014640283564,4.176413373237478,15.570469085572586,22.845939386404932
1971:Q4,4818070,1517841,3300229,622731,129362,117695,11667,0,6387,0,0,5280,105466,782708,707587,75121,6477,22163,0,0,46481,1659961,524058,4294012,2.684933186571518,3.919787533104903,16.24526845385148,23.716791567041557
1972:Q1,4984361,1570853,3413508,641738,130994,118766,12228,0,6644,0,0,5584,105057,828032,748641,79391,7123,24058,0,0,48210,1707687,531304,4453057,2.6281042671472625,3.8375243860165886,16.612609608435182,24.25752101416579
1972:Q2,5069295,1600621,3468674,660025,128596,116026,12570,0,7071,0,0,5499,106601,823946,744860,79086,7303,24271,0,0,47512,1749507,551242,4518053,2.53675707270518,3.70734447450309,16.253653793816884,23.753907786974107
1972:Q3,5209748,1649560,3560188,683906,130266,116679,13587,0,7690,0,0,5897,105819,843306,764315,78991,7617,24841,0,0,46533,1796891,566693,4643055,2.5004252872877815,3.658959962338431,16.18707302695163,23.687111314295255
1972:Q4,5474765,1714199,3760566,708033,128743,114853,13890,0,8125,0,0,5765,108660,967299,882122,85177,8727,26954,0,0,49496,1847831,585391,4889374,2.3515710683968454,3.423500384225421,17.6683138529537,25.722156594416223
1973:Q1,5512448,1758656,3753792,729042,135147,120345,14802,0,8656,0,0,6146,106699,888845,812281,76564,8486,25565,0,0,42513,1894059,597513,4914935,2.4516610827003973,3.600267325180932,16.124327324315594,23.67859457242512
1973:Q2,5571140,1819083,3752057,746664,136233,121039,15194,0,8978,0,0,6216,109114,813795,744351,69444,8169,23900,0,0,37375,1946251,616421,4954719,2.445339084448123,3.630895470878121,14.607332296010226,21.689301501172004
1973:Q3,5772751,1891184,3881567,760116,147424,131476,15948,0,9498,0,0,6450,108140,861817,785638,76179,9216,26195,0,0,40768,2004071,635514,5137237,2.5537948644634563,3.798059217531092,14.929049986255158,22.20280755447114
1973:Q4,5752560,1943148,3809412,778900,149235,133185,16050,0,9826,0,0,6224,111158,714391,647173,67218,7924,23389,0,0,35905,2055728,651927,5100633,2.594239897191278,3.9175391512767783,12.418664677289362,18.753317737704954
1974:Q1,5787595,1944362,3843233,796820,157528,140679,16849,0,10203,0,0,6646,110372,678229,612434,65795,8373,24216,0,0,33206,2100283,656176,5131419,2.721829430400298,4.09885297645447,11.718671017236298,17.647362117039613
1974:Q2,5791142,1962169,3828973,813250,157250,140069,17181,0,10653,0,0,6528,114019,597082,537817,59265,7823,22141,0,0,29301,2147372,676967,5114175,2.7153585773995825,4.106852333497693,10.310255958570385,15.593777961717167
1974:Q3,5769441,2002021,3767420,822760,147842,129895,17947,0,11448,0,0,6499,140979,439258,395668,43590,5921,16570,0,0,21099,2216581,695386,5074055,2.562494668910691,3.9242139797553226,7.613525824031855,11.659382099941945
1974:Q4,5921236,2064417,3856819,842908,157944,138999,18945,0,12250,0,0,6695,142474,440087,391408,48679,6146,18689,0,0,23844,2273405,708576,5212660,2.6674210546139583,4.095196139600402,7.432357052559146,11.410631949959251
1975:Q1,6173941,2142403,4031538,859589,156505,136306,20199,0,13389,0,0,6810,138099,547548,485182,62366,7419,25731,0,0,29216,2329798,707900,5466041,2.5349357530237646,3.88202793534674,8.868687532189371,13.581603679206825
1975:Q2,6421357,2216133,4205224,888178,156321,134888,21433,0,14439,0,0,6994,141633,630227,556835,73392,8536,30802,0,0,34054,2388864,721930,5699427,2.4343932117110185,3.7173068534611566,9.814549327145421,14.986770133074604
1975:Q3,6437153,2228768,4208385,905665,172858,150147,22711,0,15475,0,0,7236,141151,550054,486024,64030,7431,27970,0,0,28629,2438656,742013,5695140,2.685320040951482,4.1074702595223975,8.544992407559453,13.07043542171564
1975:Q4,6627791,2286518,4341273,927696,184342,160803,23539,0,16309,0,0,7230,146407,593701,523873,69828,9276,30240,0,0,30312,2489127,765731,5862060,2.78134194513791,4.246255191838355,8.957750595642073,13.675734851815296
1976:Q1,6837643,2335041,4502602,951673,182117,157990,24127,0,17158,0,0,6969,148556,690486,610222,80264,10644,34626,0,0,34994,2529771,775261,6062382,2.663443073992613,4.044699633962508,10.09829739411162,15.335255396459472
1976:Q2,7041462,2420317,4621145,980486,186259,161421,24838,0,17954,0,0,6884,149373,709414,629097,80317,10834,34596,0,0,34887,2595613,802013,6239449,2.64517550946318,4.030581730289757,10.074810713175857,15.351475866678918
1976:Q3,7182194,2471455,4710739,1002585,190726,165644,25082,0,18111,0,0,6971,150101,719234,640103,79131,11069,34586,0,0,33476,2648093,827173,6355021,2.655537823566897,4.048746317388085,10.014131129680012,15.267971773293759
1976:Q4,7378551,2543119,4835432,1029651,193658,167885,25773,0,18285,0,0,7488,156853,744565,664031,80534,12179,35140,0,0,33215,2710705,855307,6523244,2.624608379961907,4.004979762452255,10.090934720308658,15.398102683665721
1977:Q1,7504884,2630011,4874873,1064559,195484,168855,26629,0,18505,0,0,8124,152609,682547,608789,73758,11512,33238,0,0,29008,2779674,872087,6632797,2.6047549600302795,4.010029329635164,9.094701621549742,14.001324810327262
1977:Q2,7723432,2742979,4980453,1088395,193348,164767,28581,0,19425,0,0,9156,155173,698901,622067,76834,11881,34491,0,0,30462,2844637,910820,6812612,2.503389220436908,3.882127956497154,9.049097140050256,14.032876989985784
1977:Q3,7901583,2839343,5062240,1121835,197776,167565,30211,0,19751,0,0,10460,154647,665485,591498,73987,11506,33733,0,0,28748,2922497,949004,6952579,2.502992861558442,3.906888271517403,8.422174510880648,13.146060191615986
1977:Q4,8096726,2947334,5149392,1146108,203508,171973,31535,0,20633,0,0,10902,161926,632844,559025,73819,10940,34611,0,0,28268,3005005,986838,7109888,2.5134657954686,3.9520867140520415,7.816051503737931,12.28968914554503
1978:Q1,8293126,3042463,5250663,1176761,209715,177279,32436,0,20844,0,0,11592,162192,596540,525569,70971,10565,34181,0,0,26225,3105456,1009747,7283379,2.528776357751114,3.9940594724029466,7.193186426802825,11.361231805521243
1978:Q2,8590832,3172605,5418227,1203902,213590,180140,33450,0,21826,0,0,11624,165449,637418,559106,78312,11524,38367,0,0,28421,3197869,1060106,7530726,2.4862510976896472,3.9420580681471926,7.419742544362333,11.76432098421525
1978:Q3,8884785,3288652,5596133,1236176,220431,186829,33602,0,22287,0,0,11315,170569,681815,594913,86902,12586,43231,0,0,31085,3287143,1107675,7777110,2.480988711417383,3.938979225530793,7.673957094795067,12.183673966312998
1978:Q4,9109819,3407984,5701835,1259215,221652,187727,33925,0,22767,0,0,11158,186139,649635,567841,81794,11466,42086,0,0,28242,3385193,1150198,7959621,2.433111607988134,3.8873812725110266,7.131153509828339,11.393440610983744
1979:Q1,9452510,3561950,5890560,1281851,234957,199668,35289,0,23553,0,0,11736,182671,692063,602005,90058,12197,48762,0,0,29099,3499018,1177742,8274768,2.4856614657138096,3.988710684301992,7.321475603321034,11.748682741652697
1979:Q2,9776165,3717513,6058652,1312035,251996,214404,37592,0,25048,0,0,12544,184391,704993,613786,91207,12337,49791,0,0,29079,3605238,1225297,8550868,2.5776522865690654,4.159267373826523,7.211343578040346,11.636133477692386
1979:Q3,10108520,3845262,6263258,1353202,259421,219897,39524,0,26743,0,0,12781,190606,749488,652390,97098,13174,53555,0,0,30369,3710541,1275704,8832816,2.566358870192892,4.141948137416785,7.41442074541996,11.9664270469735
1979:Q4,10426924,3961948,6464976,1375945,297369,258430,38939,0,28158,0,0,10781,197359,781657,684612,97045,12811,55139,0,2828,26267,3812646,1321171,9105753,2.8519371696656917,4.599697288183843,7.496520992359379,12.090633568694882
1980:Q1,10653723,4113142,6540581,1406373,311905,269806,42099,0,30730,0,941,10428,194898,715082,625258,89824,11954,47770,0,2492,27608,3912323,1350185,9303538,2.9276575151880335,4.7687585584485666,6.712037460575167,10.933002210365935
1980:Q2,11017964,4223728,6794236,1445181,319110,272982,46128,0,32836,0,1036,12256,193876,816604,715648,100956,13310,54454,0,2587,30605,4019465,1368434,9649530,2.8962681958260466,4.696772296544508,7.4115650665262045,12.019064231918975
1980:Q3,11445755,4369625,7076130,1495267,327682,279196,48486,0,34667,0,1081,12738,201148,919076,806795,112281,14419,60124,0,2951,34787,4132956,1404433,10041322,2.8629140118645267,4.630809934376567,8.029846063933082,12.988406487332348
1980:Q4,11812320,4451130,7361190,1542602,343167,293025,50142,0,36425,0,1103,12614,206057,1019225,896643,122582,17582,63961,0,3299,37740,4250138,1446883,10365437,2.90516481009419,4.661846388092783,8.628493768851467,13.845931346558318
1981:Q1,12013331,4514682,7498649,1582832,342138,289918,52220,0,37916,0,1197,13107,198549,1023058,899135,123923,17894,64608,0,3466,37955,4352072,1456128,10557203,2.8479847912869154,4.562659740936833,8.516026386780611,13.643236742904785
1981:Q2,12337703,4715758,7621945,1621648,350031,295043,54988,0,39682,0,1272,14034,201473,1001435,879520,121915,17863,63034,0,3409,37609,4447358,1493528,10844175,2.8370875991337385,4.592416256560224,8.116871111923576,13.138843812289602
1981:Q3,12474924,4842006,7632918,1685555,372459,315671,56788,0,41214,0,1284,14290,200749,844404,734663,109741,16392,57553,0,2951,32845,4529752,1524516,10950408,2.985658481270362,4.879636092341093,6.768808741869868,11.062659592911153
1981:Q4,12821146,4916768,7904378,1776255,386970,326314,60655,0,43822,0,1398,15435,207001,913544,795965,117579,16759,62109,0,3214,35497,4620609,1555995,11265151,3.018213187689655,4.895635243330475,7.125290080460534,11.55744113077622
1982:Q1,12970782,5030489,7940293,1828668,405753,341919,63833,0,46629,0,1424,15780,207176,789364,674492,114872,15505,63968,0,2929,32470,4709332,1560063,11410719,3.1282059886590488,5.1100479794197495,6.08570571394955,9.941240538396206
1982:Q2,13135389,5075194,8060195,1881494,426487,359863,66624,0,48914,0,1472,16238,210879,761081,645931,115150,14966,65386,0,2892,31906,4780254,1584275,11551114,3.2468566017813076,5.291277018293664,5.794129739949986,9.442469839040402
1982:Q3,13364436,5096982,8267454,1943559,464301,394732,69569,0,50550,0,1593,17426,204357,819583,686458,133125,16739,76350,0,3354,36682,4835653,1594249,11770187,3.474153653291117,5.6160099376208255,6.132569539545815,9.913370251950141
1982:Q4,13719363,5148139,8571224,2004698,466545,393597,72948,0,52509,0,1750,18689,217282,987777,837851,149926,20262,80568,0,4203,44893,4894922,1628952,12090411,3.400629034043005,5.443150769414954,7.199875590803803,11.524340929120012
1983:Q1,14052960,5221901,8831059,2061775,487865,410364,77500,0,54464,0,1895,21141,208932,1087618,916878,170740,21955,91192,0,4738,52855,4984869,1622139,12430821,3.4716151063426,5.524418880732256,7.73942476741455,12.315830816900581
1983:Q2,14401786,5290283,9111503,2099980,523689,440976,82713,0,56382,0,2019,24312,211348,1220735,1022313,198422,24360,103363,0,5421,65278,5055752,1673239,12728547,3.6362780318332675,5.747558579709889,8.476271938409637,13.39772951272344
1983:Q3,14618899,5365336,9253563,2156105,570017,482702,87315,0,60029,0,2057,25229,212501,1186914,988741,198173,24327,101014,0,5490,67342,5128026,1731052,12887847,3.8991795441139137,6.159974497855425,8.11903917157725,12.82656355732666
1983:Q4,14784411,5444411,9340000,2200729,567431,476016,91415,0,62296,0,2164,26955,215849,1128722,930005,198717,24771,99766,0,5513,68667,5227269,1793652,12990759,3.8380372746807128,6.075280555392932,7.634538335690948,12.084812882408407
1984:Q1,15052139,5648683,9403456,2263701,572924,476061,96863,0,64207,0,2393,30263,211993,1067737,867350,200387,23606,105155,0,5250,66376,5287101,1826024,13226115,3.8062620886290794,6.0926946179159875,7.093588078968124,11.354726738223254
1984:Q2,15346851,5826507,9520344,2343155,626689,528482,98207,0,63429,0,2457,32321,213002,997258,805710,191548,22673,99837,0,4877,64161,5340240,1891030,13455821,4.083505241065179,6.582634599019011,6.498125685876986,10.475017036459153
1984:Q3,15735716,5993672,9742044,2394119,669016,562139,106877,0,67611,0,2692,36574,217863,1051005,839090,211915,24466,109989,0,5310,72150,5410040,1946767,13788949,4.251576465719947,6.867306309080224,6.679107655564298,10.78834604338127
1984:Q4,16088408,6150304,9938104,2503632,671682,557401,114281,0,71967,0,2849,39465,214585,1056894,835651,221243,23848,116578,0,5441,75376,5491311,2013847,14074561,4.174946097944049,6.758656911812295,6.569289856175392,10.634766353990239
1985:Q1,16565447,6324809,10240638,2548692,756236,630574,125662,0,72631,0,3416,49615,225828,1140721,882999,257722,25860,143816,0,5671,82375,5569160,2088085,14477362,4.565141239221771,7.3846577192586,6.886149208363592,11.139163553278696
1985:Q2,16979490,6521392,10458098,2591197,785819,644208,141611,0,74237,0,3880,63494,242922,1198737,934893,263844,27184,135656,0,5817,95187,5639423,2163678,14815812,4.6280471993820615,7.5139745119778665,7.059913708570871,11.462288385919583
1985:Q3,17277106,6732066,10545040,2628645,832508,676119,156389,0,75357,0,4162,76870,236561,1122510,865657,256853,25449,128524,0,5284,97596,5724817,2255688,15021418,4.8185594132185585,7.894778999269899,6.497092221815446,10.644905007998469
1985:Q4,17890656,6937161,10953495,2654047,900876,710160,190717,0,81155,0,5380,104182,253306,1330251,1014295,315956,33327,166673,0,5694,110262,5815014,2369161,15521495,5.035456082883406,8.224554266566585,7.435453870256116,12.144539212713449
1986:Q1,18410255,7076987,11333268,2707029,934515,710590,223925,0,85769,0,6519,131637,255697,1501638,1145443,356195,36439,177716,0,6702,135338,5934388,2393253,16017002,5.076058434420419,8.245770673562793,8.1565322283734,13.249826635293749
1986:Q2,18855533,7264499,11591034,2767522,976006,725203,250803,0,85700,0,7210,157893,250757,1559569,1189856,369713,38532,178610,0,6662,145909,6037180,2458951,16396582,5.176230746504459,8.420352297714436,8.27114802863091,13.454960514395706
1986:Q3,19127229,7464725,11662504,2837033,1006079,724451,281628,0,87754,0,7509,186365,254381,1410787,1069515,341272,35222,158061,0,5732,142257,6154223,2545440,16581789,5.259931331625725,8.626613351682886,7.375805930512443,12.096778818577166
1986:Q4,19784550,7644160,12140390,2934556,1073733,758333,315401,0,97154,0,7964,210283,269635,1587969,1230927,357042,38285,159076,0,5827,153854,6274496,2632598,17151952,5.427131361528339,8.844308389144603,8.026308591911228,13.080049787723055
1987:Q1,20416539,7820609,12595930,2923325,1138890,771169,367721,0,111135,0,9560,247026,273617,1882192,1449383,432809,47209,187197,0,7392,191011,6377907,2638075,17778464,5.578270921915944,9.041728891927105,9.218956801942928,14.942857605224669
1987:Q2,20799582,8009484,12790098,2966795,1190790,828690,362100,0,110476,0,9626,241998,275079,1889659,1421873,467786,49449,207452,0,8068,202817,6467774,2731360,18068222,5.7250681926975275,9.310251344320115,9.085083483494943,14.774393573749716
1987:Q3,21294417,8195217,13099200,3017089,1240367,884211,356156,0,113396,0,9722,233038,276956,1982852,1481749,501102,53345,229469,0,8742,209546,6581937,2809137,18485280,5.824845100106226,9.469027067153782,9.311604401069715,15.137198088022883
1987:Q4,21296658,8330141,12966517,3097550,1235761,891614,344147,0,111020,0,8369,224758,288410,1599770,1189960,409810,43188,195436,0,6145,165041,6745026,2877269,18419389,5.802603603292908,9.530397739150711,7.511836618351836,12.33770142144174
1988:Q1,21849203,8514062,13335141,3178215,1235634,894226,341408,0,104181,1,8663,228563,295867,1730805,1295822,434982,45906,208065,0,6610,174401,6894620,2922185,18927018,5.655282549353881,9.26600005436474,7.921592329584028,12.9792763342951
1988:Q2,22368853,8751511,13617342,3202312,1272541,926434,346107,0,105423,2,8957,231725,300460,1824772,1376542,448231,47150,213548,0,6979,180554,7017257,3007998,19360855,5.688896171242549,9.34500162424322,8.157648755996652,13.400357218708706
1988:Q3,22770911,8929484,13841427,3243284,1320451,973617,346834,0,104845,4,9045,232940,303954,1834912,1405668,429244,48598,201022,5,6714,172905,7138827,3089056,19681855,5.798848141588399,9.539843942611748,8.058138189954208,13.256663896548629
1988:Q4,23340095,9094409,14245686,3308036,1407963,1063083,344880,0,105029,7,9211,230633,307509,1949537,1525881,423656,46288,198810,7,6857,171694,7272642,3163638,20176457,6.032378624904138,9.883433446310313,8.352736140616992,13.685101163836642
1989:Q1,23818640,9256889,14561751,3341619,1443391,1100640,342751,0,102381,12,9504,230854,312964,2043750,1593387,450363,48684,216496,18,7322,177843,7420026,3208293,20610346,6.059923932182604,9.912211002761468,8.580465553058062,14.03505819803334
1989:Q2,24329827,9431993,14897834,3358176,1476712,1121750,354962,0,106468,17,9760,238717,323035,2166935,1675815,491119,53059,232862,27,8059,197112,7572977,3296740,21033087,6.069555977457528,9.912262814392147,8.906493912673772,14.545299317626077
1989:Q3,24955453,9674610,15280843,3415097,1513349,1148622,364727,0,113204,22,10285,241216,320107,2341190,1808312,532878,58433,250771,42,9146,214486,7691101,3381112,21574341,6.064200088589917,9.903567512176444,9.381476895302923,15.321079192517203
1989:Q4,25436731,9817681,15619050,3473737,1527729,1164669,363060,0,117914,30,10293,234823,341485,2422761,1886378,536383,51354,261044,55,9404,214526,7853339,3464612,21972119,6.005994302173293,9.781187788880468,9.524654608379322,15.51157571279625
1990:Q1,25550366,9869598,15680768,3502334,1535034,1162877,372157,0,120400,43,10340,241374,378576,2278498,1773060,505439,48982,247176,89,8594,200598,7986325,3532855,22017511,6.007876263885321,9.789280589957693,8.917674266813712,14.530528222168963
1990:Q2,25917776,9968788,15948988,3492120,1589150,1203834,385316,0,129418,58,10596,245244,387586,2369696,1831014,538682,56069,254273,123,9452,218765,8110436,3605963,22311813,6.131505455106918,9.963954155858394,9.143130562802712,14.857971575792291
1990:Q3,25853010,10074386,15778624,3529812,1636727,1251280,385447,0,129954,76,9819,245598,400623,1967695,1506352,461344,48281,227798,142,7117,178006,8243766,3669545,22183465,6.330895005707796,10.37306501507545,7.611087306375762,12.470638573735847
1990:Q4,26369586,10083770,16285816,3579399,1721179,1310346,410834,12697,133050,134,10373,254580,427160,2217433,1705347,512086,55779,252460,340,7967,195540,8340645,3736231,22633355,6.527138679149946,10.568579659608261,8.4090543373133535,13.615730413352367
1991:Q1,26902945,10111638,16791307,3639700,1733952,1283016,450937,13805,143283,186,11884,281779,436526,2564513,1997328,567185,54125,289431,449,9031,214149,8416615,3762152,23140793,6.445214208823523,10.326488844246775,9.532462925571854,15.272862758285566
1991:Q2,27056088,10181563,16874525,3573035,1801279,1325136,476143,15892,148023,223,12118,299887,439011,2546650,1967421,579229,66135,285971,474,8803,217846,8514551,3827516,23228572,6.657572926555459,10.674545087440439,9.41248294037305,15.091682004865396
1991:Q3,27430096,10251935,17178161,3554756,1847890,1340423,507467,17088,153710,287,12753,323629,452991,2721866,2093154,628712,71107,305359,669,9538,242039,8600658,3869727,23560370,6.736724589339681,10.757205052753124,9.922918959788836,15.84492175043227
1991:Q4,28081777,10308658,17773119,3570741,1914309,1346871,567437,20655,162697,364,14182,369539,477762,3145593,2460159,685434,79730,335026,1045,9966,259667,8664714,3953577,24128200,6.816907662184786,10.770809630291005,11.201546335961067,17.698600175970807
1992:Q1,28120883,10376639,17744244,3454198,1939281,1393715,545565,20075,162527,449,12652,349862,464225,3083883,2384657,699226,56790,333621,1385,10729,296701,8802657,3973908,24146976,6.896229248449745,10.92906834706687,10.966523534499153,17.37962601304205
1992:Q2,28285217,10441605,17843612,3409233,1966599,1383610,582989,22317,165632,533,13104,381403,471484,3071950,2349068,722882,59087,345874,1696,10504,305721,8924345,4018011,24267206,6.952746065349272,11.021307390044436,10.860620374519169,17.215965385346234
1992:Q3,28737310,10565838,18171472,3395883,2029265,1408439,620826,24464,175266,661,13372,407063,473610,3193386,2433807,759579,62573,362600,2001,10572,321833,9079327,4085869,24651441,7.061429739444847,11.167311919152564,11.1123350536648,17.57362407802755
1992:Q4,29411576,10665051,18746525,3413925,2059842,1410803,649039,26908,182700,744,13966,424721,477652,3604936,2769023,835913,71288,388484,2415,11898,361828,9190170,4159136,25252440,7.003507266957443,10.987859651491275,12.25686221362369,19.229891058494154
1993:Q1,29759037,10695110,19063927,3354320,2151449,1441063,710386,31150,192850,858,14830,470698,497853,3738031,2828900,909131,78085,424539,2929,12327,391251,9322274,4167217,25591820,7.229565490449364,11.285445358918727,12.560994027187736,19.607874350789043
1993:Q2,30114065,10834811,19279254,3341317,2166657,1419885,746772,34668,194341,1001,14875,501887,516792,3806356,2828075,978281,84901,444220,3293,12835,433032,9448132,4235597,25878468,7.194833502325312,11.238281527374227,12.639794296240773,19.743273656484682
1993:Q3,30636958,10984907,19652051,3347194,2216950,1425446,791504,39478,209352,1202,14322,527150,514599,3992665,2923630,1069035,96739,464959,3779,13319,490239,9580644,4322616,26314342,7.236194215000152,11.281009712917795,13.032183816873339,20.316783636614314
1993:Q4,31185413,11136596,20048817,3349602,2303790,1478849,824941,44422,214273,1311,14893,550042,519813,4179194,3059332,1119862,105667,473489,4398,14138,522170,9696418,4416834,26768579,7.387396719236518,11.490903393722569,13.401119311055576,20.845092422084573
1994:Q1,31387094,11248766,20138328,3340810,2358930,1581847,777082,43599,214345,1407,13638,504093,525830,4042126,2922364,1119762,109066,463496,4792,14288,528120,9870632,4449715,26937379,7.5156037077236295,11.713631937098985,12.878306105062853,20.071805746353263
1994:Q2,31685356,11403893,20281463,3293408,2424067,1664672,759395,44835,221911,1405,13167,478077,523942,4009396,2863951,1145445,114444,478311,5179,14675,532836,10030650,4535862,27149495,7.650433429579626,11.9521311218519,12.653780933321146,19.768768697142185
1994:Q3,32175700,11554846,20620854,3311164,2453547,1695224,758323,45460,227652,1439,13154,470618,524657,4153728,2914527,1239201,125336,512410,5832,16196,579427,10177758,4625640,27550060,7.625465250875756,11.89837647979429,12.909518946097382,20.143337034558414
1994:Q4,32516176,11662710,20853466,3333874,2538479,1821825,716654,45335,227719,1411,12820,429369,526345,4157544,2964718,1192826,124616,501541,6179,16250,544240,10297223,4746725,27769451,7.806818927407601,12.172935622144124,12.786079755439605,19.93694578673302
1995:Q1,33109903,11759563,21350340,3381954,2525496,1793818,731677,47912,238397,1502,13252,430614,531445,4471307,3180914,1290393,136988,542671,7171,18020,585543,10440139,4777498,28332405,7.627613821318545,11.828830534035541,13.50443865770199,20.94255426156611
1995:Q2,33796079,11881627,21914452,3454010,2503735,1763156,740579,54057,243426,1643,13418,428035,533829,4813223,3392418,1420805,157199,584432,8508,20385,650281,10609656,4870353,28925727,7.408359356350334,11.425040286546835,14.241955402527374,21.963690799313316
1995:Q3,34373234,11818659,22554575,3465451,2563482,1799215,764267,58237,248783,1732,14074,441441,535264,5228340,3657583,1570757,175566,646636,9946,22821,715788,10762039,4984774,29388460,7.4577853703615125,11.36568526347894,15.210497429836591,23.18083960628889
1995:Q4,35185393,11929586,23255807,3512158,2647520,1851096,796423,63312,259647,1907,14839,456718,555829,5618732,3981393,1637339,183950,685577,11459,23801,732552,10921569,5080532,30104861,7.524484985518557,11.384337776628199,15.968932766565267,24.160553831488066
1996:Q1,35827774,12072254,23755520,3625497,2647615,1841864,805751,65558,267533,1972,14723,455965,566452,5888896,4101021,1787875,204594,731930,13121,26219,812011,11027060,5151998,30675775,7.389839617662189,11.145262435968768,16.43667758742875,24.789588782070588
1996:Q2,36419721,12204236,24215485,3613454,2736263,1919703,816560,68153,268037,1961,14611,463798,560962,6151624,4235968,1915656,222758,760015,14964,28033,889886,11153181,5253090,31166631,7.513135434332213,11.299641370451653,16.89091534620876,25.403679661976103
1996:Q3,36832516,12338514,24494002,3657507,2766108,1934419,831689,71953,272377,2040,14726,470593,559257,6233186,4220792,2012394,237173,796917,16362,29187,932755,11277943,5352206,31480310,7.509963329680682,11.293003255311334,16.923053553366795,25.447807196697088
1996:Q4,37673753,12485026,25188727,3697470,2808217,1961510,846707,75322,279998,2112,27093,462182,599132,6611692,4454640,2157052,261404,844040,18778,57192,975638,11472215,5453533,32220220,7.454041323756385,11.148705951849813,17.549863651422083,26.248616132726525
1997:Q1,38016727,12648181,25368546,3752343,2699757,1851089,848668,77134,285095,2076,27965,456398,588506,6660996,4477073,2183923,272330,839358,20177,60742,991316,11666945,5495991,32520736,7.1014979752571135,10.642143595090834,17.521223457080133,26.256907576625704
1997:Q2,39499861,12803878,26695983,3765308,2740966,1864913,876053,82501,295667,2140,28738,467007,603756,7716699,5156116,2560583,325831,983216,24842,71112,1155582,11869254,5592989,33906872,6.939177891556139,10.267333571032273,19.536016684799215,28.90584491228601
1997:Q3,40659409,12979568,27679841,3823331,2813936,1890300,923637,88996,309333,2222,29780,493306,605729,8377154,5498744,2878410,369238,1100382,27943,78613,1302234,12059691,5714580,34944829,6.92075096065413,10.166013734582078,20.603236580746902,30.26445934082852
1997:Q4,41375287,13201253,28174034,3899973,2865208,1910371,954837,92910,316189,2361,31752,511625,624625,8503544,5653021,2850523,360729,1077267,29946,80789,1301792,12280684,5811619,35563667,6.924925053813458,10.169674768780824,20.552230881573195,30.182204459150707
1998:Q1,43060878,13418176,29642702,3953325,2913479,1912782,1000698,99728,329888,2464,32717,535901,648705,9679009,6366038,3312971,425925,1237044,35224,92912,1521866,12448185,5868440,37192438,6.76595412457303,9.82865611326412,22.477500062514387,32.65224894120432
1998:Q2,43908953,13731033,30177920,3963165,3059994,2022784,1037210,105859,333277,2551,34303,561220,661175,9817847,6419595,3398252,447970,1231020,37848,96852,1584562,12675739,6008934,37900019,6.968952499822878,10.139844249572427,22.359556102833565,32.53321304429487
1998:Q3,43371028,14005198,29365830,4035910,3136778,2079371,1057407,107174,337849,2802,37233,572349,698189,8630629,5692228,2938401,391441,1050928,34445,89272,1372315,12864324,6125773,37245254,7.232427728808344,10.681728595860603,19.89952510137432,29.390038074313217
1998:Q4,45556482,14291826,31264656,4205588,3033246,1967219,1066027,112775,343874,2963,37273,569142,693694,10320776,6735696,3585080,480350,1314549,42960,107393,1639828,13011352,6273242,39283240,6.658208866486494,9.701836234841299,22.654902258022332,33.01100281338176
1999:Q1,45953708,14495642,31458066,4248047,3029123,1957294,1071828,114874,353638,2949,38534,561833,692364,10413905,6701720,3712185,509851,1356416,46203,115514,1684201,13074627,6361674,39592034,6.5916824968489305,9.629080590989918,22.661728957502625,33.10408451366946
1999:Q2,47243430,14829386,32414044,4199893,2988347,1898252,1090095,118462,362214,2895,39601,566923,694126,11268304,7235367,4032937,566907,1450076,50782,128310,1836862,13263374,6518164,40725266,6.325423053963706,9.219296497727482,23.85157889851986,34.76364757399143
1999:Q3,47418057,15225278,32192779,4262025,2932550,1855581,1076969,116157,365722,2828,41505,550757,716549,10748087,6932666,3815421,538129,1358053,48476,131101,1739662,13533568,6679999,40738058,6.184458019624628,9.10934044262493,22.666654879296647,33.386640403378635
1999:Q4,50142891,15539085,34603806,4441374,2770181,1701747,1068435,121177,364735,2669,39134,540720,763459,12843913,8247987,4595926,693098,1563441,56909,154042,2128436,13784879,6852860,43290032,5.524574656204238,8.005424142107,25.614623381145,37.11705193016328
2000:Q1,51353901,15953871,35400030,4555821,2644563,1581087,1063476,123028,366542,2512,36462,534932,771675,13587837,8595167,4992670,775199,1658702,60405,159428,2338936,13840134,6959704,44394197,5.1496818852615744,7.470509320627981,26.459211555178992,38.383688729423724
2000:Q2,51568848,16539940,35028908,4534014,2605032,1557018,1048014,122482,363398,2477,36260,523397,755264,12987098,8175537,4811561,744843,1624913,60060,154313,2227432,14147500,7106354,44462494,5.051560937141407,7.436805563158999,25.183998487444182,37.07537182754369
2000:Q3,52415261,17066897,35348364,4589608,2596679,1533442,1063237,126179,368966,2559,36048,529485,771472,12916212,8083600,4832612,751465,1642859,60715,151550,2226023,14474393,7291688,45123574,4.954051776325883,7.34596700944775,24.642083386090857,36.5397738601221
2000:Q4,52009035,17550012,34459023,4773733,2723159,1662908,1060250,127183,376093,2873,37230,516871,830815,11452847,7106238,4346609,677941,1518391,56576,140676,1953025,14678469,7429652,44579383,5.235934199146279,7.902600314241844,22.02087971868566,33.236134062406954
2001:Q1,51887263,18303982,33583281,5095733,2699529,1596694,1102835,129147,388440,3979,40143,541126,811091,10135877,6340942,3794935,568842,1354037,49059,125897,1697100,14841052,7484755,44402509,5.202680536146062,8.038310874149362,19.53442120486403,30.181316976957685
2001:Q2,53372289,18746159,34626130,5128263,2664118,1532651,1131466,134116,382886,4249,39566,570649,818294,10917426,6789006,4128420,619970,1454071,52733,129785,1871861,15098028,7687447,45684841,4.991574707372685,7.693951617915099,20.45523350673549,31.529444345793728
2001:Q3,52575310,19178474,33396836,5254515,2740498,1615103,1125395,130860,377049,5801,42285,569400,911971,9133736,5687190,3446546,501126,1250981,43796,114107,1536536,15356116,7942034,44633276,5.212518563140118,8.205860523512372,17.372672213400868,27.349106459198303
2001:Q4,54234102,19534642,34699460,5413745,2699239,1553317,1145923,137787,370826,8217,40679,588414,870871,10295373,6409758,3885615,580708,1370620,49091,121903,1763293,15420232,8071875,46162227,4.977014976298071,7.778908864728533,18.983209429624548,29.670124927560764
2002:Q1,55046517,19995416,35051101,5483431,2697965,1511474,1186492,145038,396968,7963,40432,596091,864126,10402624,6437442,3965182,606605,1425542,50618,119571,1762846,15602955,8206859,46839657,4.90124591790191,7.697233727512684,18.89787866451865,29.678451453267087
2002:Q2,54633921,20398559,34235362,5439749,2847993,1621038,1226955,144814,407843,8541,42204,623553,837048,9302788,5786301,3516487,523222,1251303,44338,107617,1590007,15807784,8396768,46237152,5.212866029405537,8.318863740780753,17.027495295504874,27.17303924770991
2002:Q3,53761569,20847478,32914091,5530540,2962395,1675865,1286529,147632,437030,10171,46309,645387,838291,7519541,4683084,2836457,408497,1039904,35591,90547,1261918,16063325,8619782,45141786,5.510245636539803,9.000383794385748,13.986833662744719,22.845963562522435
2002:Q4,54941700,21314880,33626820,5650278,3047245,1738131,1309115,153854,446529,11047,45101,652584,832222,8025610,4981172,3044438,453375,1117177,39036,92754,1342096,16071465,8868134,46073566,5.546325234879256,9.061949232581352,14.607501687195995,23.866692467250942
2003:Q1,55367294,21773693,33593601,5787923,3012306,1658492,1353814,158555,451343,12152,48854,682910,848244,7620389,4647126,2973263,428369,1114842,37454,92973,1299625,16324740,9057767,46309528,5.440586511657152,8.966902693230852,13.763339251955234,22.68404767423069
2003:Q2,57688171,22219341,35468830,5838169,3075630,1639475,1436155,171016,467189,12377,50083,735490,948568,9011850,5480780,3531070,504288,1310750,46052,106467,1563513,16594613,9445804,48242367,5.331473641624728,8.671359151065767,15.621660793866141,25.40780286751182
2003:Q3,58850708,22665435,36185273,5798448,3043295,1617090,1426206,173423,460636,10559,50208,731380,949796,9559404,5824651,3734753,548705,1347272,51171,114834,1672771,16834330,9702811,49147897,5.171212748580337,8.410314652872266,16.243482053232167,26.417941354950198
2003:Q4,61032388,23176466,37855922,5823416,3216613,1768693,1447921,179849,465864,10072,49983,742153,946094,10813764,6546967,4266797,631117,1528897,62138,129016,1915629,17056034,9961939,51070450,5.270338436787334,8.496988658172764,17.718074499284572,28.565580725182567
2004:Q1,63724813,24019848,39704965,5926897,4019924,2589263,1430661,177359,452715,9814,48655,742118,969093,11302661,6831173,4471488,660432,1561394,66566,134322,2048774,17486389,10156744,53568069,6.308256044346185,10.12448783417803,17.736672325914764,28.466619287508344
2004:Q2,64923782,24779941,40143841,5964388,3871484,2428444,1443039,182387,461584,8993,50497,739578,1002658,11328340,6814896,4513444,675429,1586511,68678,139513,2043313,17976971,10473303,54450479,5.963121310191404,9.64402954243348,17.448675380387126,28.219372387610182
2004:Q3,66511773,25654119,40857654,5958543,4080833,2587504,1493329,187950,468963,9457,52467,774492,997958,11249865,6735788,4514077,675736,1561271,68803,140106,2068161,18570454,10753841,55757932,6.135505255261508,9.987928664534152,16.914096435547695,27.534291243321785
2004:Q4,69050343,26439255,42611088,6094117,4195911,2680674,1515237,192433,479578,9733,51623,781870,1061150,12311497,7261613,5049884,760083,1751152,79884,152284,2306481,18948413,11110438,57939905,6.076597321272077,9.846994054900689,17.829740560949215,28.89270755024044
2005:Q1,70158389,27235594,42922795,6183658,4123311,2611742,1511569,189672,486665,9577,51951,773704,1051224,12288474,7305814,4982660,746638,1722210,80842,153084,2279886,19276128,11320235,58838154,5.87714557935144,9.606342400946392,17.51533026252495,28.629248245717392
2005:Q2,72045272,28053912,43991360,6224347,4311748,2750045,1561704,199116,509696,10002,53415,789475,1057502,12696864,7567615,5129249,791299,1783919,82908,156597,2314526,19700898,11655898,60389374,5.984776149557371,9.801352490789595,17.623452105526813,28.862176608492128
2005:Q3,74138997,28969713,45169284,6349345,4144288,2549938,1594350,202214,528198,9948,53468,800522,1055255,13415978,7986151,5429827,829277,1890809,88813,164095,2456833,20204417,12017679,62121318,5.589890051299965,9.175014647502364,18.095710250751466,29.701551387221357
2005:Q4,75844841,29772985,46071856,6494574,4245483,2631976,1613507,204403,546162,10257,53927,798758,1055548,13714722,8108687,5606035,853838,1980544,93102,169402,2509149,20561530,12317806,63527035,5.59758933437346,9.214915796717712,18.08260307405215,29.768111727958757
2006:Q1,78148959,29972921,48176038,6724744,4269113,2696967,1572146,206060,491647,10034,53519,810886,1141324,15105972,9324547,5781425,874434,1925275,101060,178354,2702302,20934885,12678065,65470894,5.462789602210116,8.861486726833027,19.329716408422975,31.355779347128227
2006:Q2,78789624,30495905,48293719,6825410,4276437,2693388,1583049,207364,496345,9861,55117,814362,1169821,14707375,9035328,5672047,859028,1888130,98868,179144,2646877,21314676,13036856,65752768,5.4276653712002405,8.855058664598939,18.666639419176086,30.454012143929788
2006:Q3,80288874,30889966,49398908,6982303,4342832,2690773,1652059,217927,515651,10378,57280,850823,1166872,15213521,9323885,5889636,896909,1952044,105248,185157,2750278,21693379,13365146,66923728,5.409009115207311,8.791353289073255,18.94848017421712,30.797282821025227
2006:Q4,81974258,31072858,50901400,7169594,4218207,2501544,1716662,230195,525917,11104,58300,891146,1170793,16384590,10009178,6375412,974609,2089525,116666,196162,2998450,21958217,13632368,68341890,5.145769704156115,8.287014755466112,19.987481423974312,32.18887805089669
2007:Q1,83165182,30942325,52222857,7436024,4402164,2630191,1771973,233568,536353,11394,59272,931386,1193674,17037451,10464927,6572524,987403,2121886,119001,200087,3144147,22153543,13818773,69346409,5.293277741867954,8.429573420092304,20.48627885330341,32.624509825449735
2007:Q2,84167381,30979944,53187437,7493750,4355140,2539087,1816053,240076,544673,11194,60920,959190,1247907,17597250,10563437,7033813,1054491,2251806,129098,214895,3383523,22493390,14114475,70052906,5.174379626001799,8.18828668306772,20.907446148545947,33.08535037027736
2007:Q3,85267097,30889297,54377800,7756664,4876733,3003851,1872882,249749,561460,11783,62237,987653,1275753,17756258,10562269,7193989,1086722,2290850,130417,218505,3467495,22712391,14355760,70911337,5.719361229570281,8.96824309891111,20.824278944569773,32.653505949032294
2007:Q4,84615881,30589953,54025928,8117741,4955030,3013159,1941871,259507,578345,12864,64285,1026870,1390072,16807591,9863725,6943866,1042850,2197628,127761,210657,3364970,22755494,14552350,70063531,5.855910684784836,9.171578564587211,19.863400106722203,31.110231088732277
2008:Q1,82590528,29786504,52804024,8533817,5047093,3094942,1952151,255197,587583,15070,63315,1030986,1490810,15324040,9040851,6283189,942607,1989868,109491,187532,3053691,22408264,14673157,67917371,6.110982796740524,9.558159740131716,18.55423388605593,29.02059083414198
2008:Q2,81417607,29296106,52121501,8334404,5155780,3164154,1991626,258008,596037,14413,64277,1058891,1490680,14662071,8427317,6234754,910043,1967103,109307,185894,3062407,22478566,14629713,66787894,6.332512208534659,9.891848502722421,18.008476796099064,28.13056151581031
2008:Q3,79091680,28727686,50363994,8490402,5284007,3370707,1913300,245610,587108,14188,61818,1004576,1485351,12721848,7361811,5360037,793655,1735397,94676,158623,2577686,22382387,14745904,64345776,6.680863502051319,10.491636489396425,16.084938171062696,25.259807238000125
2008:Q4,75696534,28114422,47582112,8993384,5415373,3632738,1782635,226644,580651,13870,57509,903961,1265385,9840141,5820897,4019244,609453,1337514,73242,119569,1879466,22067830,14489891,61206643,7.154056776731434,11.381111036893547,12.999460459052003,20.680336698665826
2009:Q1,73715264,27449764,46265500,8893405,5746940,3902179,1844761,234078,601451,13507,58568,937157,1191924,8725135,5135291,3589844,546979,1195262,63949,104913,1678741,21708096,14394815,59320449,7.7961324391661755,12.42165245625134,11.836266850986906,18.858837295243898
2009:Q2,74081114,26696351,47384763,8761910,5581626,3548793,2032833,257254,644216,13841,63904,1053618,1200753,10549563,6201326,4348237,652918,1408828,80373,126154,2079964,21290911,14373474,59707640,7.53447888483257,11.779368577701021,14.240557236807676,22.263619688667145
2009:Q3,75885751,26331532,49554219,8579522,6066722,3798443,2268279,287985,700642,14902,70376,1194374,1218265,12393658,7257436,5136222,763227,1635806,96518,146939,2493732,21296051,14369533,61516218,7.994547567590366,12.242595288983745,16.331996302314874,25.010298494062962
2009:Q4,75986545,26042780,49943765,8714806,6007839,3624617,2383222,302878,724380,16257,73866,1265841,1218727,12779322,7356221,5423101,813197,1707689,105253,154213,2642749,21223071,14361609,61624936,7.9064511910336694,12.029207442709065,16.8178744409464,25.587421651954834
2010:Q1,77136690,25984906,51151784,8475619,6452213,3905697,2546516,320438,766083,16651,78334,1365010,1222783,13476937,7747118,5729819,852019,1796838,112993,161079,2806890,21524232,14256041,62880649,8.364648018391236,12.613856496796593,17.47149986247852,26.34695345991277
2010:Q2,76533602,26016730,50516872,8341590,6773305,4081566,2691739,335648,811318,17655,80473,1446645,1231514,12120928,7053930,5066998,752567,1591750,99833,138213,2484635,22049536,14188273,62345329,8.85010606177677,13.408005409159967,15.837393222152201,23.993820244339386
2010:Q3,78549839,25868733,52681106,8412797,6897523,4030914,2866609,356588,862740,19530,85289,1542462,1242080,13643411,7929269,5714142,852562,1789382,111741,155119,2805338,22485295,14117052,64432787,8.781078769406975,13.092973446121913,17.369113920630504,25.898110393654957
2010:Q4,80170132,25647567,54522565,8521282,6926923,4045289,2881634,363787,863942,19137,85798,1548970,1256760,15007415,8687981,6319434,956917,1984922,128539,172765,3076291,22810185,14103960,66066172,8.640278940365608,12.704690316322756,18.71945935816017,27.525145388923228
2011:Q1,81240718,25413452,55827266,8659762,6806823,3975548,2831275,355697,847890,18789,82361,1526538,1252817,15998292,9283124,6715168,1015132,2099241,136471,179089,3285235,23109572,14076086,67164632,8.378585810192808,12.192650207941195,19.692454919291382,28.65677096419753
2011:Q2,81606375,25329263,56277112,8774284,6974671,4111788,2862883,355696,858853,19897,81900,1546537,1294467,15858999,9169357,6689642,1008603,2084107,137557,173770,3285605,23374691,14027065,67579310,8.546723151622041,12.39344150418204,19.43352989667581,28.18019394351332
2011:Q3,79716552,25259737,54456815,8903813,7306041,4484241,2821800,341291,869124,21212,78913,1511260,1290692,13189031,7691943,5497088,815758,1724205,111482,135916,2709727,23767238,14016211,65700341,9.165024028527398,13.416210888223612,16.54490839959716,24.21924694626284
2011:Q4,81105820,25220587,55885233,9091861,7461961,4445059,3016902,372965,910890,22993,83685,1626369,1237539,14184689,8213139,5971550,914555,1889467,118457,146015,2903056,23909183,14011299,67094521,9.20027827588809,13.352294914594687,17.489113493671542,25.381819349347722
2012:Q1,83008290,25074377,57933913,9115010,7544555,4326031,3218524,392431,962092,24240,88008,1751753,1243592,15965137,9195625,6769512,1029036,2120194,136321,162503,3321458,24065618,13952259,69056031,9.088918111899588,13.022692791690831,19.233183875416223,27.557498255785173
2012:Q2,83095284,25280250,57815034,9068478,7873797,4540584,3333213,400203,1002895,26308,89463,1814344,1257021,15316249,8895224,6421025,974006,2015601,130292,150758,3150368,24299488,13922399,69172885,9.47562494876171,13.618944639529948,18.43215198310803,26.49181017639949
2012:Q3,85050620,25585720,59464900,9137030,8160876,4656145,3504731,417920,1053090,27750,92649,1913322,1253624,16227091,9440968,6786123,1021793,2125381,137732,157029,3344188,24686279,13935280,71115340,9.595316597412113,13.723854331249862,19.07933246555403,27.288519022433245
2012:Q4,85971520,25829719,60141801,9481189,8089830,4497330,3592500,426612,1078346,28648,92631,1966263,1317896,16319855,9484348,6835507,1017585,2134092,138312,155915,3389603,24933031,13905268,72066252,9.409895563185968,13.451260388691,18.982861999347968,27.135627378776526
2013:Q1,88789118,26302748,62486370,9467142,7945920,4270359,3675561,432060,1099494,26886,93216,2023905,1297466,18282558,10799577,7482981,1102607,2331224,157254,166048,3725848,25493284,13876638,74912480,8.949205051070164,12.716245504012564,20.590989701445057,29.258473654356415
2013:Q2,90026946,26928437,63098509,9496933,7285871,3768937,3516934,410695,1066335,24716,88453,1926735,1353114,18681740,11076213,7605527,1109679,2387365,163293,167556,3777634,26280851,13899145,76127801,8.092988870484628,11.546819158879362,20.75127587208251,29.60726051222221
2013:Q3,92646448,27600595,65045853,9626446,7112557,3659600,3452957,400837,1063465,23401,85939,1879315,1342433,19840509,11660989,8179520,1185896,2570450,174197,178989,4069988,27123908,13956346,78690102,7.6770958912962275,10.93468118398633,21.415293975347687,30.50234299499315
2013:Q4,94925912,27960093,66965819,9721856,6949162,3506788,3442374,397180,1068940,23634,85269,1867351,1384774,21237648,12312844,8924804,1290177,2813017,200731,193247,4427632,27672378,14131108,80794804,7.320616643818095,10.377177808238958,22.372867215889507,31.714161863052816
2014:Q1,96675849,28233778,68442071,9937884,7034032,3555354,3478678,394729,1083541,21787,83766,1894855,1429603,22156356,13065034,9091322,1296371,2846803,206521,191839,4549788,27884196,14127375,82548474,7.275893613266826,10.27735109689509,22.91819124512749,32.37242192525783
2014:Q2,98928585,28795040,70133545,9952699,7203277,3617449,3585828,403635,1116937,22578,83903,1958775,1410284,23246803,13799224,9447579,1326908,2956794,216237,194242,4753398,28320483,14199443,84729142,7.28128942008857,10.270800628032687,23.498570361421017,33.146482346943635
2014:Q3,99587468,29290415,70297053,10095613,7206877,3627689,3579188,399281,1121737,22421,81578,1954171,1444868,22814125,13546051,9268074,1297375,2907280,219523,185610,4658286,28735569,14191502,85395966,7.236731009149098,10.252033132670542,22.90863082033245,32.4538858632775
2014:Q4,101220169,29649571,71570598,10223623,7253611,3601696,3651915,408257,1141432,24022,81041,1997163,1434853,23609519,14136133,9473386,1322424,2986305,224380,185966,4754311,29048992,14262684,86957485,7.166171239618165,10.134902946893998,23.324916122882303,32.987735465061405
2015:Q1,102881201,30120952,72760249,10510921,7382592,3638289,3744303,415402,1162360,24650,83852,2058039,1432205,24074459,14360569,9713890,1330823,3047481,232182,193226,4910178,29360073,14242848,88638353,7.175841211675371,10.146462850822175,23.400250405900007,33.087378112142936
2015:Q2,103788488,30711817,73076671,10560454,7213633,3488391,3725242,409298,1152933,24330,82916,2055765,1406755,24143302,14394292,9749010,1323784,3051845,231843,192761,4948777,29752526,14372669,89415819,6.95032121437742,9.871321710848546,23.26202327765882,33.038316983683
2015:Q3,102926147,31200553,71725594,10673877,7526322,3831613,3694709,403032,1152777,24074,81075,2033751,1377470,22153516,13252341,8901175,1224845,2799022,213988,173016,4490304,29994409,14493023,88433124,7.312352118652157,10.493217094318172,21.523700740800226,30.886486438509163
2015:Q4,104421791,31551060,72870731,10939795,7248298,3579016,3669282,401124,1144600,24789,81220,2017549,1360454,23159926,13833614,9326312,1294444,2942741,226553,182710,4679864,30162257,14506235,89915556,6.941365841337871,9.946789948145014,22.17920807169418,31.78220669360714
2016:Q1,105597622,31854282,73743340,11163537,7489363,3713989,3775374,407377,1208883,25628,66559,2066927,1400373,23388500,14138433,9250067,1270083,2985823,224337,144879,4624945,30301567,14518798,91078824,7.092359844516323,10.155986053357214,22.148699104899535,31.71608380577106
2016:Q2,107465867,32566713,74899154,11108461,7719201,3786149,3933052,421131,1260559,26745,67146,2157471,1403540,23939820,14591020,9348800,1274334,3025061,227006,141524,4680875,30728132,14654937,92810930,7.182933037119492,10.306126103659805,22.27667273959164,31.962736842700828
2016:Q3,109315884,33201007,76114877,11310339,7667835,3633551,4034284,429919,1293187,27464,66634,2217080,1371538,24695630,14983188,9712442,1313324,3147355,236582,142415,4872766,31069536,14830811,94485073,7.014383004993579,10.074029016029105,22.59107175532615,32.44520754061099
2016:Q4,109976117,33664715,76311402,11431705,7250939,3344831,3906108,417599,1262250,26162,56894,2143203,1343923,25093261,15295579,9797682,1317070,3210979,246885,126567,4896181,31191573,14934392,95041725,6.593194117826644,9.501776529808591,22.817009760106757,32.882715713284924
2017:Q1,112414693,34105565,78309128,11641291,7350829,3339355,4011474,419257,1296805,26341,58618,2210453,1356169,26527142,16143872,10383270,1370789,3402269,262958,134331,5212923,31433697,14993696,97420997,6.539028344219487,9.386937149336589,23.597575694064854,33.87490438280694
2017:Q2,114737865,34872158,79865707,11539600,7575575,3431254,4144321,426918,1341968,26817,60054,2288564,1351666,27321082,16616092,10704990,1397804,3513668,273756,137259,5382503,32077783,15150467,99587398,6.602506620848195,9.485391702327648,23.811740324750826,34.20877812998792
2017:Q3,116567912,35360922,81206990,11647457,7618505,3337084,4281421,435179,1373093,27745,59454,2385950,1334068,28266209,17070569,11195640,1442453,3673521,285105,138648,5655913,32340752,15299324,101268588,6.535679176242412,9.381587397010023,24.24870510317562,34.80760607355235
2017:Q4,119274271,35883097,83391174,11869191,7715808,3355335,4360473,437212,1398782,28180,60178,2436121,1284061,29840772,18101805,11738967,1489629,3870673,308692,144228,5925745,32681341,15496972,103777299,6.468962847613505,9.252547858796207,25.01861652184222,35.784089688289555
2018:Q1,120361407,36618285,83743122,12140588,7804300,3419676,4384624,433453,1386408,27243,59441,2478079,1261094,29606363,17947715,11658648,1447544,3831795,306833,142246,5930230,32930776,15548928,104812479,6.48405548127179,9.319333017655348,24.597887097622163,35.353784688539726
2018:Q2,121805018,37107358,84697660,12103524,7978810,3555778,4423032,436961,1398501,27016,58628,2501926,1255904,30098452,18246777,11851675,1458064,3921053,315636,140973,6015949,33260970,15678670,106126348,6.550477604222163,9.420343386894235,24.710354880248943,35.53634440852414
2018:Q3,124027163,37540957,86486206,11962878,8263963,3794419,4469544,437846,1410423,27074,57209,2536992,1255864,31469075,19070452,12398623,1498244,4123041,333102,142114,6302122,33534425,15849653,108177510,6.6630268310303,9.555238395030043,25.37272812407168,36.386235881373395
2018:Q4,120318183,37846171,82472012,12301909,8335364,4001640,4333724,421250,1398255,27429,53328,2433462,1226772,26971831,16477434,10494397,1270500,3531787,277939,116103,5298068,33636137,15979547,104338636,6.92776739396383,10.106900088160813,22.417086105381756,32.70422296975497
2019:Q1,126567849,38561661,88006188,12685556,8678985,4172873,4506112,427585,1443274,28937,54325,2551991,1226468,31207278,19278751,11928527,1411449,3985423,316209,129553,6085893,34207901,16010959,110556890,6.857179737988255,9.861789387493548,24.656560069326417,35.46032213166365
2019:Q2,129031250,39157503,89873747,12536662,9156926,4423364,4733562,439774,1507801,30726,55512,2699749,1238861,32133154,19785367,12347787,1442461,4109997,326260,130337,6338732,34808144,16216347,112814903,7.096672985804448,10.188654821715042,24.903389092251963,35.753660322148384
2019:Q3,129939167,39487470,90451697,12790707,9345115,4439481,4905634,452230,1568977,32323,56942,2795162,1272851,31952746,19741189,12211557,1425958,4097816,324573,127041,6236169,35090278,16418365,113520802,7.191915287648347,10.331608067396827,24.590542802079348,35.32575680249759
2019:Q4,133538695,39872299,93666396,13358390,9347493,4310786,5036707,457353,1602440,33164,58257,2885493,1264821,34378752,21176746,13202006,1517723,4427428,355325,136581,6764949,35316940,16612942,116925753,6.9998381452029035,9.979558209525683,25.744412000139334,36.70339982096183
2020:Q1,127459712,40626831,86832881,14263546,8947994,4263875,4684119,417292,1555561,32275,52149,2626842,1404589,26511255,16344615,10166640,1183434,3476538,265247,102029,5139392,35705497,16675581,110784131,7.020253056447682,10.304845626127511,20.79971368325656,30.531355045208013
2020:Q2,135324478,41313031,94011447,15414766,8923040,3909613,5013427,442803,1658678,35190,55881,2820875,1392773,32309027,20006660,12302367,1405878,4211643,328866,123465,6232515,35971840,16681155,118643323,6.593811090987997,9.491440374436868,23.875227325699402,34.36711993428479
2020:Q3,140085749,42354498,97731251,15572729,9031328,3744007,5287321,462179,1735928,37207,57911,2994096,1348567,35190248,22063600,13126648,1481091,4515045,351207,128635,6650670,36588378,16938158,123147591,6.446999910764638,9.240982831479096,25.120505137546168,36.00715990495711
2020:Q4,148643969,43597055,105046914,16221799,9314156,3829036,5485120,477602,1794913,39116,59835,3113654,1376879,40917033,26055118,14861915,1663451,5123794,402772,144651,7527247,37217047,17205889,131438080,6.266084169438931,8.866663338811097,27.52687079442804,38.95119974537452
2021:Q1,153866415,45086703,108779712,17195256,8774518,3247065,5527453,472910,1792588,36579,57962,3167414,1379009,43705180,28167223,15537957,1690610,5344184,432703,145032,7925428,37725749,17378753,136487662,5.7026854058399365,8.066318094854493,28.404626427763535,40.17769451164463
2021:Q2,161229042,47777316,113451726,17284222,8998987,3305208,5693779,486170,1856707,36723,57202,3256977,1401599,47043258,30509330,16533928,1783325,5698919,470441,148110,8433133,38723659,18102847,143126194,5.5814927408227595,7.931996807894667,29.177905959848694,41.4654408204882
2021:Q3,164966863,50036217,114930646,17429337,9182094,3389605,5792489,485004,1889118,36190,55795,3326382,1447561,47126492,30839080,16287412,1721501,5608416,464566,140107,8352822,39745162,18456568,146510295,5.566023524403819,7.989248050897547,28.56724741346181,41.0042869414487
2021:Q4,169151953,51205652,117946301,18062468,8945810,3049464,5896346,484457,1913747,36989,54427,3406726,1467251,49065428,31684692,17380736,1785250,5974276,504229,143366,8973615,40405345,18851462,150300491,5.2886236935907975,7.584646727744408,29.00671652331611,41.59980182137004
2022:Q1,171392769,55105019,116287750,18303297,8642233,3102975,5539258,450754,1813631,34174,51270,3189429,1573265,47013970,30981104,16032866,1644094,5571234,466693,132116,8218729,40754985,19049801,152342968,5.042355843081607,7.431765852329554,27.43054439576378,40.42899578992441
2022:Q2,166194569,57581170,108613399,18244585,8324393,3246491,5077902,409540,1713049,30860,46064,2878389,1534751,39257099,26006598,13250501,1379156,4640215,393280,107704,6730146,41252571,19405927,146788642,5.008823725636112,7.664241317688375,23.621168257138656,36.14388200603718
2022:Q3,163305322,56506363,106798959,18147394,8572654,3746540,4826114,387643,1658694,28784,43187,2707806,1474327,37487952,25122685,12365267,1298844,4361955,369781,99446,6235241,41116632,19733188,143572134,5.249464070348486,8.026908013933147,22.955744306486302,35.10142092034602
2022:Q4,164632584,55634386,108998198,17945884,9298429,4435893,4862536,388401,1707874,29938,42707,2693616,1416998,39736055,26474632,13261423,1399894,4684961,402903,105721,6667944,40600831,19950719,144681865,5.6479881747206395,8.53080973540316,24.136203279774595,36.455699187959986
2023:Q1,167886715,55644042,112242673,17886720,10118200,5100735,5017465,394002,1787634,31032,44152,2760645,1392767,42286062,28300909,13985153,1444794,4976661,432656,112254,7018788,40558924,19988792,147897922,6.026801899861647,9.014574822904413,25.18725923814792,37.673783999999586
2023:Q2,173346351,58066887,115279464,17864582,10322667,5231972,5090696,394652,1821582,31465,45099,2797898,1393529,44715422,29900108,14815314,1494416,5293088,468697,119911,7439202,40983264,20162068,153184283,5.954937770476524,8.954471997502903,25.795421418568313,38.788714115793844
2023:Q3,172120199,58503245,113616954,17865364,10300380,5330575,4969805,380032,1792723,30217,44007,2722826,1326561,43036010,28939066,14096943,1395129,5069679,457735,114109,7060291,41088640,20347227,151772973,5.984410739457713,9.065882601536652,25.00346260326758,37.87815817830657
2023:Q4,176246893,57908558,118338335,18141566,10920912,5728997,5191916,394451,1889227,32082,46057,2830099,1350567,47130397,31583801,15546596,1508323,5639949,516424,126217,7755683,40794893,20519739,155727154,6.196371557212396,9.228549941761166,26.74112198380462,39.826820817260646
2024:Q1,181428794,58912736,122516058,18330668,10971804,5676582,5295222,395539,1921185,32029,46908,2899561,1352659,50956499,34086614,16869885,1603166,6114930,567238,136667,8447884,40904427,20585061,160843732,6.047443871836695,8.955401172387626,28.086224886006615,41.59169007643802
