date,FG384104005.Q,FG154104005.Q,FG153165105.Q,FG153166000.Q,FG144104005.Q,FG104104005.Q,FG314104005.Q,FG214104005.Q,FG794104005.Q,FG264104005.Q
1945:Q4,ND,ND,ND,ND,ND,ND,ND,ND,ND,ND
1946:Q1,ND,ND,ND,ND,ND,ND,ND,ND,ND,ND
1946:Q2,ND,ND,ND,ND,ND,ND,ND,ND,ND,ND
1946:Q3,ND,ND,ND,ND,ND,ND,ND,ND,ND,ND
1946:Q4,-2.6220055504792823,22.501868079614155,23.489789372393886,43.779411764705884,12.810153736145867,11.870654512062117,-9.072468895571673,0.3798971111990503,-7.853127196064652,41.721014492753625
1947:Q1,ND,ND,ND,ND,ND,ND,ND,ND,ND,ND
1947:Q2,ND,ND,ND,ND,ND,ND,ND,ND,ND,ND
1947:Q3,ND,ND,ND,ND,ND,ND,ND,ND,ND,ND
1947:Q4,3.6983521531323045,24.526575539967283,22.36796536796537,36.01309195049606,13.53977592789635,13.858968217688291,-2.770356151591398,12.851848931640781,0.2859866539561487,52.166687971366485
1948:Q1,ND,ND,ND,ND,ND,ND,ND,ND,ND,ND
1948:Q2,ND,ND,ND,ND,ND,ND,ND,ND,ND,ND
1948:Q3,ND,ND,ND,ND,ND,ND,ND,ND,ND,ND
1948:Q4,3.4862693973674252,18.94774341504687,18.236813245126825,22.815460971574673,10.20796295530657,10.73032201667868,-2.172540440555274,9.809264305177113,38.8022813688213,10.181451612903226
1949:Q1,ND,ND,ND,ND,ND,ND,ND,ND,ND,ND
1949:Q2,ND,ND,ND,ND,ND,ND,ND,ND,ND,ND
1949:Q3,ND,ND,ND,ND,ND,ND,ND,ND,ND,ND
1949:Q4,4.153933680104031,14.694045635774852,11.92029202321824,18.626010286554003,3.707733093237295,2.519838778413212,1.6440012362962022,5.732646179296303,18.024928092042185,2.691369319914608
1950:Q1,ND,ND,ND,ND,ND,ND,ND,ND,ND,ND
1950:Q2,ND,ND,ND,ND,ND,ND,ND,ND,ND,ND
1950:Q3,ND,ND,ND,ND,ND,ND,ND,ND,ND,ND
1950:Q4,7.002936639849344,22.15004977722651,20.96989787734588,23.603798905749972,11.03782571473358,9.392673207700044,-0.17663183218634435,27.63268744734625,31.542300104444703,1.0542727745192664
1951:Q1,ND,ND,ND,ND,ND,ND,ND,ND,ND,ND
1951:Q2,ND,ND,ND,ND,ND,ND,ND,ND,ND,ND
1951:Q3,ND,ND,ND,ND,ND,ND,ND,ND,ND,ND
1951:Q4,5.5842264805906074,11.493085710468302,14.45745856353591,5.858771453626759,12.729681595065376,11.96672384889312,0.12184523862852432,11.202263083451204,7.198941332157036,4.399882473923902
1952:Q1,8.0622546593146,10.797272520282334,12.071362372567192,9.41222879684418,6.253973758742269,5.650197935697046,5.005682174080338,35.30908165861104,-20.574438317833923,6.585520298318441
1952:Q2,8.597166099262129,15.507675073950256,11.972636116577641,24.596766423217005,8.661753407506474,7.139673866070709,2.1564009314945007,42.044569113292816,47.68349817803227,5.952792967398076
1952:Q3,7.133088685285546,12.853002628563726,12.148784393652642,16.491177111320894,8.9349376114082,8.747546801368633,2.8375153281206735,16.794754283296907,-7.875968992248062,1.3913517937525577
1952:Q4,6.999432378723862,16.16194596359481,12.680807474258668,25.72748670560544,8.786937648704116,9.161640538718995,1.2080109279601288,16.754068410190477,43.68179661553061,1.4137157615713996
1953:Q1,7.031589995648056,17.403629896961135,12.873185428649686,25.873140685407247,6.255720340865671,7.583959731626496,1.9179476915445832,15.833739243383665,-11.72025379625009,4.49712157128344
1953:Q2,6.402775703163285,13.754802426964266,13.85166511874751,10.85971458245182,5.273979194554538,4.375860032464092,2.513304839973845,15.580683450990193,21.856639247943598,6.188466947960619
1953:Q3,8.266923747119446,9.293062427011808,11.528597076173378,9.278427730425273,5.677619396236166,4.803001936435406,8.12455353684881,15.11680346351583,31.142061281337046,11.265004616805172
1953:Q4,3.2142332203095334,9.760209505904193,10.943878345953696,5.402200408459056,-0.48915951185957046,1.0524142844043616,0.46730942800988606,14.693782953821193,13.981134513503038,7.6464173455641795
1954:Q1,3.7033102707382968,6.698533626731264,10.367314750219904,-2.1349742878604037,5.19688119106531,4.92991499830816,0.0033701380492798436,14.2849158888951,-25.36987327548536,3.550072386227733
1954:Q2,4.678967632390943,9.829111319755295,12.653924046890474,3.6277293289862547,3.9483955446250953,1.658660445844707,1.1576326664728853,14.299589898553853,26.314737052589482,-3.4689293735962066
1954:Q3,5.226311558834527,11.727011711036065,14.484072964878846,3.756314494192824,7.211190810635593,5.0607566853600305,-0.22682594888855284,13.74352027924666,2.376485303314572,-2.6433381584744162
1954:Q4,7.293385797554823,15.445603461098212,16.826617252537545,10.211661711971825,4.167142927123986,4.227546092265851,3.8027511946640438,14.04251032537524,13.702207025178739,5.119107957425241
1955:Q1,5.931974394300372,17.547923256373853,16.948882637082647,17.109251174818564,5.581861374618207,4.544954465979954,-0.9891962780241055,13.391075860055471,1.2262563116133687,-2.7524083573126483
1955:Q2,7.937915015200134,18.855987386395043,17.003399152121606,21.783273890870305,10.815635334900586,8.591079694863952,-0.023372189598540906,12.025048260275907,26.847246359441478,1.612496850592089
1955:Q3,6.841342233507299,15.786335724511922,15.245212973817898,19.161176931733408,9.087664302673847,7.161548262829365,-0.08681606264112827,11.244429208090503,19.363171786376142,-0.20075282308657463
1955:Q4,7.776939704358429,13.74316595517707,13.772659365478948,14.588147281162708,13.195150448386265,15.10499076074602,0.9050869392781848,10.341224852728688,25.62536825753924,0.9540547326136078
1956:Q1,5.173257756605574,11.498060934001115,12.550036390101893,12.566066730308039,9.319828891469562,10.178164926650883,-1.7744307034826328,9.690560804368554,9.927007299270073,4.107701941139637
1956:Q2,3.541899299507953,10.66041347297731,12.556370251943328,7.776830913185058,10.854450382118026,10.326312315420951,-6.207219721185547,9.368256251851225,10.963748894783377,6.3468451716871215
1956:Q3,4.603504216913995,8.272831550328231,11.12227662440401,6.539044940710149,8.757919469657766,7.902400957287672,-1.047160469692269,8.467533541438407,7.7070185503920445,1.8547895057962172
1956:Q4,5.413824357405404,9.945234697906207,10.825541121038453,5.945825231084313,7.54928729308233,8.794710835943805,0.5999480158679432,7.9680952284551685,11.27632628172053,5.587270739706061
1957:Q1,6.033915061679908,9.201406649616368,10.06228163451314,6.859167024474024,8.290628714965981,10.071410780646405,2.101778853722148,7.875984994343106,2.4270072992700733,7.738380450407282
1957:Q2,2.8649727932650877,9.057002364095744,8.08068834029774,6.388940189430915,9.785691255913724,10.616403652820534,-7.03082014948746,8.619313647246608,13.132000181381217,4.230565838180857
1957:Q3,5.956287003252933,6.822494736295269,8.079477893758352,6.172159840450395,7.067664343748996,6.702511550232883,3.8807346168593106,9.138719512195122,19.756772182464765,3.0001744287458574
1957:Q4,3.2335945329589983,5.198566803626558,7.646165527714503,2.77219417634633,6.47539224720094,6.394637484232144,-1.9336698339825833,10.134316958214571,17.320726299054474,15.004616805170823
1958:Q1,4.745542708427744,3.8279924543523913,7.536275075902919,-2.5661864802812033,5.982199973914826,6.589554834974928,3.330475047161722,9.934773524228275,6.239724104743955,9.789743019245744
1958:Q2,6.34378835058064,4.983334532992336,7.261625090267558,-2.2637458142685514,5.083864177360038,3.56608469557484,7.354304326011345,9.885473176612416,17.104951433309644,10.055380605928981
1958:Q3,3.990020618491772,7.37576716045442,9.340743201386207,1.6061861818630525,6.615265625755305,5.137186845403631,-1.5348258498743246,9.273356401384083,-30.974289068120715,9.003760394046925
1958:Q4,9.425129755914286,11.130881743285386,11.20508141493543,5.491629924364627,9.308518542735374,8.517822474660864,8.025583958891305,10.341562394318567,21.441471022820554,11.229669532787733
1959:Q1,6.799541244579695,10.688703095892842,11.070431910699199,13.253182461103252,6.1110207495875635,3.802779145594598,3.725952649009344,9.520512947304224,5.516166731593299,2.3780733575171302
1959:Q2,8.651788752944189,12.002198125652315,10.701885538666001,13.25842586752331,11.636912763194776,9.697515931326883,3.6687686501846186,9.968927599697325,35.85920688595143,7.352499248722828
1959:Q3,7.943205647185753,12.300358443615272,11.08243043137001,15.407623356586434,7.3757919306435475,4.95731595076226,4.279248388424085,10.76326165156061,25.81373205910357,6.039443269561796
1959:Q4,6.54870074217123,11.843094645263157,9.915558636334993,17.16210119533169,7.8917072691659245,7.7325729757312045,1.0121893783975797,8.088842659161134,28.31682512339749,0.8527131782945736
1960:Q1,4.329323914380874,7.180987781248764,9.125358380925295,5.991645255448937,7.976586034018737,7.680242626117642,-1.8823154709769887,8.852105073767543,8.872664274223487,7.426029781473603
1960:Q2,5.727973047466344,10.024084217068719,7.587155342797238,10.532116411227827,8.349420849420849,7.577146659405944,-0.5136041088328707,8.308396409082908,20.95578220998154,8.183026390734764
1960:Q3,4.592722763468433,8.107813647237156,8.631841346402048,6.597426131310928,5.192109063066859,3.532637153730182,0.20346287403325095,8.001379548197965,12.02116645576901,6.270059072515001
1960:Q4,5.161892111927364,8.307023734353526,8.261801800501022,4.397345746261266,7.083686317081709,6.795071858285412,0.4291364429712895,6.937165398703861,21.129631180724235,10.697930023813885
1961:Q1,4.08759222359847,6.490127673897124,7.868268047362389,2.751110240334378,4.763233974678497,1.645642140785315,0.3822899005086535,7.727354558169807,-20.31345302182503,10.758251561106155
1961:Q2,5.79688512546624,7.836660523645038,7.361316324336323,-0.8415863659765604,6.60263041229496,5.469059153751599,3.2679346892465775,5.983207890661087,16.103257529194835,-0.7992007992007992
1961:Q3,6.981505480307741,7.010050416700504,8.98836607361796,3.505065852013747,6.815241251980751,4.013575065727,6.644581464280619,8.491841460639565,8.991540217537263,11.646429037733386
1961:Q4,7.274379924668768,10.532208051338744,10.43494480750911,8.738900187262146,9.209159607009788,8.842906082213226,2.5383164164210985,7.979762232445966,30.132380752258882,12.974710310411908
1962:Q1,5.893385206113143,6.86305417890936,7.8375869165795615,5.597856073145739,6.019337891461892,4.036310337378765,3.966286564204264,8.975133329049669,-9.995114802149487,12.452381927661492
1962:Q2,6.85401798950097,8.744156253390019,8.629373746378427,12.541441402925093,9.42456903473876,8.165996115264099,2.9040868924889542,7.008458918314249,14.029110404088483,7.46831923092202
1962:Q3,5.498633481155308,9.721820612006786,9.58406312915672,7.891226192539889,7.730066299977138,6.140774799296844,-0.5239330005444943,5.988512136372059,16.46779775879178,-0.8111375424092345
1962:Q4,8.347288403813636,10.217616396196673,9.812694412486229,10.026866918212962,9.476313613735114,8.393492175220942,5.732695350477534,7.803619457933234,30.935887302989446,10.581845179946074
1963:Q1,6.1499357736954705,8.902089717726412,8.641351815432513,11.33335256114444,6.682934373550084,5.184436525626522,2.9964968200748747,6.150173092992718,-20.08415147265077,12.806456525049489
1963:Q2,7.584240022425227,11.321937831590741,9.391484387267873,10.207723456097604,7.953926046741571,5.675632312140845,3.353268392050351,8.220273225328599,33.195510927347904,18.930982330591316
1963:Q3,5.423150425499811,10.709975846427962,10.514831230821684,12.644864861169038,7.198906243526536,5.257020981521109,-1.4118482781074722,5.137893693984287,22.378385181766692,3.9729501267962806
1963:Q4,7.846191684159851,11.202572450489157,9.9664462974652,12.883043203064675,10.540709931058059,9.56626169423712,2.492110050866966,6.014490281047759,30.092574198418692,9.067447862174792
1964:Q1,6.054842341592106,9.646885745315,9.328708955949564,13.790933607294209,6.464149746192893,5.485261919529946,1.9704215373715905,5.701287495938057,-7.006004618937645,7.999182366368003
1964:Q2,7.245080525352833,10.123061312128852,8.68954667595804,10.992523718340632,9.036628864450567,7.680588414633657,2.3103219102381924,7.636303375131194,34.39080805611449,11.039460055464598
1964:Q3,7.034109117591289,8.85544109507563,9.302565904370201,12.177337996943281,8.78661247543267,7.707715011767526,3.1630134785846753,7.57564259618616,2.950700445029351,7.335392619086327
1964:Q4,7.703943320784816,10.084788844177162,8.677078757214488,9.67894170650705,9.833041439032678,10.159523547922532,3.2265776109996307,6.9539312692839665,16.28190803609798,18.22535840863374
1965:Q1,6.870205282541919,8.522480023712973,8.395976968888231,13.699743566260647,10.490306204320996,11.189180846044762,1.2647812323712133,7.324521040742909,-2.660419704142981,14.427543492121323
1965:Q2,6.941602893565229,8.956018806188352,7.563098430647394,13.06011760636458,10.611719802265206,9.912170441405797,0.263620701388665,8.782541720154043,38.72882893282979,4.805860805860806
1965:Q3,5.659080613391599,8.159524302058529,8.638972292957318,9.99748106781287,10.154681290072425,9.891905323436207,-2.728968082098127,7.838171897139068,-4.161905334696578,1.6215433618068626
1965:Q4,8.299570312760288,9.434748220015878,8.212654742970878,7.796058049521439,10.200381518307815,10.401603000660389,5.456504737500315,6.745316026531839,26.34009967181232,7.8788752703677
1966:Q1,7.3707348396056,7.266255901971613,7.830520986652935,10.32629322282514,12.577067786734961,12.214879837611042,2.148962496266693,6.625700273324675,3.8146828225231646,7.987537176037389
1966:Q2,7.424435614983947,8.166947650481195,5.88526675145592,5.4666856655742295,13.428944353492705,14.528530099836164,-0.4158959977083282,8.127151206582573,36.53256894336266,6.531519022493752
1966:Q3,4.8791534661746665,4.148983050140612,5.133211951693626,3.585785099509236,9.882886193044804,11.135622407566533,-0.23931829687505532,5.700188760349113,-3.3744355454345487,-0.32788676976883985
1966:Q4,6.150222822317817,5.481148319697421,4.241424229266174,4.461228230980751,7.7390583804143125,7.822153468371853,5.385759829968119,5.5205962833635835,27.47047693612579,6.7709472763071545
1967:Q1,6.025302589112687,3.815260499091992,4.0199018655850685,3.7390497186285314,9.87090708030017,11.586469677195879,4.62074582053191,5.256413751738052,-8.723045739822705,14.732945247739892
1967:Q2,4.513323417393964,5.102793544781916,3.8390330063203595,3.9534911568535884,10.745396993943451,10.609767134231555,-4.865137557618017,7.519822050012557,-3.4951068504094267,9.769728331177232
1967:Q3,7.94711055725898,6.147623164271705,7.426331099026179,5.516004951598598,9.222287475728974,9.095915484992187,8.95181995620632,7.3881043772229456,9.585453080139022,9.152901954841642
1967:Q4,12.666345131591514,20.932694665598586,7.218124777537725,6.335483056021446,7.452167368889426,5.7434159385105605,11.055001300105378,5.829573154919351,22.682161962737503,9.402469135802468
1968:Q1,4.644507738607051,-4.617300460089532,6.740549814208005,7.15134433115035,10.893451795127607,13.260403117409435,8.826682469819751,5.943495893398766,-1.1870679421828085,9.061082698060407
1968:Q2,7.966200175971578,10.052581418214645,6.0643133868278705,8.69801281355196,11.541217697163782,11.4916240493408,1.3876673507280368,6.521374122703919,26.389326609938017,3.057252718737468
1968:Q3,8.174657584437536,7.0783616211193685,7.055866163914532,9.522544304806441,10.599669718954349,11.472677003758106,7.248056353573226,6.390325298617191,11.379389638973752,5.49689804518319
1968:Q4,8.659475969571192,11.156587787785858,7.207681585875794,12.889384856270384,11.79335969796886,12.25860614055794,0.7422593635317262,10.189280603616496,21.613909562291713,7.6208951087709575
1969:Q1,6.607529728573012,4.535408859421543,7.025337156853051,10.576246186852604,10.81795025000786,11.702209785250432,1.4295761873088515,12.717542120911792,-7.798294880601237,6.934529879665511
1969:Q2,5.634570105107647,8.091699722517088,6.427638242037929,9.601645996456536,13.462186180273077,13.034145387344248,-10.105853327498398,10.127944058093519,38.38213174541034,8.607324244854317
1969:Q3,7.042575195743011,4.884704722702651,7.0522583011883455,6.08201309211523,11.442477714785717,11.044514377658807,3.3938999593330625,8.064153488720677,13.449896597104718,5.189934144533124
1969:Q4,7.3913734005104645,8.223291210005005,5.913432303216339,5.984637858724848,9.680778006690147,9.200184616982284,3.3550226947929405,6.279753158977373,46.709168129359654,5.752050459604331
1970:Q1,4.810914821095683,1.7250318245096157,4.330274966001529,4.0199332977381586,9.050979917002392,21.77916310809592,2.4531084543945125,6.084321227858264,14.25441989625154,5.678996625708283
1970:Q2,6.850965562913667,2.3461196893335985,1.6202203499675956,2.4752977769435707,12.747598723809043,12.679881068512044,3.375516693163752,9.15930464519806,16.21098818145361,4.628583385645533
1970:Q3,7.474140308732595,4.799929500278143,4.168325175264016,4.83258779861045,9.759599597803009,8.16447422368661,8.115931061881609,6.705949545182276,0.6226998269438588,2.895972529632005
1970:Q4,7.387008039628712,6.798966146129552,6.024750595341607,2.214042960558363,8.638542474690217,7.097839118931248,4.2498354393999795,11.880998212096095,21.063433258131937,10.67915306101493
1971:Q1,7.372384942976312,7.284274879751347,7.628970508539762,13.665270088283703,9.420774894537756,8.877567022444117,2.3190745718243444,11.63674102064304,-6.565743448592236,10.089412517752486
1971:Q2,10.586690641243019,8.042857961261541,5.434521563111126,8.074443168356229,11.580067421590517,8.777124644093908,12.57437150944142,10.808714202598747,-0.9561149086881113,8.334959222694813
1971:Q3,9.692690863669814,8.893335820134226,9.06610703043022,10.646271890168881,10.49134231167678,9.143239676013938,9.673910800765189,9.456788569270474,8.216576329130568,7.2092045411108145
1971:Q4,9.790122201142166,12.400589294615555,10.528057830176813,12.35962623407169,8.239565344360761,5.494603119886167,8.377174300942821,10.13614059252518,29.647975033284187,6.863794236365344
1972:Q1,8.9480766681424,10.45759559400199,10.92504863404577,11.086617127771486,11.624109080187637,11.816067195453748,1.7195450252998634,10.607687094820296,2.268410846255856,10.107237121393899
1972:Q2,9.415781308439223,11.565735066103393,8.075343025925903,13.520711698760266,12.491314514925309,8.563250717633938,2.160159429646055,7.454620871770006,14.885496183206106,2.0090732339598185
1972:Q3,9.26289243530252,9.661579935493188,11.026011026011027,10.68212204535708,11.059505854699573,9.03295366780313,6.714797009441812,7.072763665770049,10.048042522743534,2.378777294140828
1972:Q4,12.0810351368171,13.406647642067565,12.348168419031158,14.640184031179649,13.840269937099992,10.815327441085495,9.38257639199686,7.366914259307267,37.923470023681915,10.04291386954896
1973:Q1,12.228424304023063,12.715401043307775,12.630402384500744,14.801163803575557,16.773670867070283,16.346042141600684,5.833400402414487,7.79812959991146,0.35958124715521167,8.886727231669822
1973:Q2,9.991919650700163,9.507947703408796,9.348469165549579,14.472281072946927,16.317897349152886,17.096387455653268,1.5674826672589677,5.9793848007685915,30.24136245296104,11.89505165851006
1973:Q3,9.5290975827746,10.722302262994312,10.147514798459081,10.529534125714534,14.64717174487248,19.919789584400693,-0.6258099181390057,7.326712552209512,25.37179338117938,-0.5544737450080861
1973:Q4,8.65406355804426,10.252296182815055,12.048231736568905,10.633968587501496,10.168198273461432,15.6207666655522,2.9070841049504845,9.173791567758334,27.522115097902795,11.408930164920514
1974:Q1,8.581273137771614,7.793060444281094,10.573023771774222,7.430821846823505,13.535617150763724,13.173337566299741,0.10475893659203465,9.042042519984188,0.8257968521144771,2.917737789203085
1974:Q2,10.356293201015083,9.330229419495188,8.658216103649817,6.853712512400478,15.375805447491258,13.873938103613833,3.8813496749395835,6.928336897912462,26.76639954711868,28.251507321274765
1974:Q3,9.11564392780667,8.820664455528574,9.571545833094236,4.831618592228396,12.01348266288916,9.729323408880497,4.770313897856782,7.045284061747405,30.11003348845301,16.85885402699562
1974:Q4,7.568402165053502,7.5338066758978295,8.886852954649564,-0.834206416668314,9.095956642868725,8.238632826353976,6.378736860447834,3.902987861358578,20.236175372603817,17.726694400365968
1975:Q1,7.010839028771909,5.0173328146263785,7.63105744993907,1.0464229470201956,4.898188645610477,3.163380020235736,16.3256040377645,4.3417077704081875,-6.356644897864492,19.986037152126595
1975:Q2,9.052417556691834,6.186449603270231,7.5066848516465905,-1.3094316370241672,3.8734281689205536,1.4261411054401223,27.002878213763093,4.135447302029239,1.8544930201126055,11.108068995189111
1975:Q3,9.006060959329194,9.03419249237528,9.384565572321181,5.91336144436101,3.95892619940501,2.812138322558622,21.76115473650765,2.6917596602852587,-3.7810377126051535,11.761870330200049
1975:Q4,10.193666132673581,12.933768864450778,12.1092952106467,9.822567652346935,3.5515675042039683,2.4587508136143255,18.36884485493692,9.863602391629298,25.276373973468097,24.335481644875475
1976:Q1,10.55717792595555,10.391629329455347,12.709573566666013,9.305493825967652,7.437204927707289,5.362207915001956,16.497162119335044,10.302745727323702,1.0323634810702416,16.66240736008178
1976:Q2,11.159199636026255,10.715213886762957,9.794399463320577,8.546278176586258,7.788990086058598,7.242484054939878,17.597985639379644,11.38621121821794,9.502926142677236,14.488357569809974
1976:Q3,10.080754966941575,10.193085266321662,12.26852376177072,9.134822060026718,8.512543605233965,7.928155669174405,14.142404685864221,6.511274166645061,8.524063474605093,15.768402927249248
1976:Q4,10.17423084155704,13.838904893252579,13.222037528370043,13.88934708680277,8.8788654734537,8.626753786049933,9.36765751879218,4.505466002780837,28.148956370180382,23.979375252373604
1977:Q1,11.263124650929791,13.788683062860313,14.942570971603624,12.344460410288214,11.450469634832778,10.20234062512197,9.071109912079626,6.803178741117605,-3.1918027198501404,7.223847305242768
1977:Q2,11.242020855015536,15.31575180184295,14.989121700855163,17.326648826259273,11.115885738900113,9.675372175759536,5.67780798177511,10.342402769513713,22.690139531164625,9.993945975034354
1977:Q3,13.623838036992215,14.832914217493279,16.600507826749496,14.647846167582529,10.90347543242696,10.466936943192895,18.671935424414627,8.28733091322071,12.5202646867726,15.274275053204953
1977:Q4,12.71692302984303,15.197284419669272,16.158486086572438,14.831983274672012,13.523036054172948,14.40573864901368,9.859321821904192,7.171780189387768,37.6979490974928,7.990174830226845
1978:Q1,13.240339410459868,15.29261799546611,16.37752758305597,14.977802274134364,13.390278532589367,13.80102254270534,9.315697753792533,14.418831612437296,3.8893888662191096,0.9037537804661093
1978:Q2,13.733575968457098,17.618138380791617,15.209285561640604,21.915809334241835,12.96972655800222,11.225280879291738,8.6880498504956,14.292442699482667,29.40712425229674,10.80711120236812
1978:Q3,13.456133072127447,16.002647639069103,17.116519174041297,15.590226569035853,11.059194061411217,7.986503152973225,13.383660320488891,13.701879351867346,14.392792774209518,8.256972443437407
1978:Q4,12.202602816847673,14.988112526332104,17.652917499101264,13.467357206716246,12.519958013288846,10.923638250819248,5.586846294834575,15.903031326284392,33.92933586866706,27.279998694112077
1979:Q1,10.853199212398797,14.81359667591894,17.361682431583834,14.526910907309551,12.496906081255146,12.373926853267433,1.7310762491588711,10.185351199759134,7.591271689429623,8.223281143635127
1979:Q2,12.000709072754368,14.091321116365835,14.173479453535668,13.859116597943496,14.710387010603524,10.90490746522388,5.049403638454993,8.690718112480535,28.547836593086906,11.010398215331254
1979:Q3,13.130998772212488,14.595311005693148,15.353695651039084,13.760510023562825,13.329322588316447,10.806768087328397,12.129406863585976,8.833956488889749,19.139740687384236,31.57219004479194
1979:Q4,10.288381049997454,12.854010242764389,15.129501900299624,10.825981022167355,10.793147594952144,8.895063399575584,6.242698547054585,7.154545511982158,27.140071387486547,5.217135522515777
1980:Q1,9.918497213314875,9.909892543426766,11.494525379691408,5.05025153969364,11.946853709616711,10.3798614917017,7.493490928627517,6.9369615413263155,11.111569024880954,8.688106242246207
1980:Q2,7.231140437752972,4.010508675708521,7.281792147784523,-7.040789544220059,6.3732333429477945,3.832079917602999,15.064590153737143,6.340374126002122,12.694408649578696,16.28960414726829
1980:Q3,8.919367439527555,8.645447455103605,11.185767140181794,1.6897575633021282,7.69876236902704,5.382539242121195,12.507819015846538,6.9213213213213205,11.1181970911365,10.608084825989444
1980:Q4,11.00782394820891,11.275352230322966,11.693728900733053,4.269429964059163,12.032112959992638,12.011979419795143,10.529282054198179,6.697327327150035,23.014212861186977,12.173749175539433
1981:Q1,9.338799803479363,6.23896712193535,7.808955172331915,5.944800080437041,9.602031224940433,7.248702148019076,14.86359035984368,7.963209206988857,3.0893703750054855,15.638632472799042
1981:Q2,10.863318115311786,9.022363512858373,9.09027391082495,6.307977991841543,15.129138113698678,17.571353890445533,8.709278389678596,5.225297545339903,24.084718747314433,16.407673992172747
1981:Q3,9.35305382501019,6.510736698078443,6.094313002739936,7.549536637536898,13.090502198084394,15.467291771576097,7.4738557952938685,9.196358323030235,22.852091512364325,7.670264841815247
1981:Q4,9.85708274644728,6.117710400331181,5.184747145187602,1.9361182039917646,11.270584736397522,11.46204126344367,14.083662089738807,8.780921930879906,15.335381908878897,51.142166491762566
1982:Q1,9.446070052113702,4.579280075988339,5.424633437547896,5.9873187926389715,10.365538406721289,11.770353963362327,15.058061388625696,11.617668402973761,4.02779945159061,24.72962630182224
1982:Q2,8.897472951700815,5.0379796689879655,3.6049344193822006,5.394246858038279,10.832342016602452,11.277291191201199,10.714471522962237,11.395288094864963,22.4829951209688,21.320830154726426
1982:Q3,11.05139627361587,4.084019857286539,3.2631012379507753,2.513181403641013,10.615100008918137,10.708343907313054,23.603986114572358,9.843384539588133,8.138584223820208,12.48522911834785
1982:Q4,9.838769312643231,8.393411871296848,6.460328915930378,5.6911270596972665,3.9384799350353825,1.790285767569534,22.22701765315299,10.228599330287986,16.982201941722717,10.568610377868762
1983:Q1,10.916901435451194,7.547217043508082,8.532014449535723,6.018380814583659,6.10808774881069,3.0861944550031497,24.139178247432312,10.428881466694378,1.24969100374222,5.594484750441583
1983:Q2,12.651464301239928,11.029852565489827,9.235266219499211,9.421709665323192,8.244653129033056,8.132758051427926,21.2808686268232,14.813384146485085,15.339434503483131,10.653654136253673
1983:Q3,12.211655097193766,11.732673596884972,10.884521070477113,12.83250681754219,10.367119687672412,10.85883014821908,17.03039876479909,8.754329581975313,14.156984528938354,18.406501314958774
1983:Q4,10.634851966912732,13.811495939662896,11.271824031785242,18.319914432468646,10.347623328694525,9.716981318525182,7.032915346803289,9.946635075935554,19.431691980638185,-18.534019642760665
1984:Q1,14.782681256207217,12.864264718920282,13.056797661019864,17.852085290798826,14.357421934594477,14.225391514665493,19.777276868915344,10.073973832651282,6.838080257217752,15.377422648720346
1984:Q2,14.419712783665044,12.800563001512847,10.418514943617255,21.361082600116628,16.997992287221482,18.024106508781315,13.550984332371854,11.782823731495466,20.151145289872417,23.010005944436596
1984:Q3,13.659031552825892,9.671818831718458,9.426234361650835,14.606036960398406,14.257938480389324,14.199593936517616,17.64135274933724,14.948823274365196,18.344508590884274,-0.07282435056114794
1984:Q4,13.251407007571078,12.987107909522521,10.989637609716631,15.101285505107139,15.346088851088147,16.553948397762884,12.551380767672091,6.972589009456574,20.674859045178188,6.062138554088957
1985:Q1,15.130003264124614,15.409065810152365,15.534539698574914,18.889673822220196,11.349730988657532,10.982117230915286,18.931611937505846,20.09680044545338,9.427230527244594,-0.7806681866677067
1985:Q2,13.562199408076486,12.932886517911546,9.604284231285915,14.390023420010644,11.11206701690422,10.677065273073218,15.552490100721887,21.029215482722822,21.249558267623783,0.8772353332585563
1985:Q3,12.811171109105468,15.084708269591735,15.965032366863511,14.935671900435857,8.862708971856668,10.649135475781481,14.732862308871505,15.754138781261007,21.893064930795056,0.6134917658819781
1985:Q4,19.25162020172204,19.276088692368386,13.686979726400178,12.117346400695892,11.056894581736685,16.3293668677256,17.49110736615142,58.995904521293276,26.676757378632278,6.2414170453827555
1986:Q1,9.372540721235726,9.373411831767484,10.90985065323265,9.073920605856129,10.019083206819271,10.889536504972776,11.20330348873109,2.1524314421379165,14.100836819453832,11.97006241170005
1986:Q2,12.588129682344116,8.96438670382968,10.875256073953352,10.803383434112758,11.292143864113573,13.134584909258523,16.409264384302023,20.13207566547678,24.035482616496004,-1.21045188535217
1986:Q3,11.934316439272683,12.860409259954386,15.498362899625384,10.075168858994262,11.260903806710724,13.903226874655704,13.575191907407161,7.015671555268109,23.524946485671354,8.659265506363058
1986:Q4,12.126855039658924,12.449881503521583,15.11232045026348,5.422681611959073,11.782155998431534,15.481942364560442,11.874413683129102,13.009188140667922,28.697873805673918,-6.568440451286246
1987:Q1,7.61544676931885,7.259240799513314,13.83800357059691,-2.0253468496522125,5.605119491092912,4.615572975800046,7.307019654314789,17.35125576695518,16.639583387030356,5.7489029256569175
1987:Q2,10.08849379001105,12.642458955601768,14.90589687723514,7.167022886025391,7.439937715244954,8.915471613809771,11.201523122244062,8.559093527160035,20.59329773477868,-6.947248294914934
1987:Q3,8.793315947073378,10.525347454023462,11.359356420716061,7.997510594790031,8.936673988796677,10.870726266046777,5.882554480962831,10.040571494158803,15.594354998483997,1.87328639779266
1987:Q4,8.700600231109409,7.3338295215148035,11.509878969117308,5.977746882776715,9.156186441186833,11.128432425661824,9.255979136858326,10.178320197452011,5.473217559133758,13.5043429358551
1988:Q1,9.002497734617403,9.27472641309627,10.565923022921666,8.372838657964046,9.79514332082038,10.77467818850367,9.160679025134344,4.7316799908850955,7.408994703803895,3.2739617477966587
1988:Q2,9.1290738527346509,10.089105647917656,12.331088954520608,7.139011642253079,9.80680232043919,10.458495992376932,8.233255559374301,5.664465018186766,14.45462587672271,1.1297414606749518
1988:Q3,9.02644233488193,9.823234875900505,10.982140379759715,5.509687407884914,9.75119611953288,10.17555945331318,8.313253858420383,5.415583334104388,10.236292130543402,-2.2915927536297573
1988:Q4,8.528790901711327,8.41033857731502,11.13876649008232,5.006562553499077,9.46264426769736,11.435493508825324,7.684287675616528,7.607705843285915,16.221520717474927,-0.6553010346155205
1989:Q1,6.996275939482585,7.049691206789219,7.5814371257055395,6.090664863138515,7.14403390314962,8.352437235028304,8.01817718746266,3.5299903785209,13.399106356896754,2.2031702753143914
1989:Q2,7.714292978811045,9.454877798426512,9.804026865471025,7.008309927060323,8.214783731912894,10.14798033031044,6.156092493336933,3.8273461493955345,9.434006928967555,-8.17178819607986
1989:Q3,6.679797484775622,8.892905566325567,11.517178996004185,4.543144886738956,4.50645840582834,4.806850192014194,7.450042413045317,5.265047078786824,4.436494665427655,4.8179951478281735
1989:Q4,7.794461950162865,10.838794239266067,13.222159734424196,6.5997696411098925,4.7057320760392845,5.164217627149738,8.079130389485996,8.20535508722325,12.109138213359694,0.14013563975476348
1990:Q1,7.7861149364861975,7.6417346595561595,9.218879478110955,2.2281396541391474,5.898519303375843,7.8038111889185915,10.686109688543748,7.827129044322123,4.366134030884618,-0.5883173429340293
1990:Q2,6.363356945400772,7.124768379487913,9.327841530635348,2.2202206212144855,3.88525640767768,6.039019063303113,9.633986579541133,4.31710628056061,7.937247382488205,10.399521176992616
1990:Q3,5.698754089758813,5.861058212651284,8.003138752899371,3.8689494201463996,2.7762311978288516,4.11690110129803,10.768879429238575,2.440427535184888,7.2965034499501895,5.258183884121912
1990:Q4,5.712907784346864,5.840658768393067,7.4303851806311565,-0.8878937335471573,1.799398119685289,3.184285308249011,11.161014726995095,5.085335606923478,13.847082266058452,4.853308882534716
1991:Q1,3.9409496442147156,6.125558867106159,7.936489301465483,0.22744061980298183,-1.6152805111130473,-2.0773004351932127,8.24851219064056,4.974166098643315,3.8382537980087235,13.472879249355046
1991:Q2,5.054284885463005,6.0583777969816355,8.729822677479362,-0.9743474572495506,-0.0010547188802666038,-0.002761344397815151,10.003394397876166,6.1961179464039695,4.970786859950231,-16.6116891517956
1991:Q3,4.386531276697719,3.2845789680391153,3.1288197825518926,-2.312570752524304,-3.279687279660986,-2.2240990259215736,13.686078600078073,9.95494982700558,7.269302731666015,5.4209858888067695
1991:Q4,5.258127759729582,6.61216535093021,7.549613931365304,-1.2283440793577016,-3.4341210215781772,-3.8521304929862774,11.054203128755196,14.664852668060988,10.858175490351565,9.259817735849971
1992:Q1,4.8232726890631925,5.372992113938733,7.376136572983154,0.8276308545687063,0.02437660342546586,0.7470065463493406,11.52347361035894,-0.11432044089912953,4.400922844792299,2.542333713382172
1992:Q2,4.219391655222493,3.813369215086283,4.224137631729522,-0.9257667461794992,-0.794846832636506,0.01630780039368242,11.221285664475014,2.0075474474556163,11.048113388977184,13.396384435976369
1992:Q3,5.414825155109614,5.322191086689499,6.724929866345618,1.568599555788304,0.22840319662208777,1.6527825038784274,11.400098949654154,5.180383962079342,9.199121520527468,2.6707060264439857
1992:Q4,3.8407234361627824,5.938259877784445,7.015918171410085,3.026969445053566,-0.7014585632753586,-0.11519795747972385,7.872743951148729,-0.9614180730820182,6.971189801520147,-0.772692988428844
1993:Q1,4.334473349832999,4.1552193246419495,3.4588685492151092,3.8821779189082037,1.7920589052274567,4.058840458187111,6.74687205929787,5.939063954339767,9.77988173232405,10.502667742232534
1993:Q2,6.582685124285064,5.948788704509425,6.915135298018282,5.102346225490416,3.605931857429983,5.768765786710963,10.269669514841803,7.1473708551455015,8.579523866902893,14.152992193331288
1993:Q3,6.199807557692893,6.842880723183464,5.836501224170307,8.184881013852916,3.9354812021807497,6.423942460835046,7.522748891260064,7.121055206060897,14.065799992728707,24.79545913728099
1993:Q4,5.494986465668006,6.889541421397912,5.378992218677349,11.858304307449826,2.9354403398582187,4.368477386960235,8.054032695160295,0.5866748286410085,11.457902057818941,10.014166181419188
1994:Q1,4.592915614081019,6.72625276501278,5.655088621590192,11.970515781978381,5.965066282187089,8.223990459948324,2.7074689122395816,-1.7613318022946478,16.312433276897746,-21.393817119209714
1994:Q2,5.427252882301858,7.176414437452144,5.302788129278775,14.778203412718739,5.099257259139573,6.661120809141952,7.311385025261223,-6.379705463394552,10.1027785372148,-1.6801773575635264
1994:Q3,5.263436333845723,6.450014611310265,4.742253211224673,14.368742461632584,5.571298809155239,6.950292376947696,5.28256101181502,-0.5622584436677235,10.648742028079798,2.0740381791477938
1994:Q4,5.38288747255543,9.001581090640709,6.089902052903476,16.630979893263525,5.450636063390019,6.967509005480091,4.782784319441889,-7.293451133410274,14.009168295621341,9.565642061847111
1995:Q1,4.809853719745467,6.357442032646435,4.777945289825132,14.577914701596603,6.952336289571136,8.06591344952706,3.71414388610413,-5.596327557509672,8.662009927040968,13.600308296757666
1995:Q2,7.047734328559063,6.996842006104768,5.112710289327082,13.844958629194803,7.258794606317476,8.838348264787939,10.274298995909446,-5.395569065905652,10.54422457803629,12.811362593029996
1995:Q3,4.5002987034664095,7.832011281077582,5.067789123298242,13.925335508030228,4.587898556816023,4.566404480882998,3.046274907673098,-5.086558144863618,11.806561149027784,17.48478516038416
1995:Q4,2.9848760309650455,6.028567944447405,4.159135991740999,12.36183589726166,4.473018323241132,4.593975664730624,0.265096592045977,-6.333839813770526,14.577439845183704,16.23915415480028
1996:Q1,6.288577937035715,8.811336037458936,7.65465642804158,9.99768867278455,5.601911976998584,5.658224030683458,6.095653847887196,-2.0461720944343735,10.5067299451083,8.99323944086132
1996:Q2,6.2350491132180625,7.142902137357177,6.209867751058538,9.194339612792767,7.085002243328155,7.504100518591357,6.129423730862626,-1.332253737109492,13.721897764478111,7.425693533625672
1996:Q3,4.703707950846906,5.47029971063199,4.754506914406715,7.372894536070312,5.937899979341984,5.61926685728692,4.466358069252133,-3.4267628746949836,8.767324310825083,20.053594102881792
1996:Q4,3.543375402350039,6.015176369021226,5.479376737979076,8.47203720690116,3.7632428544463097,2.9563696802180917,1.4267279299961437,-1.0994554798422418,16.322547134190494,17.623005407288538
1997:Q1,5.259190795491847,6.590668003653692,6.748186137007636,3.281946936833825,7.095978262800348,6.94235198158575,2.4548902894452116,2.065990495996524,6.25523969702199,5.641061682434417
1997:Q2,5.567665399157653,6.10703149310133,5.075267332139779,5.747125541819892,8.516736574608377,8.878616421486454,2.389640726147635,2.935597351191254,14.531480610889208,11.379445905194988
1997:Q3,6.8169058751739575,7.140661962211563,7.91646618112046,5.685674436955349,11.024457227276727,12.11775387513935,1.8206506907832816,7.0502451613288635,9.199321246952508,16.069039720611254
1997:Q4,5.00825499781437,5.737540678621891,4.1552846806477515,6.9216628156642575,8.962342998727541,8.935954754971224,-0.847760251592502,7.4042370229761945,14.165057392922959,6.925366525270171
1998:Q1,7.037423661726742,7.712827761746431,8.54304211861071,2.4886825650124798,12.670557911093544,12.67955826571517,0.10700413461943246,5.8022309375348256,17.521673048456694,14.120363342678571
1998:Q2,8.472937177542967,8.571126538821787,7.015903214225832,12.201152212745319,13.893338817796172,13.962075163662933,2.507334031672866,6.540695760890879,18.910441300678563,11.691853750285928
1998:Q3,5.359052337129138,6.138823702395366,6.190648106435456,6.7625973608536185,11.139589707535553,10.645815147674496,-2.687345199149748,5.692245567492184,17.70557095329573,-2.345340001331457
1998:Q4,6.685415695641144,8.81795331847114,9.632838887433165,6.751764563113646,10.597834021340502,9.948589114275972,-0.9455985400558203,6.221701536845332,16.39315053470988,-3.7843566655268646
1999:Q1,7.159500955163897,9.242968295647605,10.336210913705504,8.448995054368641,11.911044384321531,11.699351631935576,-1.3561756288078217,5.440661709124181,17.64213020885141,1.934633050522985
1999:Q2,5.719310600019469,9.104598319177374,8.170389144916038,7.880945638733877,7.262162661671638,6.506141057880455,-0.11987913558383749,1.8108504680357997,15.684941415843026,-1.2631520127735243
1999:Q3,6.8001310353322015,8.603823373863825,9.65904022839473,8.610388212783212,11.800052455593203,11.284784266141797,-2.0045928166191067,4.741712981688133,15.95472271757184,8.452223370922601
1999:Q4,6.241049437883288,9.163349532433452,7.780049078165033,5.376921520161499,8.071516080428415,5.826775798001956,0.7411316185450199,0.8981006652962253,14.388698971758366,3.2633789884063744
2000:Q1,6.706764861135135,11.162158935607232,8.103373933328093,7.927346548903144,10.828055711388897,10.812930674672375,-4.6066893179048405,1.6075397508386335,11.185815534772841,11.650984700426381
2000:Q2,4.0788825445894386,7.504524938693548,8.490499170606723,12.254954479176742,10.602856853294002,9.520046689959358,-9.274253384375577,-2.2295431392385012,10.873852355269634,-7.06733120535047
2000:Q3,4.1307186448413145,9.004443410321427,8.753043247669627,11.953364285410279,6.000723371561073,5.0837569994762895,-6.719791497818339,3.66041639759093,8.909375470035716,12.327354374745397
2000:Q4,3.6463814795074914,6.155103357196648,8.173979465490046,11.439683693693974,6.636340365232253,5.05178801227901,-5.199002652008739,2.674267185614893,13.172760868900612,12.094161674231147
2001:Q1,5.1246462508031465,6.625579926561001,9.427699472765488,9.990771087949177,3.7006207832280866,1.8531420025509953,3.2162291451376874,10.571418536779957,6.6585798646278835,5.38394509060495
2001:Q2,4.803584356854659,9.888590130976297,11.65641636986391,7.114800125619237,7.406579074294892,6.87895940720515,-8.9850605684729,6.111445751239124,10.341221370426561,-5.45139458206075
2001:Q3,8.140096379882293,12.816780010899873,11.289502152949678,4.80120054786557,4.090529357467333,2.719498627069691,6.6085544743530855,7.212749929342649,15.954287032146564,-12.083730972699454
2001:Q4,4.761352619419318,5.024224320500281,8.255542927560741,11.645168177793975,3.498488823644737,1.4656998635970255,4.720779449451816,10.230621002354894,9.644449480548444,7.427172185888891
2002:Q1,5.576247016251295,9.732353102376814,12.310826478301982,5.723039157385956,3.116493230170483,1.2088502395508123,1.0829464692783897,7.978998740577453,7.60547439643798,9.234171199061555
2002:Q2,6.309836592596871,7.430161279004204,10.46462157163536,6.820906516747012,2.0840218014838703,-0.2053276513811854,9.998970461272577,10.563525974709,7.022702002266026,10.351575538054563
2002:Q3,7.051065806190099,9.814590578828337,13.299319449363493,4.857615432544107,1.8942751122046235,-0.37824603664487744,9.137118041640804,10.856588631226094,8.022233424786418,1.2479685932223614
2002:Q4,7.4044929820042595,11.022398339136895,14.526680302601347,4.392308776846647,2.622735324665859,0.6402980100676327,6.393219017216059,13.246368941779016,10.803713555194964,8.443264155317308
2003:Q1,5.894637590452686,10.525757773267294,11.843477727475305,5.861769206733273,1.0969376712355159,-0.08182118856468057,4.135717188109699,7.4606812321693345,11.22660944767088,-9.51327532965682
2003:Q2,10.522256590753601,15.948070132645004,14.744143588979803,6.362420068766647,0.926318938869893,0.010720045658471403,14.798716225295625,11.945944971078575,12.032892356902153,8.823316750776735
2003:Q3,7.632217673317224,10.311746755585878,14.896060573086922,4.661836617112833,3.097279493786901,3.1523782059949434,9.833147639436753,6.262432931069201,9.459211842439498,-12.187472839044355
2003:Q4,6.3704718406180705,10.296302210529998,13.584268779714973,3.925871539544191,0.13652645860343723,-1.4124188185462663,8.030186524207407,6.663614348773607,10.385977021352181,20.645992837655086
2004:Q1,7.746397998716898,9.379737286699697,10.650393663932023,6.264634329593159,6.620503564217925,4.126183282262556,5.278931132774448,10.46958343817113,8.436896044874826,9.64230554213414
2004:Q2,9.50905852387709,11.67967952736471,14.10365613553884,3.529105097706798,3.7301241903427216,0.8056770199239514,13.787726148791931,9.732098395423765,8.078163064405176,-2.5036177713660295
2004:Q3,8.160411114525171,9.50419175144553,12.59447563526663,6.076590764007154,6.942028974224336,5.4410323925518345,7.253594142582193,8.148834032294381,7.540506008583807,15.419024982337664
2004:Q4,9.055558708782097,12.850172029420717,13.878236006876548,5.974685315052956,6.956242582171457,5.505124966442289,5.985014099410171,5.770071486438933,10.989391915906145,8.685846414497748
2005:Q1,8.185962677409663,8.825717468731582,11.25725570034937,5.115311386461717,7.566302020590089,5.294792261939909,7.772044802373482,8.204768050210973,7.589907052895286,4.726890839660836
2005:Q2,9.473715846476132,11.740127125619507,14.154984982289118,4.9939726765785615,8.09413652737857,5.7759834781049975,7.995366861729929,6.9736080588918155,9.834485315328394,9.81384811797249
2005:Q3,8.054350082358857,11.375408264792144,13.747682813838887,4.258750943848741,6.5287930695523215,3.421790344860328,4.049612638130308,6.555930495608009,4.663948263638865,6.056614106224889
2005:Q4,8.51003997811461,10.116789704865079,13.240066921986587,3.4306876913311184,9.262904220956749,7.5862147401688995,6.012329339824792,4.153002128281161,12.562650900311356,9.818998212523802
2006:Q1,9.268916877340127,11.492501600728607,12.879122521823014,3.4037547052321537,10.045016991456118,7.978109655974879,7.596324889172318,0.17184137519137005,11.579209374948581,11.528468344209307
2006:Q2,9.591088655427109,12.063576365840442,13.5422384805658,4.812668247543023,9.90337553454337,7.754091490567462,5.536870704611963,5.629704492324461,12.154480454191937,21.25560787892005
2006:Q3,6.366655514245598,9.0091717920007,9.892740094015517,5.1756966398980895,6.720059400698346,3.202028235175911,0.27610320252148784,5.647069227854243,7.034934918532038,24.15578239178579
2006:Q4,7.656861943214628,8.19129972182255,6.717676095601015,6.7010086785605205,10.960540420472562,9.92909661621967,2.101467561186666,5.9018796544390195,10.882663634432026,22.97417163868736
2007:Q1,8.161546167912672,6.298066465703174,7.527334348199148,4.512935154083745,10.664127692882182,8.761897146399253,8.378078303602413,8.3311683173803,12.009539414081317,13.658107187025962
2007:Q2,8.634792786979721,9.105364219574728,8.494607826165701,5.584816653300099,12.910858027189121,12.654041933156796,0.9281875443120584,8.103394647698172,11.986857191026672,24.675091161311638
2007:Q3,7.7119326514432816,6.147435023094632,7.44903623588618,7.197311364032199,13.245832658387863,13.387373217619325,3.708022547880025,4.610977000701501,16.059580937749097,10.772393886910109
2007:Q4,6.947320959249022,5.567598616777124,4.601080554685107,6.619609040845237,10.721500742721947,9.608467376404715,5.339792741471708,3.766437675429917,11.417236219300667,9.377007267332035
2008:Q1,6.829184021669818,4.893001481518969,3.376380718610586,5.537815196092474,8.015528896964883,7.353026499197357,11.111972237769066,3.1828480475398186,8.805377520373382,-5.3790071065863065
2008:Q2,3.457167376575412,-0.36265953367890613,0.9334567389681436,2.540970090475567,7.733594711813256,6.942296819113144,5.429716348439796,2.5591812466211423,5.049960397208962,-0.30548401264258407
2008:Q3,8.85575559827273,3.3604338596477765,0.38586740995328384,-0.7542790887090163,5.32902552109963,4.1618006429984655,31.201448001166565,0.8191734255900427,6.811187635720402,-26.799709395519017
2008:Q4,3.7700042343150684,-6.812163543325067,-1.720734578108618,-2.0471604026999066,1.1538549918651748,-2.5678825064351547,32.56935911349133,-1.0320261772784125,-3.6682839099176787,-11.748819853871575
2009:Q1,3.93909281703241,-0.3878022020680267,1.7354221515081778,-3.171358671724057,-2.9746560469576493,-4.159685960921225,22.268940163056726,4.746266300735386,-12.08003240277969,7.362319410255348
2009:Q2,4.993326994836746,0.8603992693236031,1.428110054650236,-5.666023721732314,-3.274629869722298,-3.6610484403404806,23.879123013429624,5.606832356487637,-11.53932987967297,14.618096429397164
2009:Q3,3.2310851731041805,0.42687794690407066,-0.15275052354426114,-2.296916292249837,-4.885986745414673,-6.051922424620778,18.6993601932879,3.2392341453585805,-9.32939281114114,10.352708021138703
2009:Q4,2.2136800133229215,0.7911103203154546,0.49980460032713364,-3.349811815411246,-4.11816167482288,-4.814706545234655,11.31997289077733,5.196942815247961,-8.523104224718619,20.48680623258594
2010:Q1,3.24925022967,-2.0445152600478758,-2.854885445030714,-3.454342698278866,-2.6241517853127045,-3.628870980361884,18.616955783202688,3.0966735513912935,-1.8747876522599405,11.042011832672273
2010:Q2,4.573247017061501,-0.435655996715743,-0.6799370064315258,-2.8598675918599703,-2.623891559091734,-3.934932597739112,21.51394926099393,0.7728732543154458,-5.908339957198766,-3.6370697024100367
2010:Q3,4.551288629042467,-1.6274379004992674,-2.031038640418003,0.5841371290797726,1.7962251103804652,3.0252384197808286,17.210856122017695,1.6081215927021397,-5.2323870050961325,12.823996490304722
2010:Q4,4.174495251048116,0.4962552253388896,-0.4810715524594984,1.3273889348108223,0.6902084383879278,1.2715776689431972,12.175708161672638,5.914827959989955,-4.85001415144521,15.752323292379211
2011:Q1,2.5292665162187036,1.6448462950658345,0.22944164848208637,3.8113794119961164,0.3533245452973365,1.4529099437751691,7.45847043901078,-2.7815848789123043,-1.2990895789962709,15.014900656255847
2011:Q2,3.390036634664063,-0.4368439015922814,-0.8025246830532389,3.152209232622042,3.2820416397647865,6.3454958758815545,10.257720071831864,-2.748488847060186,-2.8207561863262693,16.499219150534305
2011:Q3,4.871004195031499,-0.5362995044145045,-1.451106604016355,4.006144991005213,3.0275068450698206,5.927693792897024,14.675537224889926,0.43170421292342337,-4.204908366350977,-4.966178976743757
2011:Q4,4.003645137652287,0.37579801403134117,-0.3456922061271575,5.318191510481387,3.9384633666388864,6.906136205991029,9.252063139991318,1.0454538251712813,-4.6719148803365,2.043700764191134
2012:Q1,4.668460821440687,0.7904624508942544,-0.938432737304773,5.128900058757913,3.514310562115324,3.0726060940451685,11.497443388638114,0.18824399106841902,-1.17829023339239,-2.4337658371112747
2012:Q2,5.313866352036411,0.18007106541712437,-0.9710265024544513,5.772354534527144,4.326368115017192,4.126447398372268,12.765200667814366,2.62887343237807,-5.297144165743565,6.0113016799036165
2012:Q3,4.444876033104435,0.112646483060528,-1.4797434198993704,5.0799879180843295,6.679631729104857,8.042623344198024,8.338431001037181,0.2967396750066541,3.7383810095868673,13.59174159550555
2012:Q4,3.942404296548633,-0.19746438705560798,-1.0249944434755718,6.576236049540646,8.234353104190818,10.483127834666591,6.4533423430892025,-3.1174764319345583,-2.5224984839884397,14.605317347459062
2013:Q1,4.3658916061861,1.8550431034844654,-0.2655202461459908,6.899233016129783,2.6248303665918162,2.816562310829879,9.556278863870059,0.278317425747193,1.881882689570148,12.999339266499325
2013:Q2,2.823826934507555,1.1282343657585063,-0.5172372635835143,5.101200734152272,5.836792910546083,7.593085574422688,3.199663818534706,-2.1581174096306204,-0.36696301132585735,5.099017221190808
2013:Q3,3.5820118244100403,0.9642941243850838,0.23806059433256888,5.98820134194865,6.972451599654351,9.43437199824017,4.669996973356865,-1.9651012854038437,-1.3443903774353578,8.967815516646386
2013:Q4,6.174781069043232,5.251298499934409,0.052856425517521066,5.8579533721029104,5.151786224461933,6.402760373852103,8.656637995786328,3.3999840389549374,6.043625738822825,7.853473509871746
2014:Q1,4.621706959372431,2.3111799095394057,-0.2279938900468047,7.795490405371681,6.59263742087885,6.648232363907697,6.3796698666457985,-0.22806198760523247,0.11692044079938983,5.539402932828359
2014:Q2,3.709809983542551,1.8457361057384225,-0.38615482697308345,7.516150005609873,6.104472461950186,5.881037293489759,4.784243432181817,-1.8880384649841515,0.8328510385767154,17.15351501837494
2014:Q3,2.8154339409564613,-1.4116980867765516,-0.3292782904666904,6.878942931896029,6.351686437302842,6.239355602240815,6.279179826960289,-7.599460779182994,4.3926114592531045,4.718600315373657
2014:Q4,4.112977126670639,1.6834889048813515,0.9251137042464999,5.444059906281584,8.197758431805637,8.905638709660979,3.6227641007843996,0.9524450552395132,2.5968358368275104,6.395230731835257
2015:Q1,3.5564997572864363,2.310400192595585,0.3759071909106365,7.136342423573559,7.622731716468298,9.000135668716593,1.4962965942335587,2.1970972995538713,0.04073802506078068,3.6017632756612303
2015:Q2,5.525759400664629,3.443782079517918,1.7151742842797388,7.481120546602293,8.711263632509418,10.391076279730653,5.802992837649871,0.4612113153922049,2.4946811753165807,2.450188040434862
2015:Q3,3.080625523770709,2.252593263383547,1.202145153457195,7.227941670390392,5.682101640372201,5.684223620936808,2.054970916633421,0.7176484814250045,1.8043110569070324,-7.63547054953269
2015:Q4,5.7351686969066336,2.451811749402705,1.80340505398318,5.703870578889979,5.697524261028597,5.764851697458717,10.411185011560702,-1.3210326025188357,1.3464239301805592,-1.1243614400340118
2016:Q1,5.35886623917541,2.8563486878453994,1.1655502716259682,7.824726111572887,8.485538521659047,8.771232267272854,5.744268017459666,1.3309667709198412,4.5974212574930675,-4.1339589973227415
2016:Q2,4.502145975882088,3.5078302795705536,2.177980105434364,6.533696720322569,4.053562670436651,1.8648277930049653,6.255230589915961,2.385830092740953,3.2781989203611777,1.3780617272523463
2016:Q3,4.73916811581952,3.8084055845871343,2.463499425809571,7.013301002472851,5.392820032573976,4.078946671650492,5.784247488580785,0.9217214236109519,3.0709359167091286,-0.16290173446941655
2016:Q4,2.5830371801724366,2.4022007522904256,2.4142277949308504,5.723126576778455,1.8603471921546395,-1.5521519636569112,3.9969160739940794,-0.4509495104203244,-0.5869570685690434,7.65413836573893
2017:Q1,2.65663914834511,4.034911866030185,3.410814017049174,5.440988594666796,6.061869790043168,4.447787361339762,-0.6608798047749957,-2.1263297379430717,2.389608244015951,9.588927040642355
2017:Q2,4.931984521317123,3.9784151508629018,2.802358122832136,4.669906446820663,6.81873283850985,5.670915831452515,5.1799443062096575,-0.5246309536364585,3.432318507616889,7.259313593015627
2017:Q3,4.620919054305271,2.976019633629199,2.744058000306383,4.669516143403326,5.565473237837913,3.7942580621624256,6.250697246259368,-0.4205084353730441,4.343136929484967,7.817204707258965
2017:Q4,4.679034199227502,4.763777549375234,3.185774720626972,6.180448253805673,5.658397760546437,3.8904285094828053,4.017956687058922,3.097093399101321,-0.9648299328553529,19.075630226082264
2018:Q1,5.678289924688409,3.5870460184648407,2.7643443043400104,4.7728503348854,4.348937059309852,3.94410579500509,10.379167452326882,-2.638513061740879,1.3882694892842997,10.559375818057896
2018:Q2,4.343488141329746,3.1362360961214533,3.261320467078875,3.1347932865806225,3.247097925973856,2.181122400199048,7.184501325264336,0.14339713973334453,0.7153794341834265,5.88030767729713
2018:Q3,4.476292398949447,3.274362959904746,3.292036175567599,4.7888430035288385,4.885053551104944,4.667832486936685,5.924272177670021,0.30694280839283683,1.9707090192158692,6.820662162182124
2018:Q4,4.072955239572657,2.7590957632617372,2.415992481291983,5.041282366662368,4.5487456381353635,4.157376814994099,6.006007611415648,-2.6901877638491647,2.828198801261763,2.6157902952191274
2019:Q1,4.317607136003909,2.48718161407601,2.3627115299345234,4.4953373633647224,6.387660877377073,8.92121020265755,5.167341178676507,-2.1095561218084957,1.8347226177487395,-4.881355172514298
2019:Q2,3.7683496721674135,4.212452856403579,3.295898167987122,4.2005904014691735,3.959039632633315,5.0814938249614,4.171363713512203,-1.823146707183967,3.44659962151569,9.226172511682174
2019:Q3,6.419826587401792,3.6299234034195464,3.019257142993608,5.033158095513485,5.719591729220657,7.952270006964647,10.416305415994083,0.848821126764361,4.391571960767689,1.7751779036617892
2019:Q4,3.94314433341001,3.575005305353316,2.497409759401236,4.441929928578892,2.2050024305971436,2.280301059147466,5.953556926006895,3.0790622511359715,0.8400083351389757,0.888017135907017
2020:Q1,10.27307281098276,3.421598774369819,2.78134876163633,0.8589065787921614,19.729614984165824,27.481486217084278,9.258208838168846,0.9230451336449687,29.83284164468775,-9.104355967800567
2020:Q2,27.059181416808308,-0.4646813183652995,2.440507193381346,-6.399189137572414,15.223009928897447,16.12152927705389,64.60872366061899,3.60435538637926,-11.180857803753836,4.601788585131365
2020:Q3,4.594257218079252,5.419979437861476,5.222454696996133,2.5640508311068397,0.12506311651220653,-3.6694845776493907,7.4774783044331175,5.644408080993892,-0.014620166365883583,0.665813192891342
2020:Q4,5.669805453388318,5.545927972638954,4.414742782190387,1.893455352543668,1.147732110487207,-2.27241200241156,9.907947568938518,1.725141008462927,6.776632520940424,13.497912192676017
2021:Q1,4.976415779851077,6.01543937882432,5.395401709729594,3.846179809748429,4.8580735872799075,4.319942281873585,4.553683763339792,3.3550441540058693,6.08719627946384,21.828409820418347
2021:Q2,7.29666726578985,7.710784768734023,7.991973020009342,7.158684355275577,2.6211188132440144,2.583780091308573,11.207488323974477,3.18331422308891,5.157687226999844,8.140238809231798
2021:Q3,3.545540433811133,7.207370375243459,7.685523778632914,5.178573798596147,4.726511215063524,5.547873015702938,0.07714792172782466,2.954667209792726,5.013141750236359,19.718169566409763
2021:Q4,8.731743044017099,7.738830199121079,7.985817521829734,5.7678019311200615,7.072559369332156,5.291702014234864,12.056859140994835,-0.9780775921566907,4.160720369541396,4.761380180465682
2022:Q1,8.266861004831588,7.909136402280106,8.438799888531243,7.547010108046452,7.859901256467407,8.295634672139487,10.220614542423688,-2.356193788479417,12.870050513962495,9.623317247904582
2022:Q2,6.267306265150537,7.160779037837963,8.45779178631043,8.861006752997737,7.10914611173005,7.164377797304742,5.56084775988737,1.6378047413639856,6.511408182341445,8.440842183649941
2022:Q3,4.488645101635646,6.219414811989534,6.540423314545013,6.610158820062035,4.057226035722649,3.790991845649483,4.185067029294314,-0.394491948443611,5.746234015041651,10.604144040397696
2022:Q4,3.0729391559552917,3.017891082901841,3.5265381036071424,6.556589939417494,3.254386560372841,1.793125683741267,3.9757151285333303,-5.062055472547526,10.375363988520458,-4.274106192862719
2023:Q1,3.761517502491955,2.419026126957659,2.8002356163306166,4.02997616066699,4.522631785541608,4.848267160210262,4.451580974012651,1.2300426732349887,12.223070100587966,2.2250017146241836
2023:Q2,6.305802183032247,3.138089561694836,2.926733305221459,3.47494498619054,1.5370207356347139,1.5442336503950918,12.671661331564032,2.8166443844112714,-6.174948258724845,5.069440690941035
2023:Q3,5.361055336518357,3.1699599184408926,3.624909402078263,0.39079689065092094,1.3056616174089508,1.1662772204664273,10.597040661764392,-0.28857382553220845,-2.31460482185369,2.574781106193599
2023:Q4,4.703828634084095,2.270147268400587,2.0937183612093917,2.592485258746157,0.6471921032227318,-0.11730052354884037,10.008857654974873,-1.0774980697299403,3.8236990699638014,3.298814198487819
2024:Q1,4.527868071593899,2.8984486616409635,2.1451601494284245,1.8445768899990933,3.9587964276008214,4.841874494710666,6.202270215438256,3.0387953374513077,2.0783400888393584,6.5177569406018225
