date,FA263192101.Q,FA103092105.Q,FA763092100.Q,FA513092103.Q,FA543092173.Q,FA613092103.Q,FA663092103.Q,FA733092103.Q,FA103192105.Q,FA115114103.Q,FA753192103.Q,FA513192103.Q,FA543192173.Q,FA613192103.Q,FA663192103.Q,FA733192103.Q,FA503192103.Q,FA263092101.Q,FA263192005.Q,FA263092001.Q
1945:Q4,ND,ND,ND,ND,ND,ND,ND,ND,ND,ND,ND,ND,ND,ND,ND,ND,ND,ND,ND,ND
1946:Q1,ND,ND,ND,ND,ND,ND,ND,ND,ND,ND,ND,ND,ND,ND,ND,ND,ND,ND,ND,ND
1946:Q2,ND,ND,ND,ND,ND,ND,ND,ND,ND,ND,ND,ND,ND,ND,ND,ND,ND,ND,ND,ND
1946:Q3,ND,ND,ND,ND,ND,ND,ND,ND,ND,ND,ND,ND,ND,ND,ND,ND,ND,ND,ND,ND
1946:Q4,221,195,4,5,7,5,5,0,-8,0,1,1,1,0,2,0,0,-3,230,-4
1947:Q1,ND,ND,ND,ND,ND,ND,ND,ND,ND,ND,ND,ND,ND,ND,ND,ND,ND,ND,ND,ND
1947:Q2,ND,ND,ND,ND,ND,ND,ND,ND,ND,ND,ND,ND,ND,ND,ND,ND,ND,ND,ND,ND
1947:Q3,ND,ND,ND,ND,ND,ND,ND,ND,ND,ND,ND,ND,ND,ND,ND,ND,ND,ND,ND,ND
1947:Q4,720,711,2,1,-1,4,3,0,30,-2,-2,-7,-7,-1,-3,0,0,8,749,10
1948:Q1,ND,ND,ND,ND,ND,ND,ND,ND,ND,ND,ND,ND,ND,ND,ND,ND,ND,ND,ND,ND
1948:Q2,ND,ND,ND,ND,ND,ND,ND,ND,ND,ND,ND,ND,ND,ND,ND,ND,ND,ND,ND,ND
1948:Q3,ND,ND,ND,ND,ND,ND,ND,ND,ND,ND,ND,ND,ND,ND,ND,ND,ND,ND,ND,ND
1948:Q4,693,685,1,0,-2,4,5,0,65,1,-7,-12,-11,-1,-8,0,0,27,721,34
1949:Q1,ND,ND,ND,ND,ND,ND,ND,ND,ND,ND,ND,ND,ND,ND,ND,ND,ND,ND,ND,ND
1949:Q2,ND,ND,ND,ND,ND,ND,ND,ND,ND,ND,ND,ND,ND,ND,ND,ND,ND,ND,ND,ND
1949:Q3,ND,ND,ND,ND,ND,ND,ND,ND,ND,ND,ND,ND,ND,ND,ND,ND,ND,ND,ND,ND
1949:Q4,634,617,3,1,0,7,6,0,64,-1,-4,-7,-5,-1,-2,0,0,44,660,56
1950:Q1,ND,ND,ND,ND,ND,ND,ND,ND,ND,ND,ND,ND,ND,ND,ND,ND,ND,ND,ND,ND
1950:Q2,ND,ND,ND,ND,ND,ND,ND,ND,ND,ND,ND,ND,ND,ND,ND,ND,ND,ND,ND,ND
1950:Q3,ND,ND,ND,ND,ND,ND,ND,ND,ND,ND,ND,ND,ND,ND,ND,ND,ND,ND,ND,ND
1950:Q4,597,579,3,1,0,8,6,0,147,2,-14,-26,-23,-2,-21,0,0,63,621,80
1951:Q1,ND,ND,ND,ND,ND,ND,ND,ND,ND,ND,ND,ND,ND,ND,ND,ND,ND,ND,ND,ND
1951:Q2,ND,ND,ND,ND,ND,ND,ND,ND,ND,ND,ND,ND,ND,ND,ND,ND,ND,ND,ND,ND
1951:Q3,ND,ND,ND,ND,ND,ND,ND,ND,ND,ND,ND,ND,ND,ND,ND,ND,ND,ND,ND,ND
1951:Q4,488,467,5,0,1,7,8,0,103,2,-6,-10,-8,-1,-9,0,0,71,508,90
1952:Q1,1452,1452,0,0,0,0,0,0,-4,4,0,0,0,0,8,0,0,8,1512,56
1952:Q2,2292,2244,8,8,8,12,12,0,-48,0,12,4,4,4,4,0,0,-20,2384,44
1952:Q3,1196,1148,8,4,8,12,16,0,-160,4,8,4,0,4,8,0,0,-132,1244,-88
1952:Q4,-1664,-1728,8,0,8,24,24,0,508,8,36,4,0,-4,12,0,0,564,-1732,516
1953:Q1,1488,1436,8,8,8,12,16,0,-32,0,8,0,4,4,12,0,0,-4,1548,76
1953:Q2,1680,1628,8,8,8,12,16,0,-260,4,12,4,8,4,16,0,0,-212,1748,-180
1953:Q3,1464,1408,8,8,8,16,16,0,-80,8,16,4,4,4,12,0,0,-32,1524,44
1953:Q4,-1808,-1864,12,0,12,16,16,0,672,8,20,4,12,4,28,0,0,748,-1880,692
1954:Q1,1196,1136,8,8,8,16,20,0,-44,4,12,4,4,4,16,0,0,0,1244,68
1954:Q2,1636,1572,12,8,12,16,16,0,68,8,12,4,8,4,12,0,0,116,1704,200
1954:Q3,868,800,12,8,12,16,20,0,56,4,8,4,4,0,12,0,0,88,904,172
1954:Q4,-1136,-1208,16,8,8,20,20,0,172,12,12,-16,0,0,12,0,0,192,-1184,56
1955:Q1,1204,1132,12,8,12,16,24,0,-68,4,8,4,4,4,12,0,0,-32,1252,56
1955:Q2,2020,1952,12,4,12,20,20,0,-144,8,12,8,8,4,16,0,0,-88,2100,16
1955:Q3,1472,1396,12,8,12,20,24,0,-176,4,16,4,4,4,16,0,0,-128,1532,-44
1955:Q4,-1532,-1624,16,16,12,24,24,0,816,16,16,-4,4,0,24,0,0,872,-1592,760
1956:Q1,2252,2176,12,8,8,20,28,0,220,4,16,8,4,4,16,0,0,272,2344,372
1956:Q2,2684,2600,16,12,12,20,24,0,320,8,8,4,4,0,12,0,0,356,2792,444
1956:Q3,3312,3220,16,12,12,24,28,0,336,4,8,0,4,4,8,0,0,364,3444,440
1956:Q4,-744,-844,24,8,12,28,28,0,-340,12,20,12,8,8,28,0,0,-252,-776,-328
1957:Q1,2440,2352,12,8,12,24,32,0,140,0,12,4,0,0,16,0,0,172,2540,216
1957:Q2,4888,4792,20,12,12,24,28,0,184,4,0,4,4,0,12,0,0,208,5084,260
1957:Q3,1812,1708,20,12,12,28,32,0,32,4,4,0,4,0,12,0,0,56,1884,72
1957:Q4,248,132,20,8,16,36,36,0,20,4,20,24,20,-4,-28,0,0,56,260,72
1958:Q1,1316,1236,12,12,8,24,24,0,272,4,0,4,4,0,0,0,0,284,1368,360
1958:Q2,2496,2404,12,8,16,24,32,0,300,8,4,0,0,0,0,0,0,312,2596,392
1958:Q3,1508,1412,12,12,12,28,32,0,284,4,4,0,0,0,0,0,0,292,1568,368
1958:Q4,-776,-872,12,8,16,32,28,0,-548,12,-4,-20,-20,-4,8,0,0,-576,-808,-728
1959:Q1,2160,2060,12,12,16,24,36,0,400,8,4,0,0,0,-4,0,0,408,2248,516
1959:Q2,3068,2960,16,12,12,32,36,0,488,8,8,4,4,4,4,0,0,520,3192,656
1959:Q3,2024,1920,12,12,16,32,32,0,368,8,8,4,0,4,8,0,0,400,2104,504
1959:Q4,-1976,-2084,16,12,12,32,36,0,-652,16,24,4,4,0,28,0,0,-576,-2056,-724
1960:Q1,2204,2092,16,8,16,32,40,0,300,0,12,0,4,4,12,0,0,332,2296,416
1960:Q2,1060,952,12,8,16,36,36,0,172,4,16,8,4,4,24,0,0,232,1116,292
1960:Q3,1628,1516,12,12,16,32,40,0,208,4,16,8,8,8,28,0,0,280,1684,364
1960:Q4,6412,6284,16,16,16,40,40,0,88,4,16,-8,-4,12,52,0,0,160,6664,188
1961:Q1,2868,2740,16,12,16,40,44,0,240,8,16,8,4,4,20,0,0,300,2984,380
1961:Q2,2452,2324,20,12,12,36,48,0,316,8,12,0,4,4,8,0,0,352,2564,448
1961:Q3,3260,3128,16,12,16,44,44,0,132,12,8,4,4,4,4,0,0,168,3384,220
1961:Q4,1624,1488,16,12,20,40,48,0,272,8,-8,-44,-40,4,-28,0,0,164,1684,196
1962:Q1,1948,1812,16,12,16,44,48,0,140,4,8,0,4,0,16,0,0,172,2028,220
1962:Q2,2384,2240,16,12,20,44,52,0,260,4,12,4,4,4,12,0,0,300,2496,380
1962:Q3,2748,2592,20,16,20,48,52,0,144,0,8,4,4,4,8,0,0,172,2848,228
1962:Q4,3876,3728,20,12,12,48,56,0,320,4,32,24,20,8,44,0,0,452,4032,556
1963:Q1,3672,3508,20,16,20,52,56,0,184,4,8,0,4,4,12,0,0,216,3816,276
1963:Q2,3352,3200,16,12,20,48,56,0,400,4,0,4,0,0,-4,0,0,404,3496,516
1963:Q3,2812,2636,20,16,20,56,64,0,356,4,0,-4,0,0,-8,0,0,348,2912,448
1963:Q4,3556,3388,20,12,20,56,60,0,-148,8,-24,-20,-20,4,-36,0,0,-236,3708,-316
1964:Q1,3152,2972,24,16,16,60,64,0,272,4,0,0,0,0,-8,0,0,268,3276,340
1964:Q2,3708,3528,20,16,20,56,68,0,316,8,8,4,4,0,8,0,0,348,3864,444
1964:Q3,3920,3732,20,16,24,60,68,0,132,4,4,4,4,4,8,0,0,160,4068,212
1964:Q4,3668,3472,20,16,20,68,72,0,284,8,-8,-28,-24,4,8,0,0,244,3824,292
1965:Q1,6352,6148,24,16,24,64,76,0,540,4,8,4,4,4,4,0,0,568,6600,720
1965:Q2,5332,5132,24,16,16,68,76,0,-40,8,-8,-4,-4,-4,-28,0,0,-80,5560,-88
1965:Q3,4140,3928,24,12,24,72,80,0,476,8,-12,-4,-4,-4,-32,0,0,428,4296,552
1965:Q4,3440,3184,28,24,32,80,92,0,508,12,-32,-4,-4,0,-84,0,0,396,3588,472
1966:Q1,4300,4072,28,16,24,76,84,0,432,0,-12,-4,-4,-4,-24,0,0,384,4460,488
1966:Q2,5252,5024,24,20,20,76,88,0,268,4,16,4,4,4,24,0,0,324,5492,420
1966:Q3,5068,4824,24,16,24,84,96,0,-172,4,12,8,8,4,24,0,0,-112,5256,-128
1966:Q4,6208,5964,28,20,24,84,88,0,500,4,60,36,32,8,116,0,0,756,6464,924
1967:Q1,4528,4296,72,72,32,28,28,0,616,12,16,4,4,0,12,0,0,664,4744,836
1967:Q2,3716,3472,76,76,32,24,36,0,632,16,4,4,4,4,-12,0,0,652,3856,832
1967:Q3,5244,4984,80,80,36,32,32,0,400,16,8,4,4,4,-16,0,0,420,5436,540
1967:Q4,4988,4716,88,88,32,28,36,0,544,16,0,-20,-16,0,-44,0,0,480,5188,584
1968:Q1,3740,3456,88,96,36,28,36,0,1120,12,8,4,4,4,-12,0,0,1140,3924,1436
1968:Q2,4476,4184,96,100,36,28,32,0,376,12,12,4,8,4,8,0,0,424,4688,544
1968:Q3,6032,5716,104,108,40,32,32,0,352,16,12,4,4,0,32,0,0,420,6292,536
1968:Q4,6108,5768,112,120,36,32,40,0,608,16,8,-28,-16,0,-8,0,0,580,6272,716
1969:Q1,5972,5620,116,124,40,32,40,0,992,16,12,4,8,0,4,0,0,1036,6224,1300
1969:Q2,6352,5996,124,128,40,32,32,0,640,16,20,8,8,8,12,0,0,712,6652,908
1969:Q3,5924,5544,128,144,40,32,36,0,748,16,20,4,12,4,12,0,0,816,6192,1032
1969:Q4,4664,4248,140,156,48,32,40,0,1204,20,52,36,44,16,80,0,0,1452,4768,1812
1970:Q1,7484,7068,148,160,40,32,36,0,1904,28,20,8,8,8,0,0,0,1976,7832,2480
1970:Q2,8168,7724,156,172,44,32,40,0,656,24,16,8,8,4,-8,0,0,708,8576,904
1970:Q3,6600,6144,164,184,40,32,36,0,1132,24,16,4,4,8,-8,0,0,1180,6872,1492
1970:Q4,6928,6424,176,200,52,36,40,0,704,28,24,0,4,12,12,0,0,784,7080,980
1971:Q1,-6408,-6932,192,212,44,36,40,0,660,8,16,8,4,4,16,0,0,716,-6612,900
1971:Q2,7420,6876,196,228,48,32,40,0,476,12,20,4,12,8,24,0,0,556,7796,700
1971:Q3,8860,8300,204,236,48,32,40,0,-996,12,16,8,8,4,20,0,0,-928,9232,-1168
1971:Q4,5240,4600,232,268,56,40,44,0,900,16,-4,-60,-44,0,12,0,0,820,5312,1036
1972:Q1,-13292,-13928,236,276,48,32,44,0,-740,16,20,8,8,8,16,0,0,-664,-13736,-836
1972:Q2,5652,4980,248,296,52,36,40,0,756,16,16,4,8,8,8,0,0,816,5924,1028
1972:Q3,9400,8688,268,316,52,36,40,0,1180,16,16,8,8,4,12,0,0,1244,9740,1568
1972:Q4,6412,5520,316,372,72,60,72,0,1764,20,-12,-68,-56,4,-32,0,0,1620,6576,2040
1973:Q1,-60348,-61144,300,364,56,36,40,0,3004,84,16,4,4,8,-80,0,0,3040,-62788,3828
1973:Q2,10312,9468,320,384,60,36,44,0,3616,124,56,24,28,16,-52,0,0,3812,10764,4804
1973:Q3,8312,7436,332,412,56,36,40,0,1492,100,56,24,24,20,-24,0,0,1692,8636,2132
1973:Q4,10472,9460,380,460,64,52,56,0,156,136,96,-76,-48,44,40,0,0,348,10872,436
1974:Q1,-3468,-4468,380,472,64,36,48,0,5740,120,56,-244,24,20,-52,0,0,5664,-3600,7136
1974:Q2,6828,5780,404,504,60,40,40,0,1620,120,228,-248,-208,-4,204,0,0,1712,7160,2156
1974:Q3,16848,15732,424,540,68,36,48,0,5024,124,224,-244,-212,-4,200,0,0,5112,17540,6440
1974:Q4,14592,13412,456,576,64,40,44,0,2024,128,408,-228,-124,-20,440,0,0,2628,15108,3312
1975:Q1,15448,14196,480,620,64,40,48,0,360,-16,224,144,124,0,48,0,0,884,16088,1112
1975:Q2,15296,13968,512,660,72,40,44,0,2440,-16,20,144,124,0,48,0,0,2760,15960,3480
1975:Q3,5748,4344,544,704,68,40,48,0,-52,-16,20,144,124,4,48,0,0,272,5980,344
1975:Q4,18268,16788,572,752,68,40,48,0,4232,-20,-188,148,120,0,56,0,0,4348,18948,5476
1976:Q1,15064,13480,612,808,72,44,48,0,4312,12,20,140,172,4,8,0,0,4668,15692,5884
1976:Q2,7708,6024,652,864,80,40,48,0,2808,12,100,208,176,8,136,0,0,3448,8068,4344
1976:Q3,12796,11120,584,924,76,40,52,0,2528,16,104,208,176,4,136,0,0,3172,13308,3996
1976:Q4,10372,7908,908,1208,128,104,116,0,1260,64,276,292,264,12,340,0,0,2508,10728,3160
1977:Q1,7200,5196,776,1052,80,44,52,0,2456,-12,100,208,176,8,176,0,0,3112,7520,3920
1977:Q2,14508,12380,824,1132,80,44,48,0,2620,-16,108,88,72,4,188,0,0,3064,15132,3860
1977:Q3,10632,8368,876,1208,88,40,52,0,2792,-12,108,88,76,4,192,0,0,3248,11048,4092
1977:Q4,13372,10872,960,1332,92,56,60,0,1608,-24,156,208,168,8,292,0,0,2416,13664,3044
1978:Q1,18324,16536,912,680,128,168,-100,0,3896,108,108,88,72,4,28,0,0,4304,19024,5424
1978:Q2,14264,12388,960,704,136,176,-100,0,6600,124,136,232,196,16,40,0,0,7344,14880,9252
1978:Q3,10628,8656,1016,728,140,184,-96,0,7576,152,140,232,200,16,0,0,0,8316,9728,10480
1978:Q4,18512,16252,1140,836,160,204,-80,0,3900,192,244,332,292,36,108,0,0,5104,19164,6432
1979:Q1,20940,18772,1136,776,148,200,-92,0,3560,340,476,604,196,16,-256,0,0,4936,22788,6216
1979:Q2,27728,25460,1196,808,152,204,-92,0,8416,340,472,604,512,36,268,0,0,10648,29900,13416
1979:Q3,27624,25236,1268,832,160,216,-88,0,8500,340,472,600,516,40,268,0,0,10736,30688,13528
1979:Q4,20676,17956,1420,952,180,240,-72,0,8216,224,608,792,580,68,904,0,0,11392,23908,14352
1980:Q1,19844,17220,1412,892,168,236,-84,0,7392,908,1316,604,516,-336,144,0,0,10544,23792,13284
1980:Q2,10200,7452,1496,920,176,240,-84,0,15200,844,652,308,804,332,132,0,0,18272,14220,23024
1980:Q3,16072,13180,1580,956,184,256,-84,0,10532,1012,868,276,428,824,1020,0,0,14960,20604,18852
1980:Q4,27780,24476,1784,1096,208,284,-68,0,7996,688,-200,428,412,520,88,0,0,9932,33132,12512
1981:Q1,7800,4620,1768,1016,196,276,-76,0,9344,1024,720,248,124,-1268,-204,0,0,9988,11836,12584
1981:Q2,21964,18628,1864,1060,200,288,-76,0,13036,1032,1776,292,420,84,168,0,0,16808,25720,21176
1981:Q3,4404,924,1968,1088,204,296,-76,0,13560,1128,1244,504,352,500,188,0,0,17476,11780,22020
1981:Q4,2832,-920,2120,1160,224,316,-68,0,27712,2268,2824,1052,1636,-560,784,0,0,35716,12488,45004
1982:Q1,18354,12322,2880,1732,212,848,360,0,-2156,1464,1804,136,436,-320,720,0,0,2084,23421,8617
1982:Q2,18441,14321,1432,1232,136,780,540,0,2060,648,1012,-96,664,680,428,0,0,5396,14484,11784
1982:Q3,15749,12245,1736,1304,44,1076,-656,0,6872,1012,968,-112,-88,-736,616,0,0,8532,6952,11396
1982:Q4,19429,21233,472,-544,88,-1016,-804,0,3912,1028,864,948,100,1192,688,0,0,8732,27860,18740
1983:Q1,22027,16243,2304,772,28,2404,276,0,3472,1960,788,-56,120,-348,444,0,0,6380,8096,5020
1983:Q2,18099,14699,1264,1820,256,-124,184,0,3588,676,-8,-16,-48,564,136,0,0,4892,13092,13148
1983:Q3,23835,20707,1296,1308,180,80,264,0,3188,820,1028,844,-52,696,168,0,0,6692,23160,16236
1983:Q4,31763,28623,2432,240,244,-32,256,0,10760,956,748,188,252,-2028,12,0,0,10888,27540,7080
1984:Q1,24512,22072,600,416,-28,2200,-748,0,10192,1444,680,164,-488,3852,732,0,0,16576,16356,19436
1984:Q2,26316,23400,2676,1244,108,-1788,676,0,15176,524,640,-204,-244,224,320,0,0,16436,17600,34500
1984:Q3,22512,19404,844,1096,184,1408,-424,0,8592,244,2268,-516,-312,2700,124,0,0,13100,16984,17724
1984:Q4,20120,15652,3096,64,788,552,-32,0,15656,1312,1492,300,3936,-568,-44,0,0,22084,30140,26208
1985:Q1,13172,15552,-392,-1824,-228,56,8,0,14248,1056,660,-216,-444,-308,-780,0,0,14216,9428,19648
1985:Q2,28468,25176,1528,1344,444,-32,8,0,9296,-364,336,-288,240,880,-116,0,0,9984,15232,17504
1985:Q3,8624,9132,-2460,1188,-4,632,136,0,10496,108,2360,852,1320,-976,24,0,0,14184,12044,19360
1985:Q4,21868,20952,2204,-1444,-36,-256,448,0,19072,1016,1424,436,-268,-1392,-432,0,0,19856,22564,22472
1986:Q1,17924,13952,-1724,912,-320,5052,52,0,-408,528,800,-364,-1376,-336,280,0,7180,6304,33176,13720
1986:Q2,21268,17532,796,1256,-1452,3204,-68,0,12352,524,740,32,452,-224,136,176,688,14876,19432,22080
1986:Q3,12820,16228,-2200,1800,288,-3460,164,0,25444,428,2224,136,4688,1776,224,0,-7080,27840,13624,34984
1986:Q4,8656,15932,-5376,-1888,248,-32,-228,0,52492,2380,1004,668,2812,5172,1528,-8,-18580,47468,10172,70892
1987:Q1,21592,20708,-1384,3128,28,-996,108,0,24700,-64,572,-540,1116,-1932,3484,-4,-2656,24676,26676,51532
1987:Q2,22096,22476,-3188,1492,16,1348,-48,0,24620,456,-1824,1592,1156,4912,1836,0,-8524,24224,22972,34372
1987:Q3,29200,27196,680,844,116,368,-4,0,35456,-412,1712,200,-508,-3944,556,4,1780,34844,30432,83052
1987:Q4,39912,38464,-1932,940,-32,-4108,6580,0,33300,5508,2172,-2348,1860,-312,2120,136,8964,51400,44856,64920
1988:Q1,6088,1604,-1488,3476,284,3744,-1532,0,51504,820,4436,1108,1184,2552,2160,0,-18424,45340,14300,33700
1988:Q2,5168,4492,-1276,1684,-176,1256,-812,0,63692,560,908,508,-912,236,-5204,4,-15532,44260,2868,54864
1988:Q3,30616,26108,80,2276,368,2136,-352,0,46780,400,-580,404,1304,-1368,5400,100,-16276,36164,30080,55116
1988:Q4,3484,332,648,1876,-608,1460,-224,0,76756,-1224,4488,2128,3676,-2764,-352,-80,-23700,58928,17260,87260
1989:Q1,32120,27700,-884,1536,-448,4108,108,0,10728,904,1208,-376,1952,9280,-1764,0,-8140,13792,51192,74332
1989:Q2,23104,4720,700,1488,-412,17616,-1008,0,22524,1476,44,964,-220,10688,1228,-4,4504,41204,23772,61300
1989:Q3,26140,11120,776,1924,-716,13068,-32,0,55920,500,2320,2596,1524,-11908,-60,0,-1780,49112,29028,46076
1989:Q4,18368,16024,-2808,-1492,808,5112,724,0,81344,-128,2612,2380,668,14044,4428,-140,-34720,70488,51276,91380
1990:Q1,35124,44756,1020,2416,288,-13756,400,0,29440,708,2220,1028,1320,-2644,148,84,19892,52196,38776,63096
1990:Q2,20668,23016,840,-620,-40,-2620,92,0,22388,972,2540,700,-632,2784,452,4,13140,42348,15568,55092
1990:Q3,50336,39108,-1988,1232,1440,10216,328,0,80688,388,752,1144,160,-7956,276,12,-43396,32068,71464,33256
1990:Q4,39364,49292,796,2328,636,-14132,444,0,69704,5584,-1240,4380,5712,-1484,1576,356,-42568,42020,5252,42544
1991:Q1,48116,24608,1624,624,552,20504,204,0,46536,-352,2360,8276,1380,-8648,4352,4,-15028,38880,66732,16300
1991:Q2,25872,40768,-1756,992,52,-14656,472,0,-20284,-148,-1400,-292,-148,28672,1020,4,9688,17112,3692,53512
1991:Q3,38728,35432,380,-1076,-620,3904,708,0,-6016,256,1572,2720,4532,-17908,1156,24,30912,17248,34300,-5412
1991:Q4,52104,58360,-3488,-928,2156,-4388,392,0,856,360,3916,-1820,24,2380,-16,-168,31224,36756,51744,28284
1992:Q1,49108,28108,1080,788,496,18036,600,0,26620,128,2440,736,1196,2336,740,-24,-18472,15700,78964,8344
1992:Q2,35128,37056,1424,928,692,-5960,988,0,6648,184,1328,288,1472,1304,444,0,900,12568,37260,23664
1992:Q3,22456,36128,1408,-14476,-124,-704,224,0,-3304,176,1016,208,-432,2512,184,-8,17780,18132,16820,11592
1992:Q4,39544,34388,1536,144,-84,1404,2156,0,-5868,-344,9312,264,1848,1932,-756,36,27272,33696,44768,35692
1993:Q1,45640,51560,668,2580,260,-10204,776,0,17712,-48,-120,288,-3768,-6628,13620,8,-5948,15116,59928,32240
1993:Q2,60164,27232,-228,984,-1080,30860,2396,0,-544,-396,3176,-892,1808,9156,13300,0,-10576,15032,93056,45544
1993:Q3,65048,66344,3088,2876,-88,-7336,164,0,-37048,48,-584,-248,820,3584,13208,8,41888,21676,52616,46752
1993:Q4,74280,14584,-40,496,-380,59116,504,0,25752,-800,952,-476,-2428,15968,7936,-104,-8172,38628,130204,80912
1994:Q1,53852,52792,-296,-4672,20,6116,-108,0,29996,256,1696,2028,1800,-628,1032,4,-9196,26988,114216,23532
1994:Q2,57668,55868,2908,372,984,-2884,420,0,12444,-32,680,1164,112,1620,772,0,2872,19632,59724,23068
1994:Q3,59800,56824,2756,1148,-464,-660,196,0,50892,-136,2872,1604,944,364,712,24,-13232,44044,69264,54836
1994:Q4,87336,88312,2432,7208,1568,3652,-15836,0,62712,460,6772,1604,2948,3860,9284,372,-10300,77712,77468,83048
1995:Q1,72600,66552,-472,2164,96,4860,-600,0,49448,20,6092,1312,1088,-3476,2012,12,-4012,52496,77300,39696
1995:Q2,57500,53332,1956,-72,988,1060,236,0,46224,-116,716,4532,564,-1476,1548,28,-13996,38024,60312,47552
1995:Q3,82512,75324,2812,3804,-440,476,536,0,56512,-4,9664,1320,1292,3312,1672,24,-15128,58664,87092,67056
1995:Q4,164956,149024,2112,8272,820,4584,144,0,71816,1808,6764,-4472,2924,4228,828,-116,-7704,76076,170296,76800
1996:Q1,103208,95344,2496,2620,916,5740,-3908,0,13628,620,-724,2552,268,2260,2572,28,57532,78736,95032,114072
1996:Q2,59092,49764,816,2496,712,4508,796,0,101732,-204,-6988,2464,276,3632,2768,124,-52780,51024,60384,64740
1996:Q3,75548,62140,4504,2652,888,2872,2492,0,35992,96,2504,1912,1628,-5872,2956,356,18800,58372,92516,61032
1996:Q4,91036,67020,4300,7208,520,14616,-2628,0,85788,-340,6380,14440,-1276,4920,2804,-108,-11784,100824,119592,106164
1997:Q1,113496,99028,1696,6764,2836,1644,1528,0,60936,216,3544,-924,2200,6408,4500,-312,-8280,68288,118180,114504
1997:Q2,94580,76592,3864,6268,472,6416,968,0,113620,-44,10684,2008,12320,-3072,4444,72,-80736,59296,99536,92600
1997:Q3,83260,72668,4368,6620,-560,1844,-1680,0,114108,856,6284,10868,3684,-12812,5140,192,-59312,69008,84868,71460
1997:Q4,103888,68308,1392,2120,3976,23888,4204,0,17004,856,568,2228,1808,16620,476,-208,61916,101268,116640,143836
1998:Q1,141596,151708,4604,-2180,2312,-16948,2100,0,72304,-20,-484,1576,656,-2984,-1480,772,-8592,61748,167376,79036
1998:Q2,119052,95096,784,6172,2988,13236,776,0,104476,-60,36,552,2212,6908,-916,-104,-55580,57524,178756,81564
1998:Q3,93220,84008,-3168,5280,-2552,8104,1548,0,37200,-352,15628,420,556,-4108,-976,-48,19924,68244,81916,93960
1998:Q4,112576,96224,7536,14444,-1128,-12076,7576,0,266220,1336,-1412,8,4604,11636,-352,-608,130788,412220,142532,461620
1999:Q1,159224,137988,1536,5828,468,6184,7220,0,-20388,800,-4120,356,780,-17136,3904,-1372,79568,42392,273992,115036
1999:Q2,136152,117288,1368,1800,1368,6524,7804,0,366508,376,52880,14540,35628,15284,-5164,11372,26120,517544,200132,562804
1999:Q3,201708,179060,1784,8940,2120,2988,6816,0,67044,476,-924,20024,-376,8196,552,3012,34788,132792,255136,202576
1999:Q4,152456,140816,1156,5792,1328,28212,-24848,0,107152,520,11684,3204,4396,19072,2648,-3660,63664,208680,167304,276004
2000:Q1,176796,147904,7064,4328,3408,2484,11608,0,120096,-1020,3208,3940,6904,-10900,2172,488,55904,180792,138208,207400
2000:Q2,210136,183144,5700,9728,1732,-1520,11352,0,298448,988,588,5972,11380,1488,3180,-640,900,322304,206368,365568
2000:Q3,127216,95168,17200,3816,1512,1832,7688,0,112344,-344,-2424,2040,36344,-3612,-2068,444,916,143640,156712,318888
2000:Q4,165900,163972,12748,3136,-2028,-2308,-9620,0,238196,768,23076,9588,57776,57860,-1508,-1208,2480,387028,129032,389484
2001:Q1,121756,115172,220,2504,2264,1108,488,0,83496,-592,-4864,10860,6108,18364,1496,272,3696,118836,140236,236820
2001:Q2,119336,115580,3244,-480,92,1428,-528,0,171444,-84,13552,-8288,8512,4760,6028,-1808,560,194676,106220,238256
2001:Q3,153084,100292,3948,-416,688,-1176,49748,0,31236,432,-244,3152,3564,-25864,5620,-2192,400,16104,176744,56512
2001:Q4,125676,120980,-1752,-7336,3044,-2152,12892,0,74644,-248,8700,-4240,-4372,23016,7992,-2624,-176,102692,143152,140596
2002:Q1,157932,123008,-672,17896,428,2544,14728,0,70760,152,3256,684,4984,-1540,-3852,648,448,75540,192380,98976
2002:Q2,106256,85528,972,5032,7132,-732,8324,0,98848,396,6496,14052,4084,248,2460,-2488,-340,123756,144364,29880
2002:Q3,132636,115420,5304,-492,1540,512,10352,0,97156,256,3652,3372,4316,8416,-1316,660,176,116688,132080,57312
2002:Q4,112824,115412,5552,10392,900,472,-19904,0,108508,268,-6488,19528,-6176,-7632,9744,2008,-1684,118076,146752,157664
2003:Q1,129000,104812,6044,5528,224,-1088,13480,0,113612,84,15672,-4456,2060,60096,4388,-708,576,191324,89280,153156
2003:Q2,143168,123072,3788,8092,1188,1372,5656,0,-936,176,372,4528,-5248,304,2308,196,-100,1600,184240,-16232
2003:Q3,145140,122116,4872,7476,716,1816,8144,0,58928,20,2996,1440,568,3992,1972,2340,16,72272,160212,28
2003:Q4,199604,175952,11596,-4968,1232,4504,11288,0,175476,540,-472,16080,-8248,504,5160,-768,408,188680,156744,141096
2004:Q1,278016,205612,5264,22464,-724,2092,43308,0,56936,-36,120,1856,-308,13412,-6520,10116,632,76208,306272,110320
2004:Q2,268216,221456,11304,11244,3476,3428,17308,0,98956,-532,6796,-2276,49896,12752,-4968,10044,-40,170628,298056,136672
2004:Q3,190664,163152,6620,11780,3328,1548,4236,0,78884,-172,43140,-4408,14436,8504,2452,864,-4,143696,203564,142076
2004:Q4,431328,420688,692,-7996,948,-41792,58788,0,175036,296,852,-5432,8192,25300,-1552,-944,516,202264,440484,217856
2005:Q1,222504,203280,-6204,4200,1428,344,19456,0,103924,928,19816,10456,2212,14244,-2784,876,696,150368,227744,159904
2005:Q2,171288,125744,3064,28720,2388,8736,2636,0,50704,-36,14568,-5228,7632,6684,-3064,1224,188,72672,157308,-32020
2005:Q3,-99280,-121672,4992,7564,5532,7536,-3232,0,87812,-560,-1084,-10416,2244,3440,-3152,-352,16,77948,-58696,155876
2005:Q4,-125368,-91036,1384,3244,-3692,1156,-36424,0,166664,-100,7020,9340,-5924,-8896,-716,-3908,1440,164920,-218752,182860
2006:Q1,276324,232992,3172,8360,-1696,7756,25740,0,162336,-276,25812,13228,8488,5056,-15464,-2236,1104,198048,222804,180936
2006:Q2,161856,144820,4680,1336,-36,2396,8660,0,158428,-2676,3788,-2084,33740,3164,-6044,508,596,189420,127892,266208
2006:Q3,272544,250992,-4100,11732,3184,3708,7028,0,135584,-828,14752,4844,11064,860,-4416,-3260,24,158624,276160,226284
2006:Q4,305484,273712,-2516,-3828,2612,13324,22180,0,155228,-100,3304,46424,-1760,1888,3832,-2344,712,207184,303796,315876
2007:Q1,473460,354620,38724,19732,6656,15636,38092,0,214364,36,21440,-15660,540,-16860,21456,200,0,225516,395004,205600
2007:Q2,399224,226572,35072,20416,4732,49308,63124,0,164624,-40,19160,24572,8380,-1832,7916,-2936,0,219844,346028,268396
2007:Q3,310412,239616,28272,11900,6384,13528,10712,0,215000,-876,45680,27756,-1916,-10852,6004,748,0,281544,300824,351856
2007:Q4,506216,440272,24220,21564,5496,3968,10696,0,123284,72,-58416,8860,-8360,-4688,1120,-912,0,60960,578100,85004
2008:Q1,349272,286424,-540,9152,7280,32848,14108,0,161864,-896,38416,14844,15832,14608,32068,16020,0,292756,359024,362076
2008:Q2,353076,319696,-7604,10752,3100,20452,6680,0,101172,-120,22460,28936,-3968,-3412,32932,8732,0,186732,371100,274716
2008:Q3,363516,287776,16420,14520,7120,23576,14104,0,157404,708,10756,19004,10084,15896,81840,1384,0,297076,258860,259444
2008:Q4,342100,233356,59564,1252,2188,20052,25688,0,276996,-476,45688,16792,35468,15920,38448,7468,0,436304,294784,377564
2009:Q1,200492,190480,-1844,1832,-2812,7012,0,5824,58376,-1484,8356,-35452,5880,12772,-16364,7004,0,39088,288964,-1288
2009:Q2,212272,203244,-23764,8144,7528,10744,0,6376,78652,-348,-4560,6948,21608,7248,8324,-828,0,117044,262960,128724
2009:Q3,306892,238344,17548,19748,4432,14804,0,12016,129800,1708,9000,12988,13344,3632,768,892,0,172132,345620,226532
2009:Q4,324056,295304,-14896,27304,-4268,11264,0,9348,229972,-236,25440,14300,-4160,17660,12448,-648,0,294776,339468,276984
2010:Q1,454084,434423,-7071,11940,2800,464,0,11528,109428,-160,16360,-172,2876,-4408,28440,-26996,0,125368,377048,152096
2010:Q2,324024,293038,2682,-3964,3736,12976,0,15556,109848,264,11704,7876,1752,-6520,-8392,12516,0,129048,259800,127132
2010:Q3,347912,302077,11771,11040,932,4408,0,17684,261344,96,12680,4132,7008,26396,-672,-1872,0,309112,327936,334432
2010:Q4,227160,299533,12635,-97900,-1464,14960,0,-604,200188,1004,6448,-892,7100,25108,38572,-9688,0,267840,220552,228520
2011:Q1,361484,349641,911,-7244,-320,6476,0,12020,120776,-464,28008,3816,-18660,8616,20904,-3128,0,159868,401040,170096
2011:Q2,481356,449575,2149,1132,3900,11712,0,12888,188808,68,9056,-7708,4708,14760,22220,-8,0,231904,507996,247568
2011:Q3,336016,312191,-20895,17336,5508,11956,0,9920,180692,-132,25408,-5212,-27208,3096,14864,3148,0,194656,300800,270528
2011:Q4,412116,416628,-6384,-5740,2824,14720,0,-9932,165976,-140,-1384,-3400,4048,12252,-1864,2636,0,178124,451252,280432
2012:Q1,320312,295642,-158,-19332,6652,24936,0,12572,174856,436,-26820,-1980,-4024,-6048,7464,4288,0,148172,405888,155892
2012:Q2,321720,303130,-1294,5516,4380,5048,0,4940,192412,1756,2388,59348,5324,96,8336,-400,0,269260,287160,303700
2012:Q3,314320,301691,-4699,-2320,2180,9184,0,8284,123728,204,-1180,172,6064,364,15900,-3168,0,142084,324164,175072
2012:Q4,328560,309832,-808,16084,7708,-5928,0,1672,257600,808,4184,-14372,4252,-420,31700,2408,0,286160,336244,211204
2013:Q1,313100,238528,9144,20092,-212,17064,0,28484,86316,36,8468,24176,9904,3760,5720,-1824,0,136556,289120,142684
2013:Q2,323552,321264,-26596,18848,3548,28,0,6460,217512,-172,8456,10908,8516,4980,8348,-3040,0,255508,391084,256596
2013:Q3,388784,303581,30439,21580,4468,12940,0,15776,205640,1456,8704,6896,8108,-7860,9956,-1496,0,231404,319784,243816
2013:Q4,313388,335856,-416,-10956,6300,-27420,0,10024,193660,12,8948,19340,-17016,12108,6272,284,0,223608,287764,225996
2014:Q1,208124,212629,-10285,5504,-4248,3396,0,1128,-332132,-1812,620,-5788,-4132,21400,-3556,6552,0,-318848,252548,-293968
2014:Q2,351224,315367,5953,24044,-1832,404,0,7288,251244,1096,5220,-5308,6540,180,6416,-2900,0,262488,331988,316280
2014:Q3,366700,327353,7083,9236,3184,8932,0,10912,235976,-60,-7632,2948,5564,3040,-1756,92,0,238172,399760,424204
2014:Q4,453612,443235,2077,-7696,2384,1528,0,12084,365848,6556,19732,-4208,-2228,-3760,22576,-2032,0,402484,406336,401432
2015:Q1,298492,241156,-2620,6028,10944,16384,0,26600,759436,2692,-9016,10656,28012,8500,11244,180,0,811704,323296,956604
2015:Q2,287420,257119,5569,-5212,2900,14716,0,12328,278300,1544,5172,12228,4228,-2208,18116,488,0,317868,264076,374936
2015:Q3,340568,300764,-9272,6472,-772,16468,0,26908,257648,536,1624,26356,-156,-20028,-12672,5420,0,258728,177852,254312
2015:Q4,243340,280173,-23593,-3444,-5016,-12212,0,7432,207224,1116,7172,45328,844,29168,9520,16612,0,316984,332720,349540
2016:Q1,341264,324730,7422,7628,-35340,14924,0,21900,278092,464,3524,94716,21008,-6356,25224,-5784,0,410888,321740,566720
2016:Q2,384472,299679,-27163,5052,1932,94560,0,10412,476392,2808,6388,10476,-5436,10532,16824,-6212,0,511772,340412,606940
2016:Q3,263336,217876,-2688,11228,-2312,14716,0,24516,699244,3400,5484,8748,-8828,5704,-539136,176756,0,351372,247708,475284
2016:Q4,313820,251163,18937,14104,-9128,11516,0,27228,199292,164,7120,9448,-11372,-828,56984,-37868,0,222940,311908,271120
2017:Q1,419300,355041,17655,5876,4632,24828,0,11268,387352,2008,14632,-3240,-2412,3308,-30700,11484,0,382432,436652,393588
2017:Q2,393028,325806,22018,23788,6812,932,0,13672,268836,2488,18748,-2076,6680,420,42540,-11436,0,326200,284444,315376
2017:Q3,340368,310031,-103,-216,-4284,28300,0,6640,276912,452,692,-4924,1724,3240,6476,7256,0,291828,374280,282788
2017:Q4,417172,382754,14806,-21820,6160,17068,0,18204,260676,5796,7236,-1760,9208,-1672,83168,-29844,0,332808,319276,308540
2018:Q1,-606648,-596435,1311,-4604,4796,8212,0,-19928,184104,-5832,5888,8340,11680,6280,-13596,67192,0,264056,-242388,132968
2018:Q2,-298012,-268002,3446,14712,-41412,-11560,0,4804,87428,-880,21212,15256,9508,11968,268,6796,0,151556,-282408,-36956
2018:Q3,209304,177412,8704,29116,-2908,15004,0,-18024,338868,47960,9088,7604,9348,9468,7356,972,0,430664,194356,419264
2018:Q4,-181976,-178062,-17866,-7208,-7868,7972,0,21056,333236,-21356,15104,6248,8316,13100,-48172,123032,0,429508,-185644,350384
2019:Q1,190496,98029,6083,13896,7824,30752,0,33912,297936,-96,11344,1792,12824,-1176,79644,-98316,0,303952,-158340,266372
2019:Q2,141732,108721,-2565,3444,-5404,18636,0,18900,256308,420,2016,-6068,11956,6780,52488,-52456,0,271444,150932,259956
2019:Q3,133028,29931,27929,10608,-3008,38452,0,29116,136816,15960,1124,3528,15496,6228,59088,-26548,0,211692,-66024,206888
2019:Q4,222364,192763,12917,3188,-7404,-18156,0,39056,231900,-612,7492,-17228,-1564,35748,67980,-2900,0,320816,295952,293536
2020:Q1,194908,81693,9359,25808,5700,36664,0,35684,157712,356,2612,-6940,2528,-1596,-142496,164288,0,176464,49764,99852
2020:Q2,506824,488818,7518,30188,-4984,-25772,0,11056,138644,4048,1336,-15916,3712,1848,111568,-117468,0,127772,607140,75584
2020:Q3,342284,289707,8569,26308,-9912,8092,0,19520,144640,-92,11392,-2352,-7192,7668,47116,-49056,0,152124,240640,131360
2020:Q4,162256,143949,-10369,5356,500,-1392,0,24212,212828,3668,18468,12660,15532,3120,73896,-96764,0,243408,148356,145908
2021:Q1,327644,243702,-2546,27588,748,64784,0,-6632,230104,-1776,-1988,-1704,-3684,8156,10732,-7820,0,232020,360888,255556
2021:Q2,397660,317747,33893,10344,-512,1104,0,35084,398000,7860,-27956,11048,14008,12520,66620,-67424,0,414676,351620,349196
2021:Q3,280976,218685,-7613,23340,1676,13232,0,31656,416348,-2636,13300,5232,-5872,5904,53056,10692,0,496024,225612,539160
2021:Q4,496828,392083,20505,6480,-1816,18480,0,61096,498944,-212,8664,11244,-1748,8688,59336,-82576,0,502340,308920,499196
2022:Q1,563596,445220,23024,14744,3908,32776,0,43924,265464,1372,-120,9712,6964,4288,-23768,40968,0,304880,405976,327296
2022:Q2,347956,295360,-488,2460,-4472,16796,0,38300,292712,-308,7244,14020,-10712,1092,-77972,137512,0,363588,465604,360620
2022:Q3,423920,324624,30036,19036,4316,40796,0,5112,293716,160,12172,22884,10016,4352,-53916,88076,0,377460,276808,463364
2022:Q4,438856,365688,9856,11416,3692,42616,0,5588,206808,592,22332,11328,19236,-5684,55384,-14056,0,295940,460468,304884
2023:Q1,303044,195052,-6272,8964,23968,28948,0,52384,446364,656,12932,5964,10356,-6932,29588,-31252,0,467676,453020,439268
2023:Q2,342128,237314,20654,27788,3372,27920,0,25080,262840,-116,22696,17148,6120,-2996,67816,-78220,0,295288,240236,318556
2023:Q3,463064,410403,-24303,10716,17300,23608,0,25340,263220,3688,2072,14156,2548,2524,-9908,1168,0,279468,527648,307816
2023:Q4,478512,456003,7105,9104,-13364,-13084,0,32748,203904,51032,10332,14072,4208,-5032,95940,-76408,0,298048,545440,299988
2024:Q1,481941,497827,-20279,2300,-6756,-12304,0,21154,211481,3140,-4116,16192,3304,1056,52972,-64812,0,219217,578982,247645
