date,FA893190005.Q,FA543077073.Q,FA103190005.Q,FA113193003.Q,FA313190005.Q,FA223073045.Q,FA713193005.Q,FA763190005.Q,FA753193005.Q,FA743193005.Q,FA473193005.Q,FA513190005.Q,FA543190005.Q,FA403190005.Q,FA613190005.Q,FA643193075.Q,FA663190005.Q,FA733190005.Q,FA503190005.Q,FA263190005.Q,FA893090005.Q,FA153090005.Q,FA103090005.Q,FA113090005.Q,FA313091105.Q,FA213093003.Q,FA713090005.Q,FA763090005.Q,FA753093005.Q,FA743093005.Q,FA473093005.Q,FA513090005.Q,FA543090005.Q,FA573090005.Q,FA343073045.Q,FA223090005.Q,FA633093005.Q,FA653093005.Q,FA563093003.Q,FA403093005.Q,FA673090543.Q,FA613090005.Q,FA643093075.Q,FA663090005.Q,FA733090005.Q,FA503093023.Q,FA263090005.Q,FA903090005.Q
1945:Q4,ND,ND,ND,ND,ND,ND,ND,ND,ND,ND,ND,ND,ND,ND,ND,ND,ND,ND,ND,ND,ND,ND,ND,ND,ND,ND,ND,ND,ND,ND,ND,ND,ND,ND,ND,ND,ND,ND,ND,ND,ND,ND,ND,ND,ND,ND,ND,ND
1946:Q1,ND,ND,ND,ND,ND,ND,ND,ND,ND,ND,ND,ND,ND,ND,ND,ND,ND,ND,ND,ND,ND,ND,ND,ND,ND,ND,ND,ND,ND,ND,ND,ND,ND,ND,ND,ND,ND,ND,ND,ND,ND,ND,ND,ND,ND,ND,ND,ND
1946:Q2,ND,ND,ND,ND,ND,ND,ND,ND,ND,ND,ND,ND,ND,ND,ND,ND,ND,ND,ND,ND,ND,ND,ND,ND,ND,ND,ND,ND,ND,ND,ND,ND,ND,ND,ND,ND,ND,ND,ND,ND,ND,ND,ND,ND,ND,ND,ND,ND
1946:Q3,ND,ND,ND,ND,ND,ND,ND,ND,ND,ND,ND,ND,ND,ND,ND,ND,ND,ND,ND,ND,ND,ND,ND,ND,ND,ND,ND,ND,ND,ND,ND,ND,ND,ND,ND,ND,ND,ND,ND,ND,ND,ND,ND,ND,ND,ND,ND,ND
1946:Q4,8032,65,2623,0,3642,608,-183,374,0,0,10,717,300,-178,159,0,-9,0,94,-190,4034,803,-47,234,-190,0,-19,-2300,0,44,0,0,72,1088,3677,608,0,0,0,-26,0,94,0,-4,0,0,0,3999
1947:Q1,ND,ND,ND,ND,ND,ND,ND,ND,ND,ND,ND,ND,ND,ND,ND,ND,ND,ND,ND,ND,ND,ND,ND,ND,ND,ND,ND,ND,ND,ND,ND,ND,ND,ND,ND,ND,ND,ND,ND,ND,ND,ND,ND,ND,ND,ND,ND,ND
1947:Q2,ND,ND,ND,ND,ND,ND,ND,ND,ND,ND,ND,ND,ND,ND,ND,ND,ND,ND,ND,ND,ND,ND,ND,ND,ND,ND,ND,ND,ND,ND,ND,ND,ND,ND,ND,ND,ND,ND,ND,ND,ND,ND,ND,ND,ND,ND,ND,ND
1947:Q3,ND,ND,ND,ND,ND,ND,ND,ND,ND,ND,ND,ND,ND,ND,ND,ND,ND,ND,ND,ND,ND,ND,ND,ND,ND,ND,ND,ND,ND,ND,ND,ND,ND,ND,ND,ND,ND,ND,ND,ND,ND,ND,ND,ND,ND,ND,ND,ND
1947:Q4,8428,81,2658,0,2867,759,337,126,0,0,9,817,387,53,224,0,-21,0,19,112,6467,538,658,261,112,0,69,-417,0,53,0,0,66,1217,3123,759,0,0,0,-25,0,59,0,-6,0,0,0,1960
1948:Q1,ND,ND,ND,ND,ND,ND,ND,ND,ND,ND,ND,ND,ND,ND,ND,ND,ND,ND,ND,ND,ND,ND,ND,ND,ND,ND,ND,ND,ND,ND,ND,ND,ND,ND,ND,ND,ND,ND,ND,ND,ND,ND,ND,ND,ND,ND,ND,ND
1948:Q2,ND,ND,ND,ND,ND,ND,ND,ND,ND,ND,ND,ND,ND,ND,ND,ND,ND,ND,ND,ND,ND,ND,ND,ND,ND,ND,ND,ND,ND,ND,ND,ND,ND,ND,ND,ND,ND,ND,ND,ND,ND,ND,ND,ND,ND,ND,ND,ND
1948:Q3,ND,ND,ND,ND,ND,ND,ND,ND,ND,ND,ND,ND,ND,ND,ND,ND,ND,ND,ND,ND,ND,ND,ND,ND,ND,ND,ND,ND,ND,ND,ND,ND,ND,ND,ND,ND,ND,ND,ND,ND,ND,ND,ND,ND,ND,ND,ND,ND
1948:Q4,7380,51,2538,0,2952,894,-146,58,0,1,14,727,253,28,-16,0,-16,0,130,-88,5938,395,835,221,-88,0,31,-715,0,-40,0,0,137,1065,3238,894,0,0,0,-12,0,-16,0,-8,0,0,0,1443
1949:Q1,ND,ND,ND,ND,ND,ND,ND,ND,ND,ND,ND,ND,ND,ND,ND,ND,ND,ND,ND,ND,ND,ND,ND,ND,ND,ND,ND,ND,ND,ND,ND,ND,ND,ND,ND,ND,ND,ND,ND,ND,ND,ND,ND,ND,ND,ND,ND,ND
1949:Q2,ND,ND,ND,ND,ND,ND,ND,ND,ND,ND,ND,ND,ND,ND,ND,ND,ND,ND,ND,ND,ND,ND,ND,ND,ND,ND,ND,ND,ND,ND,ND,ND,ND,ND,ND,ND,ND,ND,ND,ND,ND,ND,ND,ND,ND,ND,ND,ND
1949:Q3,ND,ND,ND,ND,ND,ND,ND,ND,ND,ND,ND,ND,ND,ND,ND,ND,ND,ND,ND,ND,ND,ND,ND,ND,ND,ND,ND,ND,ND,ND,ND,ND,ND,ND,ND,ND,ND,ND,ND,ND,ND,ND,ND,ND,ND,ND,ND,ND
1949:Q4,8575,69,2516,0,2970,1003,304,207,0,0,18,644,381,69,165,0,-21,0,77,173,6968,370,661,172,173,0,-46,132,0,14,0,0,88,907,3430,1003,0,0,0,3,0,69,0,-8,0,0,0,1608
1950:Q1,ND,ND,ND,ND,ND,ND,ND,ND,ND,ND,ND,ND,ND,ND,ND,ND,ND,ND,ND,ND,ND,ND,ND,ND,ND,ND,ND,ND,ND,ND,ND,ND,ND,ND,ND,ND,ND,ND,ND,ND,ND,ND,ND,ND,ND,ND,ND,ND
1950:Q2,ND,ND,ND,ND,ND,ND,ND,ND,ND,ND,ND,ND,ND,ND,ND,ND,ND,ND,ND,ND,ND,ND,ND,ND,ND,ND,ND,ND,ND,ND,ND,ND,ND,ND,ND,ND,ND,ND,ND,ND,ND,ND,ND,ND,ND,ND,ND,ND
1950:Q3,ND,ND,ND,ND,ND,ND,ND,ND,ND,ND,ND,ND,ND,ND,ND,ND,ND,ND,ND,ND,ND,ND,ND,ND,ND,ND,ND,ND,ND,ND,ND,ND,ND,ND,ND,ND,ND,ND,ND,ND,ND,ND,ND,ND,ND,ND,ND,ND
1950:Q4,10620,103,3459,0,3926,1011,417,468,0,-11,25,493,250,68,258,0,-28,0,146,35,7594,335,559,119,35,0,25,243,0,44,0,0,243,648,4183,1011,0,0,0,1,0,158,0,-10,0,0,0,3025
1951:Q1,ND,ND,ND,ND,ND,ND,ND,ND,ND,ND,ND,ND,ND,ND,ND,ND,ND,ND,ND,ND,ND,ND,ND,ND,ND,ND,ND,ND,ND,ND,ND,ND,ND,ND,ND,ND,ND,ND,ND,ND,ND,ND,ND,ND,ND,ND,ND,ND
1951:Q2,ND,ND,ND,ND,ND,ND,ND,ND,ND,ND,ND,ND,ND,ND,ND,ND,ND,ND,ND,ND,ND,ND,ND,ND,ND,ND,ND,ND,ND,ND,ND,ND,ND,ND,ND,ND,ND,ND,ND,ND,ND,ND,ND,ND,ND,ND,ND,ND
1951:Q3,ND,ND,ND,ND,ND,ND,ND,ND,ND,ND,ND,ND,ND,ND,ND,ND,ND,ND,ND,ND,ND,ND,ND,ND,ND,ND,ND,ND,ND,ND,ND,ND,ND,ND,ND,ND,ND,ND,ND,ND,ND,ND,ND,ND,ND,ND,ND,ND
1951:Q4,30997,79,22831,0,5657,1094,-443,98,0,-1,30,872,380,121,-78,0,-17,0,371,3,12070,584,961,204,3,0,17,-288,0,3,0,0,183,3725,5699,1094,0,0,0,-3,0,-100,0,-12,0,0,0,18927
1952:Q1,23607,76,16787,0,6192,960,-1548,-1800,8,0,28,976,464,212,532,0,-64,0,808,-24,4582,720,-9104,260,-24,124,116,1772,128,8,0,0,176,2343,6508,960,0,0,0,912,0,-316,0,0,0,0,0,19025
1952:Q2,32448,72,25456,0,6356,1260,208,-2492,40,0,36,1048,724,-216,492,0,-68,0,-444,-24,10575,708,356,292,-24,388,108,-3600,64,8,0,0,160,3123,6756,1260,0,0,0,316,0,672,0,-12,0,0,0,21873
1952:Q3,2384,76,-1005,0,5288,661,-2820,-1908,4,4,40,1044,636,-260,400,0,-124,0,400,-52,28277,712,9808,300,-52,464,296,7292,-36,8,0,0,156,2940,5616,661,0,0,0,-32,0,160,0,-16,0,0,0,-25893
1952:Q4,-18569,80,-41286,0,7036,1277,4408,7744,-40,0,40,960,632,184,388,0,-248,0,212,44,11381,808,3064,280,44,468,-400,-3372,-44,12,0,0,136,2656,7364,1277,0,0,0,-1288,0,404,0,-28,0,0,0,-29950
1953:Q1,-4981,88,-12528,0,6856,1003,-1156,-2112,-72,0,28,896,648,420,-104,0,72,0,936,44,4029,724,-8664,260,44,-464,68,272,760,-4,0,0,140,3054,7044,1003,0,0,0,1032,0,-1224,0,-16,0,0,0,-9010
1953:Q2,-27289,92,-34548,0,6856,647,-676,-1616,96,-4,44,864,608,52,572,0,64,0,-252,-88,10033,668,1056,256,-88,-436,-304,-2300,-952,-16,0,0,124,3186,7120,647,0,0,0,316,0,772,0,-16,0,0,0,-37322
1953:Q3,-8746,96,-15618,0,6716,740,-1068,-1864,-4,0,44,812,444,-60,524,0,40,0,468,-16,28899,600,9916,256,-16,548,384,5808,-64,-4,0,0,132,3435,6900,740,0,0,0,-32,0,312,0,-16,0,0,0,-37645
1953:Q4,79978,92,61290,0,7044,1336,3128,6144,-48,0,60,740,396,296,-300,0,-128,0,-80,8,13347,588,2500,256,8,496,-156,-2284,-104,4,0,0,144,3719,7368,1336,0,0,0,-728,0,216,0,-16,0,0,0,66631
1954:Q1,56215,84,49287,0,7100,760,-1192,-2652,-12,0,72,644,900,828,300,0,-260,0,456,-100,3019,460,-8448,260,-100,-520,56,248,136,16,0,0,172,2807,7276,760,0,0,0,428,0,-512,0,-20,0,0,0,53196
1954:Q2,75476,76,66284,0,7028,724,4,-512,-8,-4,76,528,912,188,468,0,-196,0,-328,236,13215,316,268,264,236,-584,-276,1192,88,16,0,0,188,2491,7332,724,0,0,0,408,0,572,0,-20,0,0,0,62261
1954:Q3,85872,84,79968,0,6948,1204,-1408,-1720,-24,4,72,516,492,-216,260,0,-312,0,-264,268,25731,344,9456,256,268,364,328,4204,80,24,0,0,196,2083,7016,1204,0,0,0,-152,0,80,0,-20,0,0,0,60141
1954:Q4,32255,104,12947,0,7100,1244,1944,7396,-228,0,84,584,208,252,1620,0,-276,0,-764,40,11971,380,1956,252,40,412,-160,-1708,-128,48,0,0,188,1659,7392,1244,0,0,0,-312,0,728,0,-20,0,0,0,20284
1955:Q1,38950,120,30419,0,7592,1419,-600,-4428,44,0,56,680,412,224,1416,0,-96,0,1284,408,3902,568,-7880,244,408,-408,28,-436,68,8,0,0,172,1975,7548,1419,0,0,0,280,0,-68,0,-24,0,0,0,35048
1955:Q2,114963,136,95868,0,6932,1503,512,3020,88,4,72,736,756,76,4516,0,-268,0,616,396,17794,432,888,244,396,-288,-8,3704,-32,0,0,0,160,1951,7456,1503,0,0,0,432,0,980,0,-24,0,0,0,97169
1955:Q3,71035,148,63179,0,6108,1324,-704,-1676,-44,4,76,756,612,-592,1860,0,-196,0,-120,300,21152,364,8564,240,300,688,44,884,-200,4,0,0,172,2100,6340,1324,0,0,0,-104,0,456,0,-24,0,0,0,49883
1955:Q4,32901,160,11737,0,6752,1292,1684,6780,8,0,84,736,680,-64,3504,0,-124,0,-596,268,13636,656,3552,240,268,624,52,-3208,-40,16,0,0,224,2296,7664,1292,0,0,0,-640,0,664,0,-24,0,0,0,19265
1956:Q1,78551,172,72855,0,8152,928,-1424,-4248,20,-4,92,732,896,256,-2276,0,-296,0,2256,440,6997,296,-6356,196,440,-312,-156,1108,420,12,0,0,272,2609,7992,928,0,0,0,284,0,-708,0,-28,0,0,0,71554
1956:Q2,-22209,192,-37117,0,7688,1828,728,2624,12,4,92,704,908,100,-36,0,60,0,-480,484,20213,436,472,180,484,-400,440,4600,356,12,0,0,328,2593,8100,1828,0,0,0,492,0,320,0,-28,0,0,0,-42422
1956:Q3,-19185,196,-23397,0,6844,1920,-1280,-2976,-56,-4,96,736,272,-492,-1184,0,68,0,-668,740,15009,308,7304,184,740,700,244,-4572,308,20,0,0,332,2385,5812,1920,0,0,0,-160,0,-488,0,-28,0,0,0,-34194
1956:Q4,102744,188,83760,0,8452,2040,1456,5736,-112,0,104,848,564,720,-800,0,-24,0,-776,588,18633,460,4896,208,588,268,-112,-508,128,32,0,0,292,2129,8488,2040,0,0,0,-684,0,436,0,-28,0,0,0,84111
1957:Q1,-49629,180,-56565,0,7380,1552,-1104,-5724,12,0,104,948,628,-344,168,0,104,0,2004,1028,7202,496,-6864,220,1028,-616,-420,320,4,56,0,0,260,3238,8804,1552,0,0,0,268,0,-1112,0,-32,0,0,0,-56831
1957:Q2,95457,184,76293,0,9796,1592,156,4172,56,0,112,1068,848,136,680,0,-148,0,-668,1180,24618,324,668,236,1180,-628,-32,7360,172,80,0,0,244,3870,9028,1592,0,0,0,488,0,68,0,-32,0,0,0,70839
1957:Q3,-100677,176,-107017,0,7516,1396,-836,-2092,-296,0,120,1076,444,-628,-1068,0,192,0,-192,532,13786,300,6364,232,532,616,-8,-8104,-80,84,0,0,232,4598,8852,1396,0,0,0,-84,0,-1112,0,-32,0,0,0,-114463
1957:Q4,25265,156,4089,0,9992,1752,1280,5964,-236,-4,144,1008,704,620,-160,0,104,0,96,-244,23214,332,3720,192,-244,656,392,1232,120,92,0,0,216,5254,9356,1752,0,0,0,-656,0,836,0,-36,0,0,0,2051
1958:Q1,68332,136,65227,0,7852,1301,-864,-7036,92,-4,152,892,380,1292,-2864,0,-120,0,1412,484,9821,464,-7632,192,484,-880,-196,3384,92,40,0,0,204,3104,8824,1301,0,0,0,248,0,220,0,-28,0,0,0,58511
1958:Q2,90172,104,67623,0,10192,2333,2800,4096,368,0,144,792,1296,560,-1296,0,-212,0,628,744,27565,72,2652,152,744,-780,0,8548,328,20,0,0,164,2528,9224,2333,0,0,0,588,0,1024,0,-32,0,0,0,62607
1958:Q3,135574,112,129297,0,7892,1869,-3880,-1136,-56,0,140,808,576,-1140,1480,0,-360,0,-452,424,5077,476,5404,152,424,484,-60,-13632,288,12,0,0,184,1888,8632,1869,0,0,0,-92,0,-920,0,-32,0,0,0,130497
1958:Q4,79904,152,55995,0,9468,1821,2608,8268,-48,-4,152,916,-12,-44,2288,0,-152,0,-1208,-296,24433,312,4920,180,-296,860,-16,5100,-68,24,0,0,240,1220,9320,1821,0,0,0,-664,0,1512,0,-32,0,0,0,55471
1959:Q1,37092,192,32164,0,7452,1872,-1248,-4956,24,0,120,1068,-44,208,-844,0,-68,0,928,224,13808,548,-5542,232,224,112,20,2820,572,20,0,0,308,2998,9260,1872,0,0,0,216,0,184,0,-36,0,0,0,23284
1959:Q2,77418,228,57118,0,9936,2308,176,5892,16,4,120,1208,216,-164,-528,0,-52,0,424,516,25919,536,2961,272,516,-148,136,5004,800,16,0,0,376,2642,9472,2308,0,0,0,600,0,464,0,-36,0,0,0,51499
1959:Q3,-16697,236,-22901,0,7980,1592,-2224,-2272,-172,0,120,1216,12,-1024,1156,0,-8,0,280,-688,10029,592,5211,272,-688,36,160,-9760,648,16,0,0,388,3394,9440,1592,0,0,0,-8,0,-1228,0,-36,0,0,0,-26726
1959:Q4,114348,216,89064,0,10072,2068,4420,6432,-184,-4,136,1096,712,388,2116,0,-44,0,-2136,-4,18040,560,4778,244,-4,44,176,-1732,-2052,76,0,0,348,3026,9684,2068,0,0,0,-636,0,1496,0,-36,0,0,0,96308
1960:Q1,-88088,204,-89473,0,8788,1645,-4112,-8800,-184,-8,144,996,1248,-156,-4124,0,104,0,5076,564,12606,504,-2741,192,564,-36,8,-176,560,24,0,0,316,2098,9740,1645,0,0,0,192,0,-244,0,-40,0,0,0,-100694
1960:Q2,53958,200,32521,0,11276,2101,3160,40,320,-8,140,932,1132,760,104,0,-32,0,712,600,19569,488,-162,164,600,24,680,1968,464,24,0,0,288,1786,9968,2101,0,0,0,684,0,532,0,-40,0,0,0,34389
1960:Q3,-99506,192,-105059,0,9392,2545,-4136,-4468,-548,-4,112,892,732,116,604,0,88,0,-344,380,12021,536,6570,160,380,128,-604,-7348,-268,28,0,0,288,1298,9876,2545,0,0,0,20,0,-1548,0,-40,0,0,0,-111527
1960:Q4,197663,172,173126,0,10348,2005,4392,6900,-376,-8,112,872,672,700,-88,0,-160,0,-1572,568,18960,596,-2379,188,568,88,-268,7736,-188,56,0,0,304,82,10052,2005,0,0,0,-884,0,1048,0,-44,0,0,0,178703
1961:Q1,186963,152,181378,0,9684,1693,-3756,-7304,-188,-8,116,868,912,696,-72,0,-304,0,2788,308,2926,596,-7135,216,308,144,-34,-2360,-1560,44,0,0,328,626,10216,1693,0,0,0,296,0,-408,0,-44,0,0,0,184037
1961:Q2,19587,124,-1290,0,11236,2225,640,3444,-160,-4,116,840,1400,88,544,0,-8,0,-20,412,29065,648,3636,244,412,-88,-122,9884,264,64,0,0,348,-666,10236,2225,0,0,0,696,0,1332,0,-48,0,0,0,-9478
1961:Q3,56519,120,47198,0,9020,2445,-1716,-2212,-200,-4,104,816,960,-592,1376,0,-16,0,-836,56,5238,640,3791,232,56,-140,180,-10920,-116,64,0,0,344,-822,10596,2445,0,0,0,-108,0,-956,0,-48,0,0,0,51281
1961:Q4,77751,136,47478,0,11244,2937,4256,12140,-372,0,96,740,440,880,936,0,-36,0,-3392,268,19603,652,-816,188,268,24,-132,5680,-208,72,0,0,304,-1842,10776,2937,0,0,0,-800,0,2548,0,-48,0,0,0,58148
1962:Q1,8272,148,1927,0,11488,1837,-4120,-8180,-88,-8,68,720,268,-272,-364,0,-24,0,4680,192,3152,544,-6011,152,192,28,232,-3360,-12,32,0,0,280,-1138,10892,1837,0,0,0,284,0,-748,0,-52,0,0,0,5120
1962:Q2,18508,152,-4433,0,10096,2885,1064,3224,164,-8,60,632,1028,540,2188,0,20,0,292,604,23903,572,2596,92,604,-216,716,5532,-44,16,0,0,240,-2782,10948,2885,0,0,0,696,0,2100,0,-52,0,0,0,-5395
1962:Q3,13931,156,-862,0,11952,2993,-488,-2912,256,-4,36,664,936,-1208,2032,0,-68,0,148,300,15896,572,6237,104,300,-164,-16,-2808,-12,24,0,0,236,-1678,11380,2993,0,0,0,-52,0,-1164,0,-56,0,0,0,-1965
1962:Q4,25424,164,-5029,0,10676,3601,3904,9780,-140,0,32,832,1848,1132,252,0,-72,0,-1440,-116,16979,628,-126,180,-116,-156,-322,3560,660,56,0,0,276,-3310,11412,3601,0,0,0,-876,0,1568,0,-56,0,0,0,8445
1963:Q1,10556,176,3009,0,11764,3243,-5048,-8668,228,-8,20,1016,128,576,-224,0,-80,0,4224,200,-5783,620,-14444,296,200,96,-82,-5748,-500,44,0,0,308,-988,11508,3243,0,0,0,228,0,-504,0,-60,0,0,0,16339
1963:Q2,26817,188,-3466,0,11048,2519,776,6628,-8,-4,-4,1272,1324,60,3340,0,4,0,2076,1064,28523,648,4116,400,1064,-100,16,6964,-104,44,0,0,340,-1772,11484,2519,0,0,0,804,0,2160,0,-60,0,0,0,-1706
1963:Q3,20184,192,740,0,11384,3244,-200,1320,60,0,-8,1196,704,-1552,2544,0,-44,0,480,124,19407,624,5746,396,124,-12,-180,-692,80,60,0,0,348,-1311,11860,3244,0,0,0,8,0,-824,0,-64,0,0,0,777
1963:Q4,27520,188,-2956,0,11500,3408,3864,9980,-144,0,-4,792,688,756,972,0,-24,0,-1900,400,21915,640,-782,268,400,-196,68,4932,564,64,0,0,332,-995,12000,3408,0,0,0,-1140,0,2416,0,-64,0,0,0,5605
1964:Q1,3338,180,2874,0,11868,2436,-4772,-10880,-184,-20,-44,1180,436,-580,-1048,0,-148,0,2312,-272,-188,844,-11997,376,-272,-168,508,-3060,36,92,0,0,316,-655,11988,2436,0,0,0,316,0,-880,0,-68,0,0,0,3526
1964:Q2,26422,172,-4014,0,12032,2484,568,7336,-484,-24,-36,1200,1152,996,2288,0,-20,0,3064,-292,20639,888,3938,400,-292,-28,-572,-1972,360,108,0,0,300,-191,12444,2484,0,0,0,752,0,2088,0,-68,0,0,0,5783
1964:Q3,15395,180,1190,0,12536,3485,860,-1452,-636,-4,-36,1288,620,-1024,1524,0,-88,0,-2960,-88,27506,1008,4433,416,-88,56,506,5776,28,100,0,0,308,858,12452,3485,0,0,0,-72,0,-1688,0,-72,0,0,0,-12111
1964:Q4,36697,212,-1844,0,11908,4001,6076,9684,-852,-12,-28,1416,876,1068,96,0,1976,0,1392,728,25802,1200,3173,408,728,64,-282,2128,560,92,0,0,360,-382,12820,4001,0,0,0,-948,0,1956,0,-76,0,0,0,10895
1965:Q1,14769,232,3410,0,13204,2443,-4984,-5948,-460,-12,-32,1452,1068,-348,464,0,-84,0,4928,-564,-1190,1272,-11687,392,-564,-156,624,-9160,1212,16,0,0,400,1002,12996,2443,0,0,0,320,0,-224,0,-76,0,0,0,15959
1965:Q2,28088,252,-2667,0,13740,3191,-496,8016,536,-12,-28,1516,1620,348,-60,0,116,0,1640,376,34880,1372,8319,384,376,48,8,2564,1232,-32,0,0,448,1458,13092,3191,0,0,0,1036,0,1464,0,-80,0,0,0,-6792
1965:Q3,22611,272,3927,0,13028,4200,1048,-1564,1260,-8,-36,1576,1032,-1220,1228,0,-384,0,-2204,456,22634,1440,117,396,456,148,946,2056,-2192,-28,0,0,464,2463,13372,4200,0,0,0,-220,0,-900,0,-84,0,0,0,-23
1965:Q4,37313,300,3893,0,13264,4268,3112,11504,-52,-16,-20,1632,988,1200,-2464,0,-72,0,-20,-204,53329,1424,25202,436,-204,-48,-572,5512,-120,56,0,0,476,2151,14016,4268,0,0,0,-916,0,1732,0,-84,0,0,0,-16016
1966:Q1,11761,328,2790,0,13672,2603,-5664,-3180,616,-4,-20,1692,-440,-372,-2600,0,80,0,2624,-364,1367,1428,-9049,464,-364,8,-568,-9068,88,76,0,0,-188,2133,14220,2603,0,0,0,372,0,-700,0,-88,0,0,0,10394
1966:Q2,30907,360,-232,0,13628,3679,212,11892,116,0,-8,1764,2312,16,-3368,0,84,0,92,360,38423,1056,5217,496,360,260,734,4672,1572,116,0,0,-80,5073,14392,3679,0,0,0,744,0,224,0,-92,0,0,0,-7516
1966:Q3,29311,372,5308,0,15288,2559,1880,-1520,-64,-4,-28,1824,2432,-1164,-1240,0,420,0,2736,512,28772,1336,5868,520,512,12,-60,380,-220,128,0,0,-104,5557,14892,2559,0,0,0,40,0,-2552,0,-96,0,0,0,539
1966:Q4,27610,364,8591,0,14844,3995,4140,-6980,-340,-8,-8,1904,620,1120,-5660,0,-156,0,4632,552,15043,1472,-15475,520,552,300,594,3416,-868,128,0,0,1220,4693,15372,3995,0,0,0,-1520,0,740,0,-96,0,0,0,12567
1967:Q1,19996,308,3633,0,16472,4639,-6456,-3936,-672,-4,8,1992,608,1820,-1564,0,-720,0,5632,-1764,-2296,1548,-20294,564,-1764,20,-402,-8352,-1832,100,0,-52,2856,5233,15832,4639,0,0,0,200,0,-560,0,-32,0,0,0,22292
1967:Q2,45319,284,369,0,17528,4166,112,15356,-32,-4,20,2076,2496,1816,584,0,-80,0,120,508,48523,1596,6641,584,508,164,432,7964,1072,108,0,0,148,6480,15836,4166,0,0,0,960,0,1900,0,-36,0,0,0,-3204
1967:Q3,18008,276,7787,0,16036,4357,2836,-8444,256,0,0,2152,1992,-2464,-2020,0,-380,0,-4216,-160,28476,1536,2328,612,-160,-120,604,56,-1048,96,0,0,108,5495,16288,4357,0,0,0,108,0,-1752,0,-32,0,0,0,-10468
1967:Q4,50459,284,21860,0,13988,3723,3760,184,412,0,16,2076,1992,652,-5088,0,-24,0,6048,576,54226,1628,13436,608,576,-64,318,10804,-472,80,0,0,288,6633,15812,3723,0,0,0,-1104,0,1996,0,-36,0,0,0,-3767
1968:Q1,22444,336,-3531,0,18024,5509,-6204,216,20,4,-4,2292,832,-416,2112,36,432,0,3306,-520,8830,1832,-8666,660,-520,76,-566,-12972,684,128,0,0,456,6621,16412,5509,0,0,0,424,0,-1052,-160,-36,0,0,0,13614
1968:Q2,52800,360,304,0,17128,4989,224,24728,-804,4,0,2328,1672,816,1232,36,-824,0,199,408,42694,1872,-2854,684,408,-28,-1602,10904,1176,4,0,0,564,8293,16424,4989,0,0,0,956,0,1272,-336,-32,0,0,0,10106
1968:Q3,33386,368,11983,0,18240,5483,3076,-12380,4,0,-16,2488,1224,-1076,3380,52,-188,0,752,-4,22879,1936,-4195,748,-4,-256,224,-1308,-3644,108,0,0,628,7803,17588,5483,0,0,0,-588,0,-1412,-196,-36,0,0,0,10507
1968:Q4,55679,356,16034,0,17744,4747,4252,7256,-1004,-4,16,2740,1956,352,-3356,52,-112,0,4786,-136,58800,2032,10816,832,-136,-132,2362,5296,3980,336,0,0,664,7655,17820,4747,0,0,0,-740,0,3668,-364,-36,0,0,0,-3121
1969:Q1,39862,352,10496,0,18436,6557,-7700,6984,-5344,-116,0,3372,844,-144,1664,80,224,1580,3497,-920,9482,2420,-15270,928,-920,-172,-324,-19344,992,728,0,0,836,11127,18008,6557,0,0,0,528,0,1728,-260,-40,1960,0,0,30380
1969:Q2,69818,352,9325,0,17636,5617,936,16688,-444,-160,12,3340,2128,212,6396,12,52,740,6584,392,71470,2168,7391,1032,392,-88,-752,16608,-1012,1200,0,0,852,13374,18740,5617,0,0,0,1432,0,3704,-524,-36,1372,0,0,-1652
1969:Q3,60789,360,17299,0,19328,5003,2896,1048,-600,-12,0,2776,1100,-744,1172,-12,288,1536,9115,236,22241,1552,3162,1068,236,-52,1684,-18788,-208,1088,0,0,648,12600,19020,5003,0,0,0,-112,0,-3644,-476,-36,-504,0,0,38548
1969:Q4,42851,480,22873,0,18936,7095,5100,-24044,5932,-12,40,3944,1800,1296,-6968,48,-16,-2200,8611,-64,65860,2800,9142,1040,-64,-128,136,12732,-2880,384,0,0,944,13119,20004,7095,0,0,0,-424,0,1288,-1056,-40,1768,0,0,-23009
1970:Q1,48827,416,-17622,30492,20584,7042,-5664,-7028,-9028,-16,-144,3396,752,572,9724,-104,192,-824,16167,-80,84042,2564,-282,1080,-80,-4,-906,31604,2592,452,0,0,788,12124,21012,7042,0,0,0,764,0,3844,-1160,-36,2644,0,0,-35215
1970:Q2,28346,428,7019,560,23800,6341,-3000,-21040,1272,-16,-120,3412,2248,1716,-208,-20,788,-192,5210,148,77186,2760,24900,1108,148,8,-538,-304,-2512,260,0,0,776,13015,23312,6341,0,0,0,1460,0,2936,-764,-40,4320,0,0,-48840
1970:Q3,11680,436,15015,1368,24584,7058,552,-12908,-1764,-20,392,3428,1144,364,-1752,32,-1068,224,-25229,-176,31091,2796,-11355,1096,-176,-116,552,10340,-2156,152,0,0,772,9060,23584,7058,0,0,0,-892,0,-3824,-864,-40,-4896,0,0,-19411
1970:Q4,84795,440,3752,1904,25460,7271,9996,34112,2184,-16,108,3456,1604,4588,-10524,-44,-528,5428,-4568,172,987,2680,-5171,1040,172,-48,-1278,-39652,-3388,160,0,0,768,7769,24364,7271,0,0,0,1736,0,1708,-1504,-36,4396,0,0,83808
1971:Q1,45383,352,15178,3016,25064,8126,-6320,-9356,-3900,-36,-176,3452,1228,3980,16132,8,-856,-1632,-8557,-320,107475,2624,6669,5172,-320,-44,254,48472,2380,-704,0,0,844,10878,23796,8126,0,0,0,236,0,3656,-748,-40,-3776,0,0,-62092
1971:Q2,21798,304,2721,1616,27904,8826,-4728,-11412,-4044,-32,-164,3348,2296,-5420,3904,-72,108,1640,-4681,-316,55095,2480,2483,5204,-316,196,224,-4892,-1092,-652,0,0,900,9990,26376,8826,0,0,0,1752,0,4044,-1260,-44,876,0,0,-33297
1971:Q3,67486,296,10562,2740,24624,9689,-1308,2392,2192,-40,340,3528,1560,-1092,6292,-1036,-156,7516,-589,-24,86751,2480,20801,5264,-24,280,-216,14268,1056,932,0,0,892,7489,25560,9689,0,0,0,432,0,-3288,-808,-40,1984,0,0,-19265
1971:Q4,87483,320,371,4208,28236,10725,11536,30652,1328,-44,-4,3912,2172,-40,-7064,-1688,-208,496,2643,-68,24005,2588,14531,5360,-68,-68,280,-41540,164,708,0,0,836,3881,26784,10725,0,0,0,-1808,0,2540,-1160,-40,292,0,0,63478
1972:Q1,72066,480,8954,3680,25588,11176,-8604,5776,9772,-28,-40,4424,1976,1540,9916,-1864,1128,-3796,2420,-432,111943,2744,19412,5452,-432,100,-530,40152,2168,-700,0,0,932,7049,26024,11176,0,0,0,240,0,-1744,-1736,956,680,0,0,-39877
1972:Q2,45172,580,-7578,1140,31456,10668,1576,-1276,4264,-32,-280,4868,3952,-912,5248,-2072,1684,788,-8846,-56,80012,2812,17336,6368,-56,8,-132,-92,240,-572,0,0,976,4640,31032,10668,0,0,0,1652,0,3248,-2068,960,2992,0,0,-34840
1972:Q3,44365,592,-1691,2012,24012,10092,9264,880,-852,-24,368,5048,2564,128,2624,-2296,1656,16,-9972,-56,84719,2932,20503,6388,-56,-180,520,12504,136,296,0,0,976,3332,25192,10092,0,0,0,-328,0,-2968,-968,956,5392,0,0,-40354
1972:Q4,74339,508,695,3904,27468,9448,-2228,32308,2252,-24,-44,4888,1612,-100,-3996,-2120,1796,-748,-1160,-120,95240,3124,63957,6316,-120,-336,908,-34752,3252,1016,0,0,924,7739,26156,9448,0,0,0,-2840,0,6964,-2496,956,5024,0,0,-20901
1973:Q1,67447,444,4707,3872,28472,9592,-7152,5140,-388,-8,124,4784,2780,1840,7460,676,1380,2276,-2672,4120,178117,2996,67264,8492,120,8,-792,40188,-36,472,0,0,888,6405,27540,9592,0,0,0,1256,0,-2852,-1304,956,16924,0,0,-110670
1973:Q2,64134,392,-7886,532,32420,11012,640,8612,848,-12,-136,4772,3064,-800,4780,68,1088,756,3884,100,83430,3056,7482,3232,100,28,732,1264,120,-200,0,0,852,10320,32204,11012,0,0,0,1848,0,4348,-2976,956,9052,0,0,-19296
1973:Q3,73804,372,1196,2508,24156,12519,10048,6216,-12,-56,476,4784,1516,1628,1664,-2784,400,5176,4121,-124,73980,3060,2323,3012,-124,80,-580,-716,824,144,0,0,844,8046,27480,12519,0,0,0,2020,0,-4956,-3860,956,22908,0,0,-176
1973:Q4,96319,392,-578,6236,29404,14107,1472,10456,1464,-52,48,4736,2012,3764,2284,-76,1324,96,16914,2316,76430,3032,36597,2232,2316,-228,1428,-27260,-548,-104,0,0,852,12094,28680,14107,0,0,0,-1176,0,9312,-2068,956,-3792,0,0,19889
1974:Q1,89268,616,18649,4308,29196,14668,-12080,10768,-1612,-4,412,4632,1780,-264,9216,2352,784,-1132,6255,724,72461,2932,-23269,1516,724,-240,-1422,28188,-264,224,0,0,1164,14140,29364,14668,36,0,0,-1004,0,-564,-1440,952,6756,0,0,16807
1974:Q2,48094,740,6417,3432,25592,13408,3284,-23048,484,-8,160,4716,3336,-608,-2772,7272,1636,-2172,8589,-2364,42472,2868,-7623,852,-2364,104,770,-13832,-84,-188,0,0,1308,15469,29240,13408,-28,0,0,-948,0,1328,484,956,752,0,0,5622
1974:Q3,87501,772,17115,6412,24168,14599,7052,2900,-1280,4,692,4692,2256,-652,-3020,2504,3636,-11080,17307,-576,95486,2876,63347,508,-576,128,252,-4536,-584,-568,0,0,1400,10512,26712,14599,0,0,0,1008,0,-8648,1312,952,-13208,0,0,-7985
1974:Q4,8527,712,2699,8160,37136,15095,928,-38660,-128,8,316,4572,3476,72,-19820,632,44,2072,-8839,52,-37080,2936,-55364,472,52,-208,7650,-44656,-1536,-332,0,0,1436,9455,30804,15095,0,0,0,-6320,0,-1004,348,952,3140,0,0,45607
1975:Q1,84453,688,29903,3124,28504,15295,-13136,10608,5276,-20,140,5688,2184,2412,9112,-36,-2788,-944,-11441,-116,62041,3448,-41497,680,-116,-60,-264,49884,504,664,0,0,1568,179,30012,15295,-8,0,0,-452,0,-4952,4904,952,1300,0,0,22412
1975:Q2,59997,692,38215,4,26604,14687,5644,-7728,648,-28,-156,5672,3708,2956,-13320,-728,-1916,5344,-20329,28,29255,3456,-12913,320,28,-60,-596,-17268,2168,724,0,0,1780,4141,26032,14687,200,0,0,3564,0,-8996,4124,952,6912,0,0,30742
1975:Q3,101395,660,12070,1580,22460,17748,824,33216,1468,72,200,6344,2900,-2844,18984,-368,508,4128,-18375,-180,100479,3996,-7184,616,-180,-8,-954,47468,-1872,456,0,0,1696,3757,23920,17748,64,0,0,3628,0,-5996,4664,952,7708,0,0,916
1975:Q4,77462,592,11193,7412,32564,14808,5824,6104,-580,68,-76,7712,4112,2900,-4732,-368,-976,-1308,-8091,304,-9543,4976,-44386,1600,304,-160,1526,-40908,276,488,0,0,1328,2405,33004,14808,-60,0,0,-2888,0,3476,3444,948,7476,0,2800,87005
1976:Q1,168094,632,63881,-1164,34392,16606,-14308,23204,708,248,292,9108,3008,1396,8976,788,10572,4108,5439,208,148053,5320,23924,3184,208,-164,650,56656,-700,-580,0,0,1432,2881,32668,16606,164,0,0,-1092,0,-2248,1136,12012,-4004,0,0,20041
1976:Q2,97921,572,33576,496,25448,9574,6992,676,-2628,208,56,10620,5104,-2288,6344,32,768,4876,-1905,-600,101863,5940,62556,4448,-600,412,500,-14436,-1252,-488,0,0,1308,2789,23492,9574,0,0,0,420,0,2720,1104,-260,3636,0,0,-3942
1976:Q3,130230,604,59541,1832,20644,16536,-1708,17648,100,8,224,11220,3680,2488,5328,-296,-1020,1656,-8187,-68,127180,6172,47701,5008,-68,204,-1296,8844,784,444,0,0,1312,22731,22812,16536,212,0,0,1032,0,-8976,1152,-500,2676,0,400,3050
1976:Q4,64848,716,11710,3820,38908,20432,9256,-31424,-204,4,-72,11060,3492,4360,-5104,456,968,2920,-6378,-72,-13408,6044,-58189,4876,-72,-96,-902,-57360,-704,244,0,0,1428,24811,36664,20432,-484,0,0,-2252,0,5784,1168,2032,3168,0,0,78256
1977:Q1,167721,828,36462,1156,33348,21513,-18320,25424,1484,88,1360,11988,4232,-248,11776,152,1988,3196,31566,-272,200327,6928,40286,5312,-272,16,-794,60992,-932,128,0,0,2244,24042,35448,21513,460,0,0,-540,0,-3332,448,3764,4616,0,0,-32606
1977:Q2,125701,944,5422,-3836,44592,13261,10608,20412,-2712,72,548,12548,4428,1996,-2420,-476,6472,540,12910,392,111361,7552,9632,5824,392,-276,62,13892,-200,-116,0,0,2288,1574,43740,13261,40,0,0,3784,0,4208,260,3372,1672,0,400,14340
1977:Q3,109679,968,59004,828,-6016,15226,-7524,16232,1704,-200,680,13020,4608,-1732,10240,116,-1416,60,4053,-172,94796,7672,45635,6032,-172,-280,-240,6936,-328,20,0,0,2272,18375,-3160,15226,348,0,0,572,0,-5296,440,-904,1648,0,0,14883
1977:Q4,127420,896,58205,1640,41680,13618,15924,-25600,1944,-280,304,13408,5000,2524,-11788,4,-7048,4716,12353,-80,30805,7296,28876,5912,-80,-76,-1736,-63596,-916,16,0,0,2160,-1025,41276,13618,-356,0,0,76,0,6916,580,-7936,-200,0,0,96615
1978:Q1,200703,1000,70823,6124,39600,15636,-19860,47268,1752,-8,768,13648,4628,152,9720,-40,5580,-40,3780,172,278508,7136,111481,5812,172,-12,-718,62692,2060,1116,252,0,1816,19133,40220,15636,760,0,0,1864,0,-3104,116,8180,3896,0,0,-77805
1978:Q2,167962,1024,19710,2388,43640,11288,12936,31392,3700,-8,552,14260,4616,3996,620,-348,4232,-7812,21824,-48,67718,6928,-28735,5856,-48,196,314,19340,1108,1592,2680,0,1904,-6161,46296,11288,-248,0,0,2068,0,5920,160,2036,-2088,0,-2688,100244
1978:Q3,166707,1076,76840,708,6776,15432,-9888,24096,5460,-64,-312,14528,4708,4820,20792,-128,3748,-1904,107,-88,136869,6960,42233,5892,-88,300,-154,38784,2224,848,1660,0,1984,12022,6744,15432,-24,0,0,1488,0,-4736,172,4424,696,0,8,29838
1978:Q4,315015,1160,110089,3740,49080,12312,20996,47520,-884,-68,-204,14696,4948,4312,11516,264,368,-2372,37054,488,100575,7208,52724,5916,488,92,-420,-61920,-852,660,2588,0,2272,15683,46940,12312,3772,0,0,-3636,0,11352,144,220,5016,0,16,214440
1979:Q1,261091,1264,114736,7956,41192,24586,-19184,43760,5020,-28,1072,15080,5124,1812,6416,-112,-4940,-128,17277,188,221517,7524,74189,5956,188,240,2650,57692,80,1560,552,0,2564,5136,42380,24586,-2916,0,0,992,0,-3148,72,-3560,4776,0,4,39574
1979:Q2,187825,1380,31079,1640,51504,15198,11384,38728,-7832,-28,632,15236,5412,6608,18324,-388,5652,-12416,5780,-68,151236,7680,21298,6040,-68,152,-1788,31576,-192,1448,2008,0,2860,-2088,43060,15198,516,0,0,996,0,11116,64,6996,4296,0,68,36589
1979:Q3,218798,1400,116219,3224,7564,23871,-10064,920,368,-32,-712,15412,5288,-492,31504,456,6692,892,16452,-164,120664,7812,102344,6044,-164,172,3978,-39884,420,1020,1852,0,2912,-11809,11876,23871,632,0,0,1056,0,-1244,64,6228,1556,0,1928,98134
1979:Q4,193104,1328,120457,14928,36896,22287,21824,-48200,-1824,-32,-412,15812,4404,8608,-14720,-492,4332,7900,64,-56,40558,7924,22802,5948,-56,-336,-186,-73644,-80,1132,2776,0,2736,-3989,45080,22287,-12,0,0,-1388,0,3824,52,7780,-3336,0,1244,152546
1980:Q1,297292,1244,175738,6244,34080,11772,-6748,31800,4192,1172,7800,15924,3308,2000,15092,412,-4952,-10460,9330,-656,169627,8484,36506,2196,-656,84,-6600,75264,-52,1576,4276,0,2568,26781,30264,11844,-308,0,0,-132,0,-14572,68,-10164,1656,0,544,127665
1980:Q2,200628,1140,114973,9812,28420,5917,6108,-12736,-700,2660,1284,13660,1944,4472,14420,216,11636,4432,-6834,-196,146816,6556,11236,-3792,-196,-220,3150,-8212,1600,1556,4316,0,2392,36027,33828,5985,3452,2,0,4692,0,23928,72,15988,3936,0,520,53812
1980:Q3,323077,1196,243973,5052,41220,20089,-4608,2332,336,2772,-5456,13160,2176,1440,-3908,260,6668,3568,-7157,-36,305318,6440,171872,1672,-36,-104,-1072,-8596,1824,1708,2108,0,2468,54666,40784,20161,-1340,-1,0,2760,0,-7836,76,11524,4920,0,1320,17759
1980:Q4,214545,1408,95859,6004,29656,20848,1316,-9080,1172,1964,2980,14792,3552,3584,-836,-108,15276,-2352,28590,-80,121706,6824,-47842,18596,-80,-24,3988,-10788,3060,2200,3056,0,2788,65097,36052,20916,-1028,-1,0,-2320,0,-1496,72,7388,14452,0,796,92839
1981:Q1,543409,1676,439489,-5524,45744,23533,-2868,12348,1772,1364,28,12596,6212,168,27752,-108,-12104,16492,-24489,-672,571034,8008,381572,17264,-672,396,1182,56956,1800,3208,-3156,0,2928,28115,33468,23605,-8960,-4,0,4768,0,11456,32,-9188,17292,0,964,-27625
1981:Q2,57802,2004,-25009,-5460,9376,9877,5376,26384,-1796,1012,-1028,12232,8028,12,7516,40,11692,1792,-4954,708,146607,8236,3543,16516,708,196,1648,18076,1328,3880,-1780,0,2828,24550,35896,9945,7880,1,0,-2912,0,2756,40,10532,1832,0,908,-88806
1981:Q3,250075,1944,132840,2300,51496,16884,2092,-10204,3412,656,1584,11676,8520,9240,5524,-56,-5068,12536,4823,-124,174461,7840,70625,13996,-124,248,-3944,-2456,5744,3188,4456,0,3360,19888,36136,16956,-336,4,0,3116,0,-8920,28,-12740,16608,0,788,75614
1981:Q4,40442,1508,42261,3456,39976,18828,-2064,-58427,2912,324,80,10328,7244,3740,-1388,-8,13556,-7128,-34184,-572,87180,7456,33680,12700,-572,-508,1204,-56613,2148,1136,-2912,0,4524,-5882,36896,18900,2712,-1,0,-2408,0,2008,24,22004,9200,0,1484,-46738
1982:Q1,341896,1116,169561,28452,45972,17450,-8652,34652,2756,-396,-700,9684,7364,2268,23344,160,-14732,4884,18461,252,341448,5800,182689,-9016,252,-68,-1120,107885,6364,-1680,-7028,240,5768,-7383,32300,17570,-2752,-1,0,-1052,0,10108,-56,-10408,13064,0,-28,448
1982:Q2,219926,772,-25979,27640,43308,20770,1816,68255,6836,-1476,412,21808,19684,1564,6292,112,8300,-8736,27648,900,170411,5268,12923,-7588,900,-64,-1050,40142,1100,-4728,1832,15940,9992,1651,36344,20894,4184,-0,0,4480,0,6964,-92,9144,16148,0,-3972,49515
1982:Q3,202684,620,61564,27956,37848,29207,4428,-4690,-3508,-1080,-112,8600,6488,-6992,14772,140,31724,22948,-27437,208,269624,6200,106118,-5852,208,292,3606,49523,1228,-4688,2732,256,7644,17742,37220,29331,2672,0,0,-8532,0,-16936,-64,37788,-2052,0,5188,-66940
1982:Q4,-64663,664,-32825,30256,17520,20287,2232,-104955,-2732,800,-2368,18700,7224,23156,-14292,120,-21924,-11176,4566,84,-68416,16808,-74947,-6820,84,-196,-1004,-72997,8728,-1560,1260,-2628,7264,-35492,38184,20411,-3252,1,0,8788,0,9328,-88,7528,12244,0,-60,3753
1983:Q1,409872,600,149201,11064,39636,16153,-9292,84528,468,1376,1476,9824,8388,312,21932,60,29156,-5288,49969,308,365737,12396,135493,1804,308,-204,48,116517,-15036,64,-8184,4,5108,42870,32624,16293,2220,-5531,0,896,0,11332,52,11876,5868,0,-1080,44135
1983:Q2,230289,580,63610,13668,34824,23457,5760,57069,-2944,3828,1740,8488,9112,52,9032,64,18320,-2812,-13711,152,150227,15060,34716,-1460,152,1136,-2022,-15510,-3040,3364,-6672,388,8728,68030,37604,23665,-26356,-4212,0,5112,0,-1976,44,4680,8604,0,192,80062
1983:Q3,247980,560,67421,12040,36796,41133,12084,33365,3708,3656,-500,13300,9404,480,100,20,7128,11172,-3735,-152,243900,18464,26223,1368,-152,404,1340,21147,4696,3220,8308,200,11480,46945,34728,41417,7780,4784,0,1044,0,-15708,0,11576,13360,0,1276,4080
1983:Q4,220353,596,85899,13716,42908,23909,-9280,-21748,496,1272,-1468,19364,9288,-2636,11456,68,-40,4660,42001,-108,24417,18992,-110907,7244,-108,-944,2592,-88806,-952,68,7848,-6244,5552,84757,41156,24257,13356,6068,0,-2732,0,8484,56,-1084,13376,0,2388,195936
1984:Q1,419651,-600,246766,12628,65408,19667,-5744,8407,1820,940,1072,14268,13324,-1964,14348,-352,-8528,26268,10914,1008,320598,-20472,104700,26908,1008,596,918,90582,4512,-960,-10028,-112,400,48386,35772,19527,240,-12175,0,2348,0,8872,-2916,2944,19704,0,-156,99052
1984:Q2,391722,-1396,179146,1672,46376,10406,1708,53890,-1788,-1292,2912,14208,15688,10548,12292,-328,15036,-27076,59732,-12,361765,10400,211021,-5240,-12,3508,1968,4080,1876,-3788,-2704,32,6336,77977,41608,10266,-13088,-3735,0,5884,0,1408,-2864,3980,13520,0,-668,29957
1984:Q3,325900,-1380,70758,13324,44996,10851,16292,112663,7584,-1636,-1504,13800,15740,7972,12640,-324,9152,14248,-19796,520,429271,9676,258738,-7396,520,3384,10086,98785,9100,-4284,4056,68,4152,-34899,41000,10783,4048,5266,0,5008,0,-10880,-2848,17556,948,0,6404,-103371
1984:Q4,-147210,-588,-202426,10692,25768,19154,-10716,-241,-1060,320,956,14824,11944,20848,-1492,-388,240,-13312,-21729,-4,-60034,10980,-40963,-7636,-4,-1872,-996,-60563,-3720,-2020,6924,-232,15736,-58026,44664,18942,8328,11408,0,-648,0,-6264,-2028,-3944,14360,0,-2460,-87176
1985:Q1,428237,-148,217115,23912,9560,34178,-9104,-28680,4820,536,1640,17240,14676,-4496,20620,-252,24160,2376,99804,280,379706,8164,223040,5480,280,-1684,-8,76275,-700,-1792,-6864,-408,1833,26822,-14784,34246,11164,-19142,0,-2772,0,8932,-152,15144,14656,0,1976,48531
1985:Q2,265080,436,52627,17104,40552,-2546,1824,93146,-5468,2236,-372,36036,15352,15356,17680,-284,6900,296,-24731,-1064,144903,26972,11398,5428,-1064,1660,-708,30657,-6880,-320,-1584,108,8334,-3073,33552,-2474,296,-3039,0,2688,0,7336,-284,28316,9404,0,-1820,120177
1985:Q3,559610,396,181238,57480,28960,17618,11404,28778,17548,2144,-4608,50712,8804,27108,23420,-280,11364,712,96884,-72,310841,41696,159103,8252,-72,4620,4290,12658,6984,-44,9768,212,4145,25017,29136,17762,-2496,5938,0,-5492,0,-3072,-280,-5416,1228,0,-3096,248769
1985:Q4,294865,-280,76495,18100,5576,3562,-4124,37028,-26512,272,3640,45732,14408,-5816,4036,112,98012,-6648,30881,392,319479,47368,120979,876,392,19368,412,-32617,-15608,-928,4272,-9332,7792,2168,34412,3762,-2016,20263,0,-6848,0,-4308,-3612,111936,22312,0,-1564,-24614
1986:Q1,50223,-964,-70360,13412,55132,13769,-11488,-76175,5184,-1564,-64,37364,35752,4260,1504,-84,-10608,59536,-4295,-88,153642,16608,48956,10336,-88,1028,946,-11741,8240,-1728,-10244,-20,-2361,31271,30420,14165,5750,-22637,0,-888,0,9900,-4648,14608,14100,0,1668,-103419
1986:Q2,89642,-1680,-60261,3688,35852,21721,-2488,61949,-4312,-3256,580,39712,10612,-28,-13696,420,13864,-10744,-2120,-172,164077,19144,-8647,11528,-172,4920,152,5152,-2656,-2444,4084,-32,11331,42341,33276,22085,17508,1611,0,-13360,0,1644,-5008,8900,12308,0,412,-74436
1986:Q3,371781,-1676,131725,5808,40760,3348,9004,32447,7412,-3560,-312,46552,6468,10028,45908,-420,-7112,652,48561,-3812,421106,23828,240806,13548,-3812,3256,4098,45881,9940,-2412,9872,-52,10668,52356,41616,3312,-7430,7692,0,4732,120,9416,-4612,-56012,14228,0,68,-49324
1986:Q4,17019,-976,-66257,11020,20280,-23700,492,20044,-2760,-2512,1656,49512,22892,16556,-20472,-2768,660,3636,-10460,176,292587,22084,30447,10824,176,-2432,1552,22157,-2224,-1668,8980,-11956,7498,119527,34052,-23576,-10184,24730,0,17128,0,-11988,-2908,44848,12856,0,2664,-275568
1987:Q1,357737,-116,100068,-17852,23716,-7696,-4472,49814,6924,-1660,864,41816,65264,6580,14496,-652,29268,1312,49451,612,413704,30200,122508,4084,612,-547,-852,115650,5128,-1160,-7736,-692,12113,29605,26924,-7424,13146,-27191,0,4320,0,17240,-6836,68328,16792,0,-508,-55967
1987:Q2,115336,1360,47140,-2176,35552,1051,548,-35915,-2348,-1280,852,45060,39296,-10160,-10800,-968,-23140,-1568,33468,-636,281568,28200,109761,-868,-636,1641,2754,-38524,-2132,-812,1728,-244,14386,75472,32524,1031,15346,-3027,0,7556,0,-11520,-6768,-10520,68432,0,-2212,-166232
1987:Q3,67619,1240,-81253,-8612,28496,20027,752,-13565,8328,-888,712,42164,62556,-14576,3312,-732,43936,3028,-27322,16,375370,26480,41856,1160,16,3531,5246,5637,10896,-408,8928,-20,17529,135168,29432,19443,-14914,11241,0,-284,0,14544,-7656,49000,15556,0,2988,-307751
1987:Q4,386947,3604,233097,2872,-848,23698,6468,-16019,496,-480,2684,50080,30048,3184,119392,-1232,-73252,4452,-1761,464,277228,32660,251090,5704,464,10892,1526,-56517,-1340,120,-4848,784,10840,74128,35520,23506,-11554,24689,0,15896,0,4224,-5116,-142940,4248,0,3252,109719
1988:Q1,451332,-548,139609,17380,69260,39013,-1820,-8125,11416,112,-44,34660,15248,16184,105500,92,-20176,-1872,35876,-432,470184,18476,210651,15360,-432,-5560,-1410,30185,13680,824,-4796,0,20273,64224,27992,38837,30248,-33849,0,-1948,0,22744,-1776,26240,2428,0,-2208,-18851
1988:Q2,349405,220,-3297,17380,52404,34357,10968,83916,-880,804,-708,29624,19132,-15320,-17108,-152,53156,12480,72522,-92,468926,17124,162919,16152,-92,2837,-1472,72561,-1536,1636,-1052,0,7229,39522,30316,34181,5297,5779,0,4616,0,-5892,-3100,67000,5404,0,9496,-119521
1988:Q3,128190,644,2645,17384,31180,30948,-392,-4801,5748,1000,3532,28316,-3628,8004,-1588,508,-39884,7916,40898,-240,276022,21412,187572,14512,-240,-1593,-1242,-17891,4164,1812,12740,0,-412,42694,33952,31064,-14712,2406,0,8436,0,2184,-3444,-57300,1980,0,7928,-147832
1988:Q4,740014,1396,476619,17380,8632,48744,-4424,76104,1584,696,264,32116,16748,-12284,-6040,648,21984,4544,55648,-344,872409,24928,629585,14160,-344,2380,5782,14588,2792,1176,-4956,-11420,7022,52425,30648,55164,-15498,24484,0,18976,0,-8068,-3832,21224,7520,0,3672,-132395
1989:Q1,638460,-376,409239,20872,17852,37138,7201,-4869,8576,1132,-3588,31352,31076,-4768,14653,-1016,5404,-2168,70762,-12,579667,13684,419954,11824,-12,-1396,-7360,39154,11112,856,-7577,0,7754,58701,24800,39602,21624,-35346,0,-10320,0,-21995,-1576,24492,-5468,0,-2840,58793
1989:Q2,216656,436,-8501,20872,73602,27961,-7182,20578,1332,364,50,34272,21196,5900,-10787,464,23332,-80,13059,-212,281899,14756,5997,14284,-212,2305,16744,28363,-2104,1132,-2757,0,15608,9513,29610,32705,28892,12816,0,20808,0,-5549,2864,41708,15920,0,-1504,-65244
1989:Q3,454443,504,175483,20872,46520,50600,3428,23362,15404,404,211,35140,25124,19556,16734,12,8596,-3444,15809,128,353799,18876,55237,9828,128,3711,9544,44951,14976,972,10402,0,10296,7732,34628,55724,-20172,10692,0,22444,0,-4037,-1160,65476,5900,0,-2348,100643
1989:Q4,142027,2692,68887,20876,51078,55303,-6311,-27127,-6936,608,2835,32708,29032,6740,3440,456,-56416,-580,-34894,-364,-148519,18748,-185245,4132,-364,848,10610,-90142,-7884,596,6837,-18648,-19631,35795,35374,59579,-20443,24706,0,7240,0,-2499,-296,-23924,18276,0,-2184,290547
1990:Q1,317794,-1412,-25476,-3284,24740,34233,18663,105553,-56,964,907,27532,12812,-7016,-8806,1280,84560,2464,49839,296,428096,34216,183433,-2596,296,1440,-5048,133758,1984,-2812,-11678,0,-17977,54833,25404,35593,21532,-35372,0,-13196,0,6839,-716,31223,-14604,0,1544,-110302
1990:Q2,64302,56,-86639,-3284,50401,38445,-12938,-40068,444,1408,1447,24456,2272,6116,35930,-260,18444,180,27948,-56,74105,6220,-118291,-6596,-56,4601,1496,-4230,-4436,3408,8821,0,1392,-8363,35217,43325,40207,14488,0,11900,0,7837,1852,62102,-26352,0,-436,-9804
1990:Q3,313968,-156,246468,-3284,877,64186,4311,-51443,13708,1220,-1791,23768,6828,-9428,63195,672,-6252,15956,-54979,112,501774,19216,252743,-4160,112,-5732,6620,35990,14108,32,9581,0,-7595,81823,32525,63370,-55662,8999,0,-3856,0,-16453,580,77638,-7508,0,-596,-187806
1990:Q4,54320,1972,189854,-3280,-13018,73314,-14173,-51588,-2860,24,1361,29920,6312,38672,-41687,-1096,-108936,-6124,-44520,172,35075,18156,-20108,1504,172,5724,-7862,-65302,-1200,-124,2193,25660,4979,20403,38210,74138,24883,17118,0,15880,0,-5783,4144,-88895,-30324,0,1508,19245
1991:Q1,599482,-504,256595,-608,78600,30524,2484,16753,15752,-260,2204,23400,45452,5336,31108,-20,100766,-3868,-4484,252,367473,6676,177766,8888,252,3220,-13146,7209,19468,-368,-6874,0,53719,36848,25520,14840,-41458,-38138,0,-13048,0,19143,952,116715,-8504,0,-2208,232009
1991:Q2,126466,-892,37725,1392,3467,64748,-17469,13802,-9816,-1028,743,9036,53224,7452,33642,308,-2634,1564,-69607,808,315034,8800,8950,13076,808,1076,-4488,-19594,-13680,-652,17422,0,-9318,80643,31187,68160,55552,14326,0,-2732,0,14236,-356,51594,-540,0,564,-188568
1991:Q3,281755,-892,259819,9392,-24724,73108,15239,-103670,9160,-1268,1407,11868,24216,24724,13976,220,65618,-4220,-93965,1748,225311,8924,-8886,5904,1748,-5727,-2632,-27500,17468,-700,17941,0,24084,34120,32984,74184,-45536,10832,0,8868,0,3994,2284,88649,-10632,0,-5060,56445
1991:Q4,385534,-520,138322,4392,122589,78179,-2030,11533,3112,-940,-894,28740,23328,-5636,17638,644,-81131,-2296,49416,1088,-112615,15700,-318286,8812,1088,15923,10956,-12957,-3272,-372,-8845,-8432,-7178,70153,33073,76535,-482,14280,0,31980,0,7067,2620,-45566,6792,0,-2204,498148
1992:Q1,1411185,-228,1027018,13836,29763,70225,-8094,-3879,-4024,1956,979,20464,32552,48124,-2849,-2268,126834,-2300,62805,272,922873,15968,584399,4984,272,-15156,-10172,-12362,2304,-80,1033,0,-6068,126260,26655,70693,-18836,159023,0,-60060,0,-13850,-2048,151957,-81104,0,-940,488312
1992:Q2,97234,-60,-62836,13836,22756,66013,-6464,58203,3612,756,882,24880,16444,-16264,-40805,-808,-10246,-8,26788,556,-36495,18216,-227785,2936,556,6188,-2786,28392,1544,-1132,4745,0,3064,23756,34184,66025,34224,20421,0,13056,0,-20385,-372,-41437,-1744,0,1840,133728
1992:Q3,348996,132,93501,8836,33269,45578,9301,-72664,19444,444,671,25192,-15228,17952,39120,-1764,140132,13148,-7151,-916,600345,19084,360,6348,-916,-11960,11838,7123,23248,-956,14036,0,3410,80684,29389,42762,-12261,45190,0,9956,0,7742,1872,313781,8408,0,1208,-251349
1992:Q4,53790,348,142366,18840,37573,71049,2330,34336,-15416,1156,-1604,22704,-65448,708,21254,-1628,-198016,3412,-20529,356,-294650,16580,-79075,6092,356,7804,-7660,-38057,-14320,-540,-3754,7392,-12054,-27658,33625,73077,7109,-45366,0,-12176,0,-1492,-3268,-212737,9432,0,2040,348440
1993:Q1,345619,472,160102,5056,44735,64935,-13675,26116,3660,1140,1964,17456,6388,-51260,-3870,-1848,184593,144,-101813,1324,341984,13256,151154,12784,1324,-29468,3382,-30474,6720,-572,-9618,0,4974,-67807,32375,65307,-2744,-31289,0,-24928,0,11829,644,239778,-4396,0,-248,3635
1993:Q2,390764,480,93329,5056,17030,72770,5489,106407,1344,1368,730,12880,19804,23280,73065,-632,-64220,-4260,25156,1688,211693,10948,67900,14464,1688,-12016,7430,15766,6772,-180,3307,0,17448,55266,34414,73122,28105,-58515,0,6036,0,10659,-108,-80647,15400,0,-5568,179071
1993:Q3,191740,480,19921,5060,18958,57927,5610,-89399,3792,1472,-300,13232,-8820,-12960,25039,-1180,129331,-932,22261,2248,521388,15732,75842,17496,2248,6932,-428,2583,3572,-408,17693,0,-26302,2718,23658,56235,5050,77579,0,29260,0,24322,4224,187327,-2880,0,-1064,-329649
1993:Q4,221665,492,102115,5056,43721,75449,5192,62681,-13596,1572,787,17196,15940,14688,-13867,-724,-80485,-7340,-3191,-4020,247088,7592,203780,18568,-4020,8020,176,9195,-20084,-600,-2211,-34640,-10116,13425,31229,74677,19833,-58899,0,12184,0,-11207,-4036,-26438,23016,0,-2356,-25423
1994:Q1,703565,552,15866,4800,32650,87643,-8687,366861,18896,-120,1077,16264,68660,-50756,-8527,-2968,190578,4460,-33539,-144,931356,13096,27593,22096,-144,8036,-50,264943,23108,964,-18795,0,45638,164547,29606,86495,27688,63421,0,-45668,0,-14634,972,230687,-1588,0,3344,-227791
1994:Q2,215946,592,-108856,19804,21882,85775,10676,209858,24272,796,1194,15164,38412,-31660,7363,-2464,-41009,-3112,-33400,660,305377,9624,33090,17384,660,8064,4404,78186,29848,504,4960,0,-37276,4107,31754,86783,6162,56860,0,1832,0,-15569,528,-828,-13764,0,-1936,-89431
1994:Q3,-93189,564,-132055,19804,19685,111646,-4223,-185155,9776,1228,1995,15604,-27396,-10936,45142,-3152,60198,-3860,-13390,1336,277811,17716,98537,19768,1336,14768,1986,-32357,4204,-24,-5284,0,28111,-73201,24109,113874,-34908,-29249,0,400,0,2603,3188,111198,15164,0,-4128,-371001
1994:Q4,133004,576,27483,19804,61935,17874,5038,-13320,5524,5436,2902,17712,79080,-13652,20234,332,-90087,-1076,-11321,-1472,356526,13184,310759,16844,-1472,53516,4086,-23059,-4548,-1924,6982,116,-7058,-487,35223,17698,13298,34480,0,22456,-120,-37284,4816,-118289,24608,0,-7300,-223522
1995:Q1,433000,724,26569,13604,2111,61086,-11764,100899,5120,-584,-4911,37360,-34444,-16732,39964,-348,200468,-1600,15466,12,408912,26504,209179,36972,12,-11824,334,-79665,-9052,-1624,-25882,0,25705,-10383,26131,59646,-36011,-36001,0,-45664,0,16302,760,256840,7364,0,-732,24089
1995:Q2,173715,760,65762,13604,39426,90322,16316,-119026,39372,4160,-1625,40092,34508,21308,53950,-588,-119733,-5904,963,48,264703,26552,3917,37348,48,166040,-5648,5855,-13732,1456,6840,0,-22526,68315,34042,91738,28128,34052,0,19692,0,-4116,2100,-232010,21576,0,-4964,-90989
1995:Q3,536093,776,281611,13604,48043,90121,-11374,-61752,-15172,-108,111,-7876,16204,7156,46674,-352,91551,11936,23972,968,757120,-2948,257957,35604,968,57332,-12272,-10424,7964,528,13823,0,11730,140264,25703,91133,-7271,-54123,0,46868,0,27131,-652,112734,10100,0,4972,-221027
1995:Q4,666459,780,397551,13604,124364,73252,11410,97121,-6616,8212,501,44260,20828,4360,-23184,-180,-67818,-1284,-30674,-28,474261,13740,144764,39776,-28,9708,4800,-80011,-22300,6008,4935,-27868,34327,118136,110060,73120,58354,46232,0,-24328,0,-17992,-1932,-35076,23604,0,-3768,192198
1996:Q1,721138,728,283745,29432,-41540,108984,-12636,-37118,-29340,-548,1487,13356,2952,3112,7229,-184,282855,-2172,110207,588,907813,3332,451856,34168,588,-99452,-6026,-10096,-20672,-772,-19545,0,-23212,109825,-27008,110404,11013,-40640,0,-36204,0,-14234,-5112,487535,3972,0,-1908,-186675
1996:Q2,362994,792,45413,29432,32333,92508,13716,166017,-12140,-1144,398,8252,9904,-23600,11413,-252,-21464,1164,11297,-1044,235370,4524,63358,34028,-1044,-88796,-500,192931,-14008,464,2472,0,8850,105547,20537,93636,-33603,-60363,0,1644,0,3284,-2664,-110788,13872,0,1988,127624
1996:Q3,803793,776,362636,29432,5292,107260,-3247,34019,-1808,3328,273,22752,28408,-1700,34932,-308,111660,6760,63661,-332,865464,13380,160775,38032,-332,99712,13176,58649,-1132,1708,11858,0,-9527,138296,34928,106580,-13426,-25405,0,2964,0,70255,-3504,183815,-13548,0,-1788,-61672
1996:Q4,207461,756,197848,29432,48992,100420,-53,-55426,34960,608,159,-13048,21440,18660,-6710,-4740,-134359,55160,-87002,364,240657,10352,-115013,38636,364,95164,3022,-105849,-1028,1696,7983,-2520,46818,98264,29732,101424,63732,32120,0,59292,0,15994,-2488,-154005,16160,0,808,-33197
1997:Q1,986311,268,115826,60996,10157,74533,-17205,121677,40716,8832,-21258,9376,-63532,24988,24951,-2860,424171,28444,146131,100,895655,13040,-39988,50152,100,104220,-1122,94531,6244,588,-62738,228,26314,67439,28205,82997,9264,-1433,0,-82052,0,-4978,-3516,592224,17272,0,-1336,90656
1997:Q2,234607,292,-80053,55996,55554,66577,18492,88193,-6812,4328,125,8052,34452,-26132,-78166,-6244,50612,20980,28317,44,242613,13732,-387140,54964,44,52748,8666,37555,-7708,1464,19116,264,-4336,130743,33114,90605,-54755,45406,0,30540,236,35212,-9356,135115,16672,0,-288,-8007
1997:Q3,528410,312,4731,55996,-16371,68895,-12400,-12012,-6580,4064,-2853,33520,-5356,19624,165541,-10372,105606,11608,124339,116,872070,22112,126549,59048,116,110132,-3636,26668,-5464,-52,14395,288,32284,107181,24393,86983,26064,5791,0,12152,132,14951,-8392,193854,23148,0,3372,-343660
1997:Q4,49218,340,-91726,51000,67232,109183,16216,100808,22892,1540,-887,-7924,88916,10116,-83574,-14332,-210609,18828,-28354,-448,136084,128,-292225,62316,-448,26680,1114,17726,11644,5364,20554,-45504,24781,144623,29824,121819,88080,96228,0,69736,0,29971,-23348,-299205,46728,0,-504,-86866
1998:Q1,1217458,-156,223384,102120,12042,95790,-24444,-182311,-7980,2964,7896,15208,87472,54868,-153603,-17664,856997,21988,122797,88,909836,9176,-241595,115392,88,151044,-858,-217135,-7940,236,-22983,-188,57011,133456,35758,120650,62301,-48666,0,-59700,28,-111246,-11764,895923,48808,0,2040,307622
1998:Q2,684341,1204,307015,87120,51075,118586,3809,97648,21992,3224,-460,2844,-14204,-11772,-26894,8088,-34915,4324,65554,104,784056,1104,250996,132024,104,-39272,5460,89380,17828,1328,-2662,-148,9349,111414,36599,132282,-129371,16846,0,23348,1928,42351,4180,24228,55820,0,-1060,-99715
1998:Q3,400774,-2000,129674,82120,4916,116758,2527,41140,-17508,1840,-6027,11640,19896,6232,59965,16776,-144733,6672,71438,-552,1340613,12944,425811,135656,-552,44544,7092,-997,17820,2264,13840,-132,35882,95614,24780,114442,23456,178308,0,2736,1108,10996,24480,124843,44196,0,1484,-939839
1998:Q4,1018170,-4536,1144462,97120,28475,93109,18399,-8668,-8656,17104,779,-19844,22876,18416,103679,37724,-316501,14204,-219752,-220,715392,2056,906539,116540,-220,-141740,7844,-15864,-2752,8536,39978,-40340,-33506,57517,27783,125017,62754,-48508,0,33228,236,-13293,39500,-404886,-7992,0,-3036,302779
1999:Q1,1362613,4820,530156,63668,25809,122803,-17656,81625,-27088,2776,5173,1484,127908,-31904,44575,-3880,391265,4764,35829,488,909649,-796,71470,102444,488,7000,-13390,116320,-7716,-28,-31665,348,49860,164642,35009,132607,-27104,-39172,0,-38240,4696,27642,1720,330322,23608,0,-416,452964
1999:Q2,1110436,332,455422,83668,43458,130834,20297,10854,-4380,5116,-2678,25584,30792,-15868,40422,-2008,113592,20936,153616,448,564968,3976,-56484,69096,448,-29728,1464,192818,-10052,1644,884,392,-1077,109012,38122,145666,5779,-74357,0,10352,6432,42533,-2860,38104,54340,0,18464,545468
1999:Q3,646436,176,342671,73664,11923,130738,-7037,-5061,58152,6948,-5018,35364,119196,-20444,75555,4020,-192723,7736,10109,468,652457,25444,329693,83752,468,-9928,4814,-114560,6576,724,-5919,424,10222,115628,26443,131498,-5203,19165,0,28768,2124,36757,3000,-8129,-31112,0,1808,-6021
1999:Q4,800266,3124,528692,73668,37051,135478,-931,25942,1820,-6064,5968,-45788,-129952,22104,163545,-6316,-230037,47412,173420,1132,-364920,-120,-443647,74656,1132,-20752,1746,-44613,20592,-6428,-21091,-19060,-67422,29599,30407,160678,116372,-4828,0,18920,0,24996,3872,-188394,-33488,0,1952,1165186
2000:Q1,2043931,-2972,315532,89240,26591,116469,3962,194008,11984,2776,658,24924,32588,13924,384421,-1252,788534,-52844,82928,12460,2185898,20888,913402,88164,-1176,-7564,-2838,-1093,-16544,-1352,16401,16972,14860,-25607,34231,118625,-66002,-59588,0,-32832,2884,179512,-2728,983267,26996,140,-13120,-141967
2000:Q2,1148464,772,733012,75240,45098,88224,45988,-143816,-11184,2256,632,37444,26364,-14900,11144,144,-49550,11200,276528,13868,1692987,29712,1043028,101420,236,-23788,-988,130986,-9932,1628,4286,17024,59862,121829,39710,82644,58716,111170,0,28216,12296,28095,-536,-153419,8548,0,2244,-544523
2000:Q3,934256,-592,760641,90644,30483,-59047,-15413,15801,29760,6544,-3011,26612,10124,-37876,81797,548,-127845,180036,-68982,14032,1732427,31904,1088343,85476,404,2304,4496,-33559,9068,1744,3743,17096,58541,88954,22619,-62963,88756,60141,0,22876,6068,22829,1524,50842,31492,0,129728,-798171
2000:Q4,947598,3240,599104,88640,113303,196797,-32416,177319,11500,-8768,13,8260,-32852,29504,85476,1460,-438307,13816,117244,14264,2121419,7100,1438535,84428,632,-60912,3614,75182,2760,-10460,17122,63964,35500,110753,110995,185189,-48583,227022,0,-34244,8560,-8781,4916,-134813,30040,420,12480,-1173822
2001:Q1,1483519,-3292,583382,55160,-40858,78314,22270,73568,37688,-1000,-7224,44488,-73164,128964,202378,-800,136532,6332,214924,25856,1720631,23548,1472022,113548,-400,3284,-4946,-198330,-2028,1892,30987,45785,211802,-8756,-41502,63006,-103741,-84687,0,-1804,11188,85610,-1464,4369,95960,0,5288,-237112
2001:Q2,895782,-1080,174523,55160,32903,59915,24250,-161294,-31740,-4252,7594,60816,117664,-15172,2898,1048,563038,77580,-94432,26364,1304773,66824,229629,129316,104,8000,2808,-15546,-5692,2864,4837,40920,7185,99420,28823,62943,83677,-59359,0,3060,23716,-17244,-648,552653,19224,0,37260,-408991
2001:Q3,213803,3172,1503,55160,11818,91194,-20215,194476,18320,4192,-4125,108608,-17756,77988,-34431,400,-125053,48736,-226561,26376,1716969,82292,866807,119504,120,-29548,4512,205096,32416,1580,40529,41610,12845,-78131,33178,74598,-2253,133298,0,31288,12364,18457,4632,44828,31248,0,35700,-1503167
2001:Q4,932835,-596,121974,55160,22290,215750,-36696,-255623,-70896,18020,-3602,48632,112636,-3508,32215,2036,340031,10440,298437,26136,455352,30032,-459817,157844,-112,-44672,-4068,134951,-30472,17180,-43853,68024,-24629,165718,36958,221846,-1971,-61984,0,-10400,11624,55833,1960,338070,-81664,-240,-20808,477483
2002:Q1,940547,1328,235166,18720,46113,62151,26745,169611,-72960,2980,5955,63800,184924,-16588,70612,604,104303,62640,-37510,11952,933702,29856,198654,39108,32,-22088,2446,103598,-816,3996,54648,-5352,-46234,176556,37453,55451,-71915,-25742,0,-864,32272,38959,-1808,261088,21380,0,53024,6845
2002:Q2,523044,-520,188729,18720,40125,211810,21042,172292,116856,-3968,-2662,72876,13184,27628,6559,220,-239741,-8196,-123667,11756,553258,60936,567255,41952,-164,-43188,6202,11823,8864,2296,-43293,21312,34759,-33054,32201,187282,79545,46768,0,21788,20844,40307,4704,-473513,-25024,0,-17344,-30214
2002:Q3,312054,2880,38552,18724,13619,-189928,-26628,130956,42432,6224,1071,64292,28016,80376,97634,1168,-126743,11520,105566,12324,915009,50568,627432,42792,416,-21492,-4068,163846,864,-1064,8512,12316,22688,-40409,38571,-216444,-26219,164900,0,44600,14308,25964,6020,-22456,19628,0,3736,-602955
2002:Q4,814601,-72,283131,18720,45620,545841,-21259,322953,-6528,-8076,3339,88256,-94840,57988,24997,-1320,-298555,10124,-167775,12056,509652,28092,-143438,39864,136,-22604,932,233222,8008,-29380,573,23824,-2624,193457,38980,573525,-17635,-36330,0,22304,12248,35190,876,-452332,26144,152,-23532,304949
2003:Q1,1271083,2764,202406,23388,49629,-225451,15956,-153450,-13528,6172,8676,110392,226608,-28496,98436,2884,760171,-10148,163214,31460,877755,72892,158545,18816,0,-14628,312,-122529,-3292,5840,-13075,46076,88216,-31743,34005,-212007,-54158,-41795,0,5428,23136,86889,-220,781239,50292,0,-484,393328
2003:Q2,2997071,1364,38059,23388,46744,905465,10626,181107,129944,5036,-4514,72500,218904,5580,136794,-8,911626,3544,302944,7968,2161993,62336,-480999,18816,0,-10368,-272,196389,38916,-4436,-336,-6968,40904,126236,23724,957261,-16151,-19017,0,35424,26152,114525,2456,996488,56636,0,4276,835079
2003:Q3,546077,72,23726,23388,72801,186152,-21731,194333,-90176,11912,-3180,80768,40504,-53196,246343,-1972,-246871,14316,55604,13284,520697,91790,-142074,18676,0,-20,1518,208105,-47336,-2112,-10205,-1308,-56761,161795,52095,210452,-12248,-50609,0,17964,15928,74657,-1800,-42277,35932,0,-1464,25380
2003:Q4,581985,-384,146036,23388,70818,297476,-5283,92360,-23828,-9448,5950,92876,67156,-102936,-26128,1960,-69682,14092,-1134,8696,473364,24790,-204629,16980,0,-16764,3578,65520,-15072,-7976,-4784,-49208,-3451,173199,61960,346548,9861,-83690,0,15164,20344,42377,-852,40774,32452,180,6064,108620
2004:Q1,1629171,-296,206172,68768,58168,219344,16432,-6178,2528,11392,15228,34380,214052,87948,149003,9212,458973,22456,71248,-9660,1682584,53220,172436,193544,0,12052,-588,-120853,-6220,1400,2660,-44272,86876,14654,36072,229912,16571,202771,0,-20300,29880,3087,6212,778474,32496,0,2500,-53413
2004:Q2,968949,3096,462676,68768,54129,-217536,6043,-66601,-50272,9292,-239,51340,35808,-116940,46476,-10452,516865,55564,115763,5168,758121,49578,322112,193804,0,-25696,-3186,370826,18756,-3048,6340,-5612,-6267,138715,29844,-173412,-49886,-278734,0,-6252,18976,-20658,-9580,145974,-3196,0,48724,210828
2004:Q3,1253847,1340,157908,68768,51265,553318,-6952,-96230,40668,12628,-9230,149360,-1984,39928,29053,5844,160549,16808,89424,-8620,1954562,86704,329279,193956,0,73392,-22,171731,-2056,10024,-5043,7652,-21335,58994,34393,532426,28009,67305,0,26680,14384,29491,7380,303139,6592,0,1488,-700715
2004:Q4,1454645,1880,409546,68768,71942,-361738,-10504,498185,-1564,9792,1837,37832,33648,-47744,-23237,3188,337252,30640,393919,1004,1261529,29354,51800,194120,0,-106756,9926,518680,-5556,-4580,-4337,59248,28542,149073,61679,-308402,47630,17650,5412,17832,11756,19380,3776,412489,26372,164,26276,193115
2005:Q1,1573156,1056,504697,142696,49639,72476,1224,136060,56824,1404,6497,45228,107348,41048,-123118,-7612,369912,40048,66933,60796,1464463,77471,530446,211024,0,14244,-7702,-131865,-2220,1176,7786,39420,25573,93776,25593,76056,-94588,-27794,4960,85384,27252,-1680,-1732,532668,-46680,176,25720,108693
2005:Q2,1273332,2840,653916,142700,42727,398831,-15195,-71902,-6456,-3220,10315,94156,1624,-2704,40337,5676,-18879,50104,-78097,26560,1948782,55137,811149,212080,0,34200,-2936,211606,12848,-1532,-3512,38596,-11455,97264,22490,425299,-193624,-3652,116,-42364,10148,26557,7524,176374,57204,-144,9408,-675450
2005:Q3,1420808,-2956,283476,142696,55857,527813,-4052,-361353,91424,-776,-1294,209644,97948,-888,134807,776,75681,4040,141758,26208,2105597,126348,662391,211196,0,57544,-3204,-230410,9032,900,2755,35784,16484,94503,33717,539013,87102,5404,2012,-194484,11648,156299,748,388866,85596,108,6244,-684788
2005:Q4,610335,2560,255744,142696,137629,65881,22520,256139,-99388,1308,-5046,43052,-90516,-45040,95602,15188,-343415,30460,94205,30756,1509331,81696,400540,211588,0,-4960,1120,320557,-5964,-192,-6046,49404,2670,81240,91793,83233,156102,29526,4348,167376,10700,43856,11908,-292177,54256,-148,16904,-898996
2006:Q1,2057905,796,71764,144608,31226,-182008,12677,437884,60340,-2400,-1449,-18080,109872,50380,-67619,-13668,1145737,14940,263739,-832,2516246,32567,687022,316588,0,-69376,-1426,271493,16116,3268,-7705,-96412,658,72054,24399,-7792,-37593,-29268,9372,-33596,16936,-113814,-12900,1455199,22300,212,-2056,-458341
2006:Q2,309593,724,277687,144608,56312,246032,-48231,-114880,100524,724,-3735,-11296,63564,36920,3639,2560,-191320,-15424,-228562,-10252,1760452,26358,1156042,316660,0,45160,3940,60880,8964,9352,-15129,-7916,32392,62047,26513,231524,-158526,-91572,9620,18468,45576,-53696,-1704,28083,63856,-304,-56136,-1450858
2006:Q3,1168456,228,271738,144608,38444,384677,-27262,-207385,-57400,-11056,1870,6636,69944,-55136,11166,8008,347310,30420,205122,6524,2210219,23152,525612,316344,0,18572,-858,-102556,4996,-9332,21170,-20324,63480,67593,16968,406381,87906,42855,4280,35120,8428,-59030,12412,740041,21836,164,-14992,-1041763
2006:Q4,634269,656,-79959,144608,146171,378249,68680,-345954,-28908,-4920,-7601,-23196,10528,15248,161155,17192,-8424,71820,126416,-7492,1361252,9627,261562,316572,0,5460,-1376,-313689,-16696,-732,22399,-70980,72178,69628,109708,416301,166993,-108120,10628,-32708,16880,105685,15588,219017,114448,-112,-27008,-726983
2007:Q1,2760352,2144,518600,93888,13473,404655,-40639,173917,75120,-3652,11180,48248,133468,-8036,-60871,-9608,1398811,-39384,25447,23592,3577383,44117,721700,281256,0,45228,46,156268,14764,1744,1281,17884,10324,50125,8248,407263,-27589,-51700,8056,35520,9936,-53055,-16080,1899668,2176,68,10136,-817032
2007:Q2,1811198,120,371305,93888,121734,-217705,-48315,336767,26100,-1292,-14036,28196,73296,29532,64408,-7952,789581,37140,96275,32156,1422015,30664,585308,281088,0,-71404,1566,-100549,13920,9144,10491,-34440,65800,62852,82741,-172577,-243573,-183266,1208,67216,17316,-6743,-5908,886280,113652,-44,11272,389183
2007:Q3,83015,1864,253080,93884,52095,459440,-19681,-112327,15968,-7596,-30150,45032,131352,18908,-102589,11964,-696006,82220,-149319,34876,1105044,69658,550474,282040,0,41540,2358,62022,33164,-380,11067,-19624,8497,52761,18401,492168,116925,2006,15008,-19476,11344,15461,7296,-718146,41652,-136,28964,-1022030
2007:Q4,-354035,0,253827,93888,95538,155395,100603,-142848,-17880,-33776,10547,-74980,-9108,-3348,133995,6748,-854627,139212,-340545,133324,355374,21165,468504,281992,0,23428,97684,-62746,-28452,13960,-3743,-13240,119715,41552,80689,147655,254845,193977,11968,24916,1068,99681,-2356,-1546433,52892,232,76420,-709409
2008:Q1,603761,5344,4571,114288,24488,-10699,-19580,306047,66864,2572,19733,55544,18996,115960,34908,4168,-215592,19136,82345,-25332,544214,77096,-631590,37648,0,45108,-4202,486658,63028,2764,-7857,164480,36220,77900,22584,-60979,-117216,85766,14932,-57244,-4932,983,6516,139947,151196,452,14956,59547
2008:Q2,-946142,1568,228870,114288,4352,27737,-52355,-401675,-104024,2004,-25850,9820,47944,-35957,-26158,-1080,-1005415,272376,-155047,152460,-1884230,43249,-806645,39392,0,-5556,157592,-225540,-75844,3064,7451,14000,-15415,103663,-28781,34501,-222772,-82477,13136,3964,18920,41051,1748,-1310350,231956,-284,175748,938087
2008:Q3,275823,-724,41586,114288,37519,241678,-24197,-111555,45208,-14988,-11997,107956,-361640,75970,-1703,9356,-443930,-35648,-277293,885936,134856,87113,-416604,38828,0,26296,897338,160966,43880,-2708,-12460,163684,65593,68554,9042,165822,11929,-6199,7936,-82528,-47752,38563,356,-966608,-56304,300,-60180,140967
2008:Q4,-542651,6500,1093273,114284,105169,255843,88003,-145697,170220,-7436,22514,-90152,-88792,13168,62257,-1212,-2759522,423736,-1006005,1201200,-1723782,15846,-283781,38260,0,63736,1071950,-316028,-18908,-7068,6662,20648,260278,55409,63987,126563,213092,534171,6268,-34520,-30888,51111,9500,-4238445,429384,-484,239476,1181131
2009:Q1,-920487,-1972,14313,32648,41696,134349,-819,-283046,-109956,512,74535,46060,-62500,207052,-64441,632,246040,-348508,182749,-1029832,-1361511,18906,-121285,-58404,0,-2144,-949142,67160,4080,-4260,-12402,96056,-11274,118839,61242,85101,92986,-92175,58352,42152,-42456,-43035,-16368,-158460,-372624,128,-122484,441024
2009:Q2,202289,-6616,113860,32648,-4131,977035,-8130,-41419,-154052,-3980,-7255,-46468,53080,-57021,-186230,9576,196848,15368,78935,-759760,225816,27856,-144181,-61516,-4,10764,-689842,56220,-1868,-3784,12557,-143876,-79254,161296,-37159,1029063,-63432,-114915,20088,70284,-27460,-43262,-6528,397941,-137068,-56,-6048,-23527
2009:Q3,1059153,-1528,187996,32648,24143,361082,-33388,-26350,29212,23644,-6612,18340,207052,61665,-193154,-14668,263036,96944,234224,-205132,-72193,56418,-423067,-61872,4,-31908,-184714,2072,-30936,-4212,-1501,-119120,14380,161868,7061,410534,26289,-114483,7356,-90256,-32920,-30131,3736,501468,-209760,68,71432,1131346
2009:Q4,229828,-9420,205255,32648,83896,184534,26685,541291,-106436,-7012,-2016,-63164,-57192,37375,-94099,-1664,-210904,-97592,-51922,-180436,-25787,21412,102540,-61796,0,89372,-156072,17405,10936,-5924,5774,-81404,-89149,141945,36460,242198,-47456,-72927,27844,-17380,-27532,69295,-2592,-236269,5896,128,1508,255615
2010:Q1,758257,10008,313800,-70188,55430,334250,-6635,-392136,54432,-11168,-25308,51652,70360,-143401,-54200,14316,429624,-48708,229684,-53556,392396,-33989,35967,99520,0,-104792,-32574,37154,-1224,3732,-39997,135164,38641,16960,58491,363214,-79280,-234260,-8652,40560,-8380,-102061,4812,459972,-226040,108,-30652,365861
2010:Q2,-273510,3584,313684,-49044,-80098,-10225,-22875,-248177,51440,15648,-5770,-65936,79936,-161204,179,-8396,-179016,100872,10159,-18272,107923,-7186,589453,99464,0,21156,-1236,-42208,-2524,23260,25609,43144,58334,-21400,-112851,-35013,-4421,-41127,30776,-37444,-27104,57784,2364,-555762,-32916,-40,77812,-381433
2010:Q3,1361262,-11600,333183,-49044,26122,559298,-46823,141419,45028,-18212,-745,41236,8868,37057,-104399,34220,168204,57424,169838,-29812,801970,18841,72502,98772,0,-9644,-228,-112163,-2724,-4744,15241,-59964,-72328,23339,-2736,607550,79098,-31999,-276,105396,-8728,-139369,15820,185043,86540,-16,-61252,559292
2010:Q4,-477029,8612,-321611,-49044,163638,350569,180128,-153585,-146864,-6256,-1261,-26860,36316,109836,-162603,-21784,-252141,-134048,-77230,27160,-193650,-22558,69050,99872,0,-17492,63302,-251840,-54804,-4304,165067,101736,-62335,16461,122684,415397,-84061,-107038,8756,8764,-12304,-171967,-18484,-278772,-175672,164,-3272,-283379
2011:Q1,1097380,1496,435083,-21048,54106,291489,-248817,-152566,2244,-4904,9853,36576,72792,-115271,-23067,13324,536415,79048,71129,59500,1564911,37373,26213,50248,0,-44456,40628,260308,54020,-560,-4188,-19216,46886,70027,44913,345017,93728,110821,4164,-159240,-500,-63446,3768,518376,63488,56,86484,-467531
2011:Q2,685619,1924,-124745,-21048,262406,188103,85077,-44626,50760,-6412,-5803,71576,50020,-95448,-24051,824,155113,-142020,148573,135396,861538,24874,-215800,49532,0,-26940,50992,5876,20900,4292,-12068,71284,56836,64131,256384,200335,32198,325545,-4088,1472,-9344,-13109,15488,125056,11952,-32,-174228,-175919
2011:Q3,-303490,-5000,128731,-21052,-308411,157437,-136856,37230,117580,11992,-7227,42828,142536,48091,-13532,7828,-454779,-29552,-53623,32288,1566166,101354,904942,49236,0,67336,-4474,-230019,-11936,18956,-24797,143604,226618,63596,-362392,137241,-94698,939708,9136,179176,-20384,37816,21564,-508489,-91068,24,14116,-1869656
2011:Q4,1236406,-280,643298,-21048,193775,580335,221780,-129130,5028,-21364,8593,41808,-5012,-10293,54727,-11844,-312633,-181272,-123950,303888,-1353265,69556,-1163810,49608,0,2520,482550,-269205,-2880,-19516,-10635,-80888,-9984,63192,134479,594003,85640,-792594,1284,-21968,1424,58566,-10652,-485391,22392,152,-51108,2589671
2012:Q1,977781,7344,589624,51764,43412,160954,-151540,-62201,-37572,79912,12893,-28432,-70952,29085,-4286,58508,588437,-263532,206571,-232208,236807,-1359,26903,163044,0,-63896,-218636,104591,22764,82376,-3928,-22480,-34648,45218,43630,138626,-38813,-419110,11468,6268,-5012,-41201,16108,600574,7528,-44,-183164,740974
2012:Q2,238188,7484,489587,51760,-87301,114595,98256,37228,-20588,4056,-9013,37028,20520,-87661,-24884,-16032,-234027,-41660,-37704,-63456,1009509,-347,1076475,163504,0,16476,-71472,36966,-17288,25584,-2113,48848,57256,39043,-119330,118467,-142237,128229,-2256,-56440,9824,-35412,20276,-29681,-268864,48,13952,-771321
2012:Q3,1305022,1640,270775,51764,-16391,443383,-155940,46435,54008,-436,-1130,104808,102696,20634,-87388,78896,214343,219124,37301,-79500,78424,24696,-263252,162540,-4,7124,-63438,-140343,34800,-14212,789,-50316,-3196,32963,-10080,457407,54868,-46608,14236,14720,4452,-79343,30700,28819,-126616,4,7712,1226598
2012:Q4,389241,-13804,46889,51764,265964,104418,229412,-158278,-89784,-2308,-1629,604,67084,21022,116402,-37904,-352405,177368,-16331,-19244,-676932,20861,-1023531,162404,4,-15792,-18180,-155906,-41476,-4824,8332,28860,65833,26851,271287,90502,56454,-17203,10376,51784,-11948,32535,21548,-574540,323136,496,15204,1066174
2013:Q1,1737409,3988,497348,41804,-47032,438298,-192847,67479,-4132,2332,21918,30112,10376,-18612,13523,-20540,596085,226536,65705,5068,1488026,43014,-241754,189052,-4,-6904,-2354,48992,35676,6004,-3835,-40796,46169,162747,-77219,445834,35379,-145035,-22904,61288,4040,-62882,1700,832761,176376,0,2680,249383
2013:Q2,57814,7608,85197,41804,254412,176077,105018,167898,-28320,480,-8035,17972,25812,-45857,22499,2324,-554215,-9224,-125273,-78364,191605,45149,-191657,187676,0,-10008,-20024,115208,57896,5420,19511,-8976,51411,152411,251956,166433,-111744,-36246,-53240,-756,-27596,15402,-39196,-338010,-18724,-268,-20424,-133791
2013:Q3,711325,-4020,456715,41808,127142,378920,-161133,-61031,-46092,-5656,-8136,18112,-19140,24544,-25026,-64032,-9213,36600,-20656,51620,671730,69905,371201,187416,0,-23624,-4442,-89098,-14908,10580,-36476,-45232,-33322,142086,147741,375996,-18912,2100,-7524,-3496,-4800,-52359,-57708,-145793,-90536,40,-7104,39596
2013:Q4,458672,4436,140115,41804,-327494,388376,242890,-26606,-45764,-3304,189,-6212,10340,270,-9760,-16348,-19381,-51808,-102834,239764,115933,61828,-80346,188104,0,-12780,5302,-148182,5744,-3704,16669,-27416,18052,131786,-369126,395908,38853,-67446,-26848,-4828,-7732,27470,1648,-49255,15220,-440,7452,342739
2014:Q1,1050779,3920,103438,77908,20279,337729,-239367,88468,-4912,7188,10193,126716,61676,-34197,77292,18476,293090,-12680,137298,-21736,2272450,29223,40665,262540,0,5740,3792,103729,23116,-4040,5513,102448,113843,62115,17861,327149,162307,317960,-128,-54072,-12260,-7744,27164,767450,-35228,0,13308,-1221671
2014:Q2,846123,5496,235605,77908,-85910,143088,141658,38960,-9664,-19084,1908,-32140,18908,-36198,22444,500,190328,22060,105559,24696,306727,38344,-9272,263244,0,-39244,4754,-22435,3180,696,-1304,-92956,25683,63522,-117762,136992,-157633,25003,-3716,-2716,15688,22088,11740,1514,142136,0,-820,539395
2014:Q3,251686,-2636,380950,77908,16943,71887,-184673,162574,39524,-9540,-4856,66872,18520,33988,-23849,-8312,-181129,-109048,4792,-98228,1024909,19605,604007,263208,0,-23344,-8258,58095,8652,-6588,-10320,54548,44294,64849,19110,53307,57594,195147,696,-8624,11884,60295,492,-253831,-173016,0,-6892,-773223
2014:Q4,1871982,-1880,1285162,77908,174644,290481,273522,225274,-8960,472,-2472,-41592,63372,17015,4366,-6644,-280289,-15484,-170704,-12208,245367,-14508,-233546,263676,0,12204,4776,-183896,-12320,47380,25179,-58540,175809,66239,153183,293977,-96000,47570,-1412,21544,15284,13645,676,-215309,-82184,36,1904,1626615
2015:Q1,1128109,4440,447068,20684,138117,202574,-246643,79632,57300,-3068,14818,30204,108580,-27377,47289,-6008,196709,-45076,77866,31000,2417280,29154,866077,278996,0,26748,-15542,151322,20500,-4700,-6886,20860,170299,63459,155075,208250,108687,-47664,17648,40184,12176,41256,3896,251640,44808,0,-18964,-1289171
2015:Q2,538514,3460,932513,20680,153405,24532,113072,-126326,-97372,8844,-2792,31504,-129988,-47655,24918,-1940,-220160,-75100,-26768,-46312,1172647,25442,1526562,279428,0,1056,3036,-25512,-23032,29968,9,67940,-46681,58702,145519,12160,-68011,-243990,-8760,6196,-3280,-70212,-9816,-545005,90904,0,-29976,-634133
2015:Q3,1010505,-880,1256936,20684,187091,40127,-153774,-109303,29292,-25928,-12191,29013,72238,34381,-4847,30360,-174309,-211864,44860,-41380,2095505,67574,1602419,279720,0,57628,-2244,43774,-35360,-25696,8370,85416,-44123,53845,183797,33471,36496,193107,-1532,-48376,-15788,-48061,6044,-58780,-202536,-4,-73656,-1085001
2015:Q4,277144,-124,281598,20684,-409493,423360,293454,-33898,-16412,77408,2353,-51036,-139110,17211,-35584,-44532,-307492,240,233904,-35388,-978179,35578,-868116,279748,0,7856,3312,-72049,-35588,73276,21239,-39756,-207356,49115,-458979,434880,40881,74986,2340,-24020,18412,67185,-14432,-338851,-40084,1352,10892,1255323
2016:Q1,1076919,4736,-244937,201364,-1690,233411,-270097,137317,77088,25200,35304,91147,183796,-22186,78127,24836,29684,-18880,553535,-40836,1849523,61129,781,230260,0,6460,-2470,125175,47020,49812,-11089,90460,130955,104556,6325,232239,48487,79150,36996,31884,-3388,83698,19724,387851,89040,4,4464,-772604
2016:Q2,1929502,3280,989831,201364,-108764,222633,90813,128923,54716,-5880,-21042,49988,139224,-37258,-42253,6956,72609,-10748,198364,-3256,1578151,70063,1091614,229268,0,-5012,13948,85670,26384,-18384,39432,43468,85283,104909,-130210,273689,-122085,-99061,26396,31592,6988,-14562,14908,-94747,-55440,340,-26300,351351
2016:Q3,808100,-3860,738053,201368,22908,304183,-100499,-149075,-112400,-86416,-10765,100504,-1580,30648,-20887,-20484,36853,-427000,242649,63900,1337820,58704,344909,229520,0,4788,13052,59481,-26600,-88328,-31367,7512,-43072,105300,16639,345559,156508,-183950,7864,30072,1468,-76859,6836,-197927,580712,-144,17144,-529720
2016:Q4,1625493,-5448,1070100,201364,134074,218843,282379,107543,-63440,-9548,1638,-4584,-69624,32535,-77711,14596,-455107,-18220,179870,86232,-542250,39836,77193,230656,0,-3924,-5706,-128414,-4160,12948,22824,-53900,-70744,105633,79198,355771,-73698,-409251,-26696,-83316,21624,-76161,34188,-519776,-46112,-520,-19744,2167743
2017:Q1,210034,5496,-493266,104388,61404,296439,-247655,20743,-5640,1724,13175,117732,27600,-51040,18915,-3112,212942,-102548,174709,58028,805244,32716,-149898,415608,0,-16764,-9910,71564,-31196,596,-10453,112024,11071,23886,97928,353639,20694,-60623,2264,-105180,10232,-26094,-43668,425347,-350016,216,31260,-595210
2017:Q2,743558,1688,-185885,104388,183121,162101,32728,23920,14460,-8020,-3205,143996,88484,-40442,39679,-820,140136,76024,-53523,24728,1216999,43836,172912,415488,0,-18812,-2556,-31297,42420,-10972,-1179,23804,-2087,21817,159837,223301,-58095,-4378,8072,31268,15128,-3220,8832,211432,-36092,24,7516,-473441
2017:Q3,795456,228,834569,104388,-363271,161925,-27905,-286102,11776,9372,-4846,253988,33424,57637,-115088,26432,32606,-37800,116562,-12440,1363177,137145,927030,408024,0,-20636,2878,56206,27072,-21736,-1081,37804,22613,19779,-397644,214189,51427,-262399,1956,9604,29592,-20723,5720,15042,97032,-48,24332,-567721
2017:Q4,-1170187,-288,-1715162,104392,193765,202838,242727,275767,34780,-5980,-989,-82712,9152,18425,23330,-27540,-439695,104672,-171570,63900,-348375,4979,-719180,415992,0,-3740,39366,-220354,96320,-5552,15941,-69032,-95158,17711,163706,260850,-42773,288377,-6868,-94700,-7132,-38248,-8420,-368772,7376,460,20476,-821812
2018:Q1,1055857,9736,629313,93616,-100843,-67783,-222287,-89237,11852,-4608,24243,55360,37728,-25730,-51389,10220,305000,22212,370038,48416,1173487,66141,1072204,193360,0,-11676,-30804,42687,-276,-2604,2316,33536,71184,31164,-108864,-47095,5885,-303950,12776,-25488,10788,-6043,23192,222634,-92164,604,13980,-117630
2018:Q2,1101540,-596,784889,93620,-89622,299446,-11857,125740,-41660,-560,-6502,64264,-29908,-39103,-73086,22240,35545,-82828,38559,12960,734480,34021,519751,191376,0,924,-16830,-95344,11296,4200,-2757,4928,75513,32066,-129867,342230,7581,-239482,-652,9528,5716,40730,-484,54628,-103728,-504,-10360,367061
2018:Q3,1682790,3388,728646,93616,-28149,478901,42591,26999,12320,14476,-9570,104500,43900,54692,-90458,13976,53785,90632,82162,-33616,968373,70500,83289,191936,0,-25948,-11652,207475,-36500,14528,3559,10944,64787,32982,-30909,488821,-33132,-127913,-10936,-24000,3228,-9028,31132,12299,-9344,-100,72356,714416
2018:Q4,286370,-4932,669994,93620,67850,182244,195838,30659,-47952,-14852,-8227,-58160,-71400,11437,-48531,13904,-556178,-126736,-136560,94352,2837,38314,545919,192452,0,109820,16030,-502885,-56108,-12588,27126,40428,1912,33814,56992,93884,-277642,339206,6104,-22872,-7384,77221,30856,-665757,-80724,-24,18744,283532
2019:Q1,3032497,5840,1598313,103984,98926,259823,-182558,318293,-15416,1048,30565,72992,66092,-19569,54722,7536,342349,90900,106921,91736,3166013,26710,992591,161852,0,-54044,-16780,297971,68092,-13116,-418,-25082,-20684,178931,70924,279951,124709,315410,984,30744,13516,-11976,38140,484323,193948,104,29212,-133515
2019:Q2,2006359,-2780,1284858,103984,223596,259818,-63981,21274,27624,16584,-4078,108056,100456,-32967,38505,-62764,-26753,87328,-116963,44564,2822011,39360,1261379,161216,0,-46028,-1146,43772,6716,-3460,2297,20182,72636,177855,187359,943082,116393,-433128,-612,50240,-1828,18740,-30864,187186,35076,-16,15604,-815652
2019:Q3,991549,3496,1166296,103988,-438686,258340,85790,-269773,-23184,7696,-19318,77836,148716,76437,-49549,7872,-1390,41788,-160279,-24528,1653099,31446,1848095,160920,0,-70796,-7468,36776,-36180,14580,8786,37471,117027,176749,-411012,-223540,-189115,219691,35264,79388,4224,-170,-100,-81087,-66324,-92,-31436,-661549
2019:Q4,2161794,-484,1793069,103984,25297,258344,162741,-24898,-130532,5544,-2416,62768,-50548,351,-23599,3688,-69766,61156,93404,-106308,2572888,73252,1819469,161536,4,-63776,16580,-207440,-8644,-12264,12178,80232,-14214,175670,-11247,604672,163233,92851,-5224,-32056,8208,-23638,11048,-74334,-186212,468,-7464,-411094
2020:Q1,2208688,10084,-875773,496640,-60355,258292,-107435,34165,151100,24456,30697,-3812,461376,-4572,70966,-13264,-223091,65608,411575,1482032,4168076,26486,413040,428424,0,-56236,1427182,319383,88836,8492,27807,-54908,468293,64028,-59945,142404,-23305,482453,44732,91344,25408,69459,28896,-16405,82076,228,139904,-1959388
2020:Q2,-130977,-3812,-1105552,350920,619770,258301,-151190,-361378,-29348,8040,6673,157156,33224,-37111,24240,5688,264862,50872,302005,-524336,-1230992,105805,-1867187,654456,0,64300,-498712,78754,-75812,-3864,73235,-51693,-97392,63975,-81271,523457,-123484,-354591,89528,79460,17680,19568,-35504,350744,-131416,-128,-30900,1100015
2020:Q3,704480,-1640,-355225,376320,1002463,264920,148684,-383465,-28096,-27836,-19946,179992,-18976,60608,-8547,18588,180648,-1976,191117,-873152,727248,176924,634894,760092,0,50860,-811430,402987,-20648,-25364,-12788,59969,-51538,63888,-8205,-174816,-179085,-180248,52020,65756,32280,-30843,-12516,7708,-59172,-44,-13432,-22769
2020:Q4,1094856,-4360,27088,433080,48762,264920,121085,-7910,-28072,-9316,-2188,-27556,126960,31948,-16311,8956,5441,14496,150579,-42748,1090454,13669,-155806,450316,0,13520,-17046,-169464,-16880,-5240,42434,114956,139117,63812,11485,137332,291383,-180990,-21908,12836,17244,-6316,13848,280881,92824,64,-31616,4401
2021:Q1,1904225,8504,159206,349200,-428208,263552,-115008,242300,14892,-13908,28467,198524,20488,-66566,61314,22792,816198,-5212,367911,-20220,1235923,56581,-118158,439404,0,96056,-70128,366755,22300,23504,-57806,-123213,77155,173617,-79929,356296,-130176,-464354,-16768,38320,44444,-43815,32096,634554,-1592,124,-19344,668302
2021:Q2,1158026,-3320,377681,549200,-377442,263508,-165966,47139,2572,752,-24,160200,50372,-52310,-64954,-31236,118827,-30812,290496,23344,1317031,37900,-412943,520656,0,80000,-5236,121559,39824,3668,58032,21796,124373,176939,-161314,207884,-76581,-45771,18436,-98536,61720,-16064,-28072,496240,208008,-72,-15416,-159005
2021:Q3,1036490,-88,-409250,509200,-134564,232901,193659,17159,-4000,-3384,-11215,253032,50368,82257,-137228,-18924,62217,144292,174891,35168,3090120,111614,1494293,428224,-4,37157,786,213054,-28472,-46932,16200,-87176,41468,180236,210006,241721,343628,-288291,-16360,-4380,42868,-86880,-13388,167697,107440,-180,25792,-2053630
2021:Q4,251419,784,300580,399200,-692946,232879,88432,-7106,14132,-4120,2772,-34564,116944,14676,-2239,-9728,-376606,19704,187450,1176,268230,15168,-37396,392524,0,47172,13334,-214756,-36288,-16504,5934,-43776,77500,183552,-348010,496495,-177039,207913,136,-57404,12916,-54034,-632,-253535,30228,432,24300,-16810
2022:Q1,2383267,7036,1331592,75912,-310559,233211,-87988,210703,42784,5236,39402,205476,62052,-42857,46825,22980,330170,198916,-72705,85080,3764979,69377,2053580,79152,0,-1483,-17490,485564,31472,8824,27924,184117,98529,70476,-126000,288547,143071,-435169,69184,-54904,58032,-6517,-7404,455014,215408,108,75568,-1381712
2022:Q2,758600,-3212,913938,50536,-272135,233187,-224311,-180416,109500,-132,2694,115616,29640,-19423,169260,-8396,-430159,143832,137325,-8744,2583499,100299,2430786,174232,0,9045,84,222078,56732,-8256,-45291,195991,92974,87646,-194718,476355,35895,-49572,-10612,-98300,8400,19626,-26912,-685060,-192156,-136,-15632,-1824899
2022:Q3,3952617,52,2610474,19120,-24745,233156,252845,244009,112384,5640,-32371,208892,94384,102753,-48728,49360,-123611,278292,-34946,5656,3266525,118680,3194203,218900,0,21994,-5108,91448,62148,34440,-54334,197810,162574,45489,-17305,199536,-105842,-269865,-43368,-29204,-3028,171,-4684,-512663,-104260,12,68780,686092
2022:Q4,1957667,-9768,2414366,54188,-191229,233154,-33262,-182328,83940,1140,8167,-36316,-154636,15427,17835,-53304,-185733,9156,-19893,-13236,415566,88676,820051,178936,0,-25974,18282,-324331,94152,-13828,18309,-132560,-69670,74880,-315321,275926,70559,85866,-22564,32608,9876,23436,-24168,-227155,-120680,292,-100032,1542101
2023:Q1,1584760,4084,489649,86916,63211,233128,-137458,37148,-194792,-256,75579,239480,15568,-62077,90812,6948,429120,38788,158389,10524,1031524,109094,-335199,96124,-4,-18318,-7354,41867,-136332,10936,-37006,92279,133502,19824,68853,238708,-13222,50343,-28,-12716,8260,53341,19004,523918,62160,-112,63600,553236
2023:Q2,1272457,64,963009,108392,-222715,233128,-403903,52694,61992,2096,70106,131476,64336,4026,12369,8516,-50044,32328,135247,69340,526645,81752,187266,86804,0,-37395,10646,-2651,6388,-7324,-9888,-70853,208587,53337,-258511,416788,51043,-374637,-3452,-1156,10096,43499,-5712,49806,94308,-84,-2012,745813
2023:Q3,2208715,2756,462024,53452,115003,233123,205461,535262,47924,89732,12653,144852,105724,124978,150399,-8864,-166473,234380,-51403,-82268,893881,76370,129137,46232,0,-15756,8266,234646,53472,19024,-15553,-28798,188577,119842,32228,101763,-137389,-171114,-26232,26832,15936,44114,3424,-291146,295596,392,184016,1314834
2023:Q4,1601021,2740,834838,21152,-454910,233093,-122372,480612,-44848,31288,53278,100132,112160,-23748,43361,20248,174794,41164,68267,29772,-27976,98292,-277910,15444,4,1604,-1532,-340958,-38004,5872,39667,-147230,41185,131929,-552746,349517,-103043,72784,-2772,4808,4720,44821,45496,482461,67816,-392,30192,1628997
2024:Q1,2437358,6368,1025309,95248,-44661,233071,-99997,250546,22692,9336,22713,125514,162776,-64027,-13410,4520,370241,91791,240131,-802,1417804,127935,-133129,71336,-2,19010,-15906,258325,3724,-36152,14480,-47477,69465,165159,-92032,335023,-8938,11849,-15452,-52664,56776,138947,-11900,435374,129401,60,-5408,1019553
