date,FA885015005.Q,FA885019665.Q,FA885019265.Q,FA885013765.Q,FA885013365.Q,FA885013465.Q,FA835013565.Q,FA105013893.Q,FA365015095.Q,FA885015005.Q,FA155015005.Q,FA105015085.Q,FA115015005.Q,FA315015005.Q,FA215015005.Q,FA795015085.Q,FA715013865.Q,FA705013865.Q,FA765013865.Q,FA755013865.Q,FA745013865.Q,FA475013865.Q,FA515013865.Q,FA545013865.Q,FA575013865.Q,FA225013865.Q,FA405013865.Q,FA675013263.Q,FA615013865.Q,FA665013865.Q,FA735013865.Q,FA155111005.Q
1945:Q4,ND,ND,ND,ND,ND,ND,ND,ND,ND,ND,ND,ND,ND,ND,ND,ND,ND,ND,ND,ND,ND,ND,ND,ND,ND,ND,ND,ND,ND,ND,ND,ND
1946:Q1,ND,ND,ND,ND,ND,ND,ND,ND,ND,ND,ND,ND,ND,ND,ND,ND,ND,ND,ND,ND,ND,ND,ND,ND,ND,ND,ND,ND,ND,ND,ND,ND
1946:Q2,ND,ND,ND,ND,ND,ND,ND,ND,ND,ND,ND,ND,ND,ND,ND,ND,ND,ND,ND,ND,ND,ND,ND,ND,ND,ND,ND,ND,ND,ND,ND,ND
1946:Q3,ND,ND,ND,ND,ND,ND,ND,ND,ND,ND,ND,ND,ND,ND,ND,ND,ND,ND,ND,ND,ND,ND,ND,ND,ND,ND,ND,ND,ND,ND,ND,ND
1946:Q4,6056,7742,-3193,1189,0,826,363,398,-80,6056,5091,5602,1929,-6873,58,249,1,62,61,1,0,0,16,14,1,0,0,0,15,7,133,5135
1947:Q1,ND,ND,ND,ND,ND,ND,ND,ND,ND,ND,ND,ND,ND,ND,ND,ND,ND,ND,ND,ND,ND,ND,ND,ND,ND,ND,ND,ND,ND,ND,ND,ND
1947:Q2,ND,ND,ND,ND,ND,ND,ND,ND,ND,ND,ND,ND,ND,ND,ND,ND,ND,ND,ND,ND,ND,ND,ND,ND,ND,ND,ND,ND,ND,ND,ND,ND
1947:Q3,ND,ND,ND,ND,ND,ND,ND,ND,ND,ND,ND,ND,ND,ND,ND,ND,ND,ND,ND,ND,ND,ND,ND,ND,ND,ND,ND,ND,ND,ND,ND,ND
1947:Q4,14246,12009,780,970,0,742,228,467,17,14246,8171,7811,3719,-6716,1015,256,1,103,103,0,0,0,18,15,-1,0,0,0,0,9,111,7784
1948:Q1,ND,ND,ND,ND,ND,ND,ND,ND,ND,ND,ND,ND,ND,ND,ND,ND,ND,ND,ND,ND,ND,ND,ND,ND,ND,ND,ND,ND,ND,ND,ND,ND
1948:Q2,ND,ND,ND,ND,ND,ND,ND,ND,ND,ND,ND,ND,ND,ND,ND,ND,ND,ND,ND,ND,ND,ND,ND,ND,ND,ND,ND,ND,ND,ND,ND,ND
1948:Q3,ND,ND,ND,ND,ND,ND,ND,ND,ND,ND,ND,ND,ND,ND,ND,ND,ND,ND,ND,ND,ND,ND,ND,ND,ND,ND,ND,ND,ND,ND,ND,ND
1948:Q4,21844,17148,3528,966,0,819,147,186,15,21844,11071,7972,4553,-3957,1932,277,-1,104,103,0,0,1,19,16,0,0,0,0,-1,5,135,7588
1949:Q1,ND,ND,ND,ND,ND,ND,ND,ND,ND,ND,ND,ND,ND,ND,ND,ND,ND,ND,ND,ND,ND,ND,ND,ND,ND,ND,ND,ND,ND,ND,ND,ND
1949:Q2,ND,ND,ND,ND,ND,ND,ND,ND,ND,ND,ND,ND,ND,ND,ND,ND,ND,ND,ND,ND,ND,ND,ND,ND,ND,ND,ND,ND,ND,ND,ND,ND
1949:Q3,ND,ND,ND,ND,ND,ND,ND,ND,ND,ND,ND,ND,ND,ND,ND,ND,ND,ND,ND,ND,ND,ND,ND,ND,ND,ND,ND,ND,ND,ND,ND,ND
1949:Q4,20823,17263,2626,875,0,640,235,66,-8,20823,10112,5250,3567,-1600,3221,279,0,119,117,1,0,1,22,17,0,0,0,0,1,12,108,8536
1950:Q1,ND,ND,ND,ND,ND,ND,ND,ND,ND,ND,ND,ND,ND,ND,ND,ND,ND,ND,ND,ND,ND,ND,ND,ND,ND,ND,ND,ND,ND,ND,ND,ND
1950:Q2,ND,ND,ND,ND,ND,ND,ND,ND,ND,ND,ND,ND,ND,ND,ND,ND,ND,ND,ND,ND,ND,ND,ND,ND,ND,ND,ND,ND,ND,ND,ND,ND
1950:Q3,ND,ND,ND,ND,ND,ND,ND,ND,ND,ND,ND,ND,ND,ND,ND,ND,ND,ND,ND,ND,ND,ND,ND,ND,ND,ND,ND,ND,ND,ND,ND,ND
1950:Q4,28824,24054,3677,1035,0,829,206,34,22,28824,15388,6100,4620,-1348,3744,330,5,145,141,1,1,2,33,22,1,1,0,0,-2,19,106,11863
1951:Q1,ND,ND,ND,ND,ND,ND,ND,ND,ND,ND,ND,ND,ND,ND,ND,ND,ND,ND,ND,ND,ND,ND,ND,ND,ND,ND,ND,ND,ND,ND,ND,ND
1951:Q2,ND,ND,ND,ND,ND,ND,ND,ND,ND,ND,ND,ND,ND,ND,ND,ND,ND,ND,ND,ND,ND,ND,ND,ND,ND,ND,ND,ND,ND,ND,ND,ND
1951:Q3,ND,ND,ND,ND,ND,ND,ND,ND,ND,ND,ND,ND,ND,ND,ND,ND,ND,ND,ND,ND,ND,ND,ND,ND,ND,ND,ND,ND,ND,ND,ND,ND
1951:Q4,34704,24529,9135,950,0,880,70,-11,100,34704,13406,8126,3174,5185,4417,405,4,135,133,1,0,1,26,16,1,1,0,0,83,1,138,7241
1952:Q1,37945,24825,11849,1243,0,1169,74,-56,85,37945,12713,8943,2457,8875,4647,312,4,82,82,0,0,0,17,15,1,0,0,0,106,-4,91,6252
1952:Q2,38616,25349,11801,1438,0,1319,119,-56,83,38616,13058,9527,2311,8827,4578,317,4,84,84,0,0,0,18,16,1,0,0,0,107,-4,91,5864
1952:Q3,35487,25470,8356,1633,0,1474,159,-56,84,35487,12956,7516,1240,9058,4496,219,3,51,53,-1,0,-1,8,8,0,-1,0,0,94,-10,66,4248
1952:Q4,39053,26753,10413,1858,0,1666,192,-56,85,39053,13704,9139,2175,9066,4686,282,4,71,71,0,0,0,14,12,0,-1,0,0,105,-7,84,7649
1953:Q1,41823,27742,12086,1906,0,1689,217,-23,111,41823,13914,10073,2621,9817,4900,496,7,224,217,3,0,4,22,9,2,1,0,0,36,8,187,10097
1953:Q2,42431,27726,12550,2067,0,1810,257,-23,111,42431,13969,10135,2792,10205,4828,502,7,226,218,4,0,4,21,9,2,1,0,0,37,7,192,9296
1953:Q3,42318,27263,12784,2182,0,1937,245,-23,111,42318,13452,10517,3027,9699,5097,526,7,236,228,4,0,4,24,10,1,0,0,0,39,9,200,8466
1953:Q4,40000,27424,10247,2242,0,2011,231,-23,110,40000,13193,9917,2849,7963,5580,500,7,224,216,4,0,4,21,9,1,0,0,0,37,7,194,7424
1954:Q1,39156,28062,8625,2196,0,1968,228,278,-5,39156,13514,9319,1986,7751,6096,489,4,180,175,2,0,3,26,17,1,0,0,0,41,3,217,5757
1954:Q2,39080,28980,7625,2204,0,1985,219,278,-7,39080,14559,8886,2153,6774,6238,470,4,173,168,2,0,3,25,15,1,0,0,0,39,2,211,5817
1954:Q3,39495,30360,6636,2227,0,1973,254,278,-6,39495,15780,8954,2693,5073,6511,485,4,178,173,3,0,2,27,17,1,0,0,0,42,4,212,5618
1954:Q4,39962,31325,6105,2261,0,1969,292,278,-7,39962,16873,8478,3082,4566,6488,476,4,176,171,3,0,2,26,16,1,0,0,0,41,3,209,7368
1955:Q1,41579,33459,5494,2218,0,1818,400,445,-37,41579,18434,8533,3317,3819,6812,664,4,262,251,5,1,5,44,26,5,1,0,0,64,11,247,9003
1955:Q2,44646,34316,7494,2429,0,1995,434,445,-38,44646,18895,9587,4313,4062,7044,745,5,293,280,6,1,6,50,31,5,1,0,0,75,16,269,10726
1955:Q3,45402,34116,8203,2676,0,2235,441,445,-38,45402,18559,11066,4724,3205,7026,822,5,323,309,6,1,7,56,35,4,0,0,0,86,20,293,11869
1955:Q4,45314,33291,8565,3051,0,2630,421,445,-38,45314,17589,12674,4306,2820,7053,872,6,341,327,6,1,7,60,37,4,0,0,0,91,21,312,10242
1956:Q1,45333,34149,7471,3372,0,3022,350,345,-4,45333,16975,13116,3713,3155,7586,787,9,182,176,2,1,3,65,51,3,0,0,0,54,0,423,6306
1956:Q2,46515,35094,7301,3779,0,3472,307,345,-4,46515,17127,14054,3102,3626,7805,802,10,184,177,3,1,3,65,52,3,0,0,0,53,0,435,6002
1956:Q3,47641,35250,7951,4098,0,3782,316,345,-4,47641,16708,15021,2807,4478,7794,834,10,193,185,3,1,4,68,53,3,0,0,0,56,0,451,5499
1956:Q4,47534,34668,8190,4335,0,3987,348,345,-4,47534,16275,15014,2538,5046,7831,830,10,192,184,3,1,4,68,53,3,0,0,0,55,-1,450,6477
1957:Q1,48010,34938,8640,4173,0,3821,352,268,-9,48010,15703,15204,2788,4925,8615,777,16,283,270,5,1,7,54,44,2,0,0,0,46,3,329,8504
1957:Q2,46566,34378,7668,4262,0,3867,395,268,-10,46566,15222,14903,2464,4554,8664,760,16,277,265,5,1,6,52,43,2,0,0,0,43,2,325,7498
1957:Q3,47643,34123,8943,4319,0,3893,426,268,-10,47643,15055,15270,2772,5153,8619,773,16,286,273,5,1,7,52,43,2,0,0,0,45,2,327,6479
1957:Q4,45942,33711,7700,4273,0,3876,397,268,-10,45942,14843,13767,2868,4821,8928,716,16,264,253,5,1,5,48,40,2,0,0,0,38,0,308,5844
1958:Q1,40915,33030,4043,4079,0,3745,334,-234,-3,40915,13553,9745,2753,5016,9195,654,7,253,240,5,1,7,31,30,0,-1,0,0,57,-10,287,1824
1958:Q2,39277,32355,3101,4056,0,3699,357,-234,-1,39277,13372,7925,2786,5396,9233,563,7,218,210,3,1,4,25,25,0,-1,0,0,45,-14,258,348
1958:Q3,40434,33980,2561,4130,0,3769,361,-234,-3,40434,14451,7097,3161,5481,9720,526,7,205,198,3,1,3,23,24,0,-1,-1,0,41,-15,243,1111
1958:Q4,45300,37149,4079,4310,0,3858,452,-234,-4,45300,16376,7996,4088,6163,10110,568,7,222,213,4,1,4,26,26,0,-1,-1,0,48,-14,255,2228
1959:Q1,51043,39915,6472,4248,6,3728,514,413,-5,51043,18881,9393,4215,7595,10369,591,6,173,163,4,1,5,60,51,2,0,1,0,68,-3,233,6583
1959:Q2,53129,41095,7240,4385,4,3831,550,413,-4,53129,19738,10250,4819,7573,10105,645,6,194,183,4,1,6,65,54,2,0,1,0,75,-2,250,7485
1959:Q3,53569,40287,8499,4376,10,3849,517,413,-6,53569,19344,11220,4914,7730,9651,710,6,217,204,5,1,7,71,59,2,0,1,0,82,0,272,7917
1959:Q4,50945,38087,8017,4434,29,3945,460,413,-5,50945,18590,11343,4371,7027,8899,716,6,215,203,4,1,7,75,63,2,0,1,0,84,0,270,5579
1960:Q1,53392,39712,8939,4279,68,3992,219,470,-8,53392,19591,13137,4019,6714,9098,835,7,261,246,6,1,8,51,49,2,-1,1,0,71,13,381,5594
1960:Q2,51477,37976,8541,4499,124,4243,132,470,-9,51477,17597,13525,3827,6171,9459,902,7,299,283,6,1,9,56,53,2,-1,1,0,76,16,393,6174
1960:Q3,50692,37674,7707,4849,157,4354,338,470,-8,50692,16646,12570,3593,7127,9881,878,7,296,281,6,1,8,54,52,2,-1,1,0,67,15,385,5324
1960:Q4,49828,38351,5972,5042,175,4414,453,470,-7,49828,16390,12088,3711,6908,9884,845,7,271,258,5,1,7,49,49,2,-1,1,0,62,13,392,3912
1961:Q1,51056,39263,6435,5017,131,4335,551,345,-4,51056,16049,11188,3795,8582,10672,769,3,243,230,5,1,7,50,49,2,-1,-1,0,-23,17,430,1455
1961:Q2,50644,37702,7226,5373,129,4564,680,345,-2,50644,15992,11729,4264,8120,9749,788,3,259,245,5,1,8,53,51,2,-1,-1,0,-22,18,426,2417
1961:Q3,53151,39194,8015,5600,132,4748,720,345,-3,53151,16867,11779,4820,8696,10184,805,3,277,263,5,1,8,52,50,2,-1,-1,0,-22,19,426,3331
1961:Q4,56761,41210,9484,5725,151,4910,664,345,-3,56761,17441,12658,5476,9050,11248,887,3,336,320,6,1,9,57,54,2,-1,-1,0,-19,22,434,4990
1962:Q1,57916,41380,10902,5463,119,4847,497,184,-13,57916,17706,13088,5904,9402,10835,981,3,392,373,7,1,11,44,44,2,-1,2,0,45,27,423,5907
1962:Q2,59586,42943,10803,5671,132,5100,439,184,-15,59586,18242,13948,6509,9076,10762,1048,3,425,403,9,1,12,48,47,2,-1,2,0,47,28,447,6850
1962:Q3,60536,43146,11334,5887,152,5320,415,184,-15,60536,17999,14155,6721,9576,11044,1043,3,403,381,9,1,12,49,48,2,-1,2,0,47,30,460,6931
1962:Q4,59464,42711,10301,6282,195,5628,459,184,-14,59464,17654,13664,6719,9267,11205,957,3,334,312,9,1,12,50,49,2,-1,2,0,44,30,444,8293
1963:Q1,59557,43343,9238,6642,182,5952,508,334,-0,59557,18210,13535,7056,8050,11868,837,0,350,334,6,1,9,32,29,4,1,-1,0,-45,35,432,8520
1963:Q2,62838,46222,9049,7232,262,6368,602,334,1,62838,19641,14609,7915,8019,11807,848,0,310,292,7,1,10,38,35,4,1,-1,0,-43,38,466,9276
1963:Q3,66210,47589,10548,7739,446,6706,587,334,-0,66210,19687,15541,8287,9212,12569,915,0,349,332,7,1,9,44,39,3,0,-1,0,-43,43,481,9449
1963:Q4,67733,48124,11418,7858,390,6901,567,334,-1,67733,20497,16525,8856,7982,12808,1066,0,462,444,7,1,10,49,44,3,0,-1,0,-41,47,503,9823
1964:Q1,70510,50681,12006,7613,337,6908,368,203,7,70510,21617,17127,9389,8250,12856,1268,1,385,361,9,1,14,114,94,3,0,2,0,101,69,499,11265
1964:Q2,70808,50750,12159,7691,329,7037,325,203,5,70808,20635,17995,9195,7967,13562,1455,1,535,508,11,1,15,117,97,3,0,2,0,105,71,524,11981
1964:Q3,71561,50791,12765,7799,315,7138,346,203,3,71561,20349,19127,9168,7722,13594,1599,1,651,623,11,1,16,119,97,2,-1,2,0,110,73,545,13135
1964:Q4,72452,51027,13317,7901,300,7225,376,203,4,72452,20551,19955,9114,7717,13443,1671,1,707,680,11,1,15,122,100,2,-1,2,0,112,74,552,10639
1965:Q1,75579,52007,15222,8081,233,7341,507,274,-5,75579,21022,22944,9522,6803,13510,1779,3,676,649,11,2,14,134,117,6,1,2,0,170,94,576,15692
1965:Q2,78247,54867,14679,8434,326,7515,593,274,-7,78247,21431,24688,9665,6339,14312,1813,3,638,611,10,2,15,142,124,6,1,2,0,178,99,620,14742
1965:Q3,82039,56048,16886,8838,404,7750,684,274,-7,82039,21587,26585,9804,6825,15414,1822,3,590,562,10,2,16,154,133,5,0,2,0,186,107,642,15823
1965:Q4,85157,58027,17531,9331,485,8120,726,274,-6,85157,21706,29050,10074,6774,15715,1839,4,506,476,11,2,17,167,146,5,0,2,0,196,116,697,17443
1966:Q1,89937,59187,20245,9777,454,8476,847,728,-0,89937,21809,31404,10335,8647,15918,1825,4,670,644,10,2,14,129,99,7,1,2,0,182,74,657,20034
1966:Q2,88789,57123,20758,10182,547,8774,861,728,-2,88789,20430,32654,9887,7972,16056,1792,4,599,571,10,2,16,137,106,7,1,2,0,190,78,668,16574
1966:Q3,89232,55917,22089,10500,652,9019,829,728,-2,89232,19247,33102,9324,9594,16199,1767,4,554,528,9,2,15,140,108,7,1,2,0,189,81,681,17867
1966:Q4,87281,52817,23040,10698,751,9150,797,728,-2,87281,17038,32819,8329,9948,17378,1771,4,564,536,10,2,16,142,111,7,1,2,0,189,84,667,16937
1967:Q1,85009,53081,20663,10462,624,9124,714,804,-2,85009,16329,30948,7472,10203,18318,1742,6,301,274,11,2,14,167,129,7,1,4,0,388,101,638,14771
1967:Q2,85366,54501,19727,10336,603,9113,620,804,-2,85366,18866,30185,7806,8639,18045,1828,6,422,394,10,3,15,164,126,8,2,4,0,386,99,611,17228
1967:Q3,86873,55976,19747,10348,558,9118,672,804,-3,86873,20038,29535,7929,10014,17400,1957,6,594,569,10,2,13,157,120,5,-1,4,0,380,95,597,16289
1967:Q4,90538,59055,20237,10443,566,9124,753,804,-2,90538,21720,30712,8721,9077,18061,2248,6,852,826,11,2,13,160,123,7,1,4,0,392,97,606,15724
1968:Q1,92709,61040,20438,10301,478,9075,748,938,-9,92709,21790,32478,9358,7774,18681,2630,7,616,576,17,2,21,164,129,11,3,5,0,833,163,699,19324
1968:Q2,92446,62630,18359,10526,524,9149,853,938,-9,92446,22001,31075,9537,7363,19730,2741,6,782,747,15,2,18,158,124,11,3,5,0,819,160,673,20016
1968:Q3,93015,62678,18819,10590,576,9173,841,938,-10,93015,21974,31541,10069,6785,19786,2862,6,894,857,16,2,19,161,126,9,1,5,0,830,163,667,22779
1968:Q4,96855,65778,19543,10605,629,9189,787,938,-10,96855,23116,33552,11365,5928,19917,2977,6,911,872,16,2,21,170,132,9,1,5,0,868,173,702,21352
1969:Q1,101958,68018,22785,10258,596,8992,670,928,-32,101958,24298,34923,12682,7292,19834,2929,9,1184,1141,17,3,23,169,122,13,3,3,0,448,190,788,21263
1969:Q2,99701,68396,20149,10261,757,8895,609,928,-34,99701,23917,35227,13176,4616,19930,2837,8,1056,1013,17,3,23,174,127,14,3,3,0,451,198,803,20193
1969:Q3,100973,68746,21268,10063,971,8706,386,928,-34,100973,23469,36730,13765,5050,19124,2831,8,948,906,16,3,23,187,136,12,1,3,0,467,213,856,18826
1969:Q4,93522,64355,18515,9756,1163,8325,268,928,-33,93522,21282,35902,13121,2683,17804,2727,7,837,794,17,3,23,189,139,13,1,3,0,462,219,857,17723
1970:Q1,93062,63722,18955,8753,1124,7535,94,1648,-16,93062,20897,34801,13073,3891,17768,2629,12,672,639,13,2,18,216,162,12,2,7,0,382,260,904,15488
1970:Q2,89937,62773,17496,8034,1213,6913,-92,1648,-15,89937,19801,34114,12710,2908,17745,2657,11,687,656,13,1,17,219,164,13,3,7,0,380,264,909,15857
1970:Q3,90734,64918,16766,7416,1178,6450,-212,1648,-15,90734,20351,33348,12991,2081,19192,2772,11,832,800,13,2,17,215,162,12,2,6,0,378,261,893,15695
1970:Q4,90322,68641,13351,6697,1050,5934,-287,1648,-16,90322,23080,29557,13613,2427,18855,2791,10,1008,980,11,2,15,192,146,11,1,6,0,348,239,830,10014
1971:Q1,90645,71708,10714,6288,789,5693,-194,1939,-5,90645,25596,29724,14705,-1029,18536,3112,32,1068,1017,17,3,31,197,162,14,2,6,0,218,277,1136,18156
1971:Q2,97184,78016,11064,6168,838,5564,-234,1939,-4,97184,29732,30419,16458,-1510,18718,3361,33,1272,1221,18,3,30,202,167,14,2,5,0,222,286,1158,18967
1971:Q3,100681,81262,11291,6193,898,5491,-196,1939,-5,100681,32137,30282,17228,-356,17990,3400,33,1291,1242,17,3,29,205,171,15,3,5,0,220,291,1166,19780
1971:Q4,104094,84917,10734,6508,1018,5594,-104,1939,-5,104094,34313,31760,18122,-2168,18690,3377,34,1197,1143,19,4,31,215,178,15,3,6,0,224,307,1198,22549
1972:Q1,113794,90035,15026,7046,953,5925,168,1713,-28,113794,37864,35344,19903,-1082,18549,3214,19,1096,1053,15,2,26,146,127,15,0,6,0,141,294,1370,23517
1972:Q2,116770,90138,17653,7294,1003,6040,251,1713,-29,116770,38817,36607,20290,685,17241,3128,19,976,930,16,2,28,148,128,16,0,7,0,143,300,1391,24725
1972:Q3,115884,91329,15794,7073,1036,5880,157,1713,-26,115884,39613,37203,20635,-2179,17450,3159,20,981,937,16,2,26,151,130,16,0,7,0,144,306,1404,26281
1972:Q4,128423,98028,21627,7080,977,6078,25,1713,-26,128423,43121,40908,22797,-843,18873,3567,22,1264,1214,18,3,29,159,136,17,0,9,0,164,321,1475,29869
1973:Q1,139450,102171,28557,7401,987,6317,97,1504,-185,139450,45769,43990,24657,1594,19256,4185,26,1310,1233,27,5,45,251,236,15,0,15,0,500,348,1484,36946
1973:Q2,140133,100410,31119,7281,1081,6229,-29,1504,-183,140133,44084,47521,24564,431,18738,4793,28,1731,1649,28,5,49,268,251,16,0,16,0,534,370,1579,34024
1973:Q3,137974,100884,28858,6910,1180,5896,-166,1504,-184,137974,43009,48955,23947,-2032,18853,5243,29,2084,1998,30,6,50,277,259,18,1,17,0,542,380,1636,30936
1973:Q4,134465,98362,28119,6661,1300,5625,-264,1504,-184,134465,40563,49259,22125,-2801,19747,5571,29,2411,2327,29,5,50,278,263,18,1,16,0,538,386,1631,26294
1974:Q1,132492,94950,29516,6722,1231,5330,161,1357,-55,132492,37122,49532,19395,-709,21162,5990,32,2231,2118,37,9,67,332,317,8,1,22,0,789,336,1922,22526
1974:Q2,133886,96064,30083,6433,1254,5116,63,1357,-53,133886,35734,50649,17505,525,23113,6360,33,2553,2440,37,9,67,334,321,7,1,21,0,801,335,1954,24205
1974:Q3,132449,92407,32796,5939,1458,4570,-89,1357,-53,132449,35626,51016,15979,501,22635,6693,33,2843,2728,39,8,68,342,329,8,2,22,0,816,349,1949,26084
1974:Q4,120407,83582,30084,5435,1723,4025,-313,1357,-54,120407,30198,48508,12410,815,21681,6795,31,2930,2816,38,8,68,350,339,9,2,22,0,802,358,1952,12650
1975:Q1,108630,81736,19937,5622,1951,3933,-262,1316,19,108630,28637,39447,9472,-139,24746,6470,48,2623,2487,51,11,74,474,457,5,1,18,0,706,322,1816,14559
1975:Q2,100625,77387,16605,5296,1860,3797,-361,1316,21,100625,30964,34909,8448,-1456,21481,6281,46,2663,2532,49,10,72,448,435,3,1,17,0,676,296,1696,16844
1975:Q3,109974,82471,20781,5383,1665,3988,-270,1316,22,109974,35042,34620,8609,2693,22654,6354,47,2820,2691,49,10,70,432,420,3,0,17,0,678,276,1661,23542
1975:Q4,118377,88863,22139,6039,1576,4448,15,1316,21,118377,38436,35839,8910,3339,25415,6441,47,2945,2813,49,10,73,421,413,3,0,17,0,685,265,1645,27402
1976:Q1,130922,100127,21355,7356,1362,5260,734,2043,41,130922,44265,39253,10250,2928,27619,6611,45,3189,3033,66,10,80,391,390,3,2,8,0,712,284,1587,31626
1976:Q2,132128,99905,21657,8480,1542,5789,1149,2043,42,132128,47364,41461,10759,2326,23616,6605,44,3112,2953,68,10,81,405,403,3,2,9,0,722,297,1608,31215
1976:Q3,133520,96836,25422,9176,1686,5990,1500,2043,43,133520,46793,44810,10707,3630,20951,6629,47,3023,2857,71,11,84,421,418,1,0,9,0,746,309,1655,32321
1976:Q4,145537,106271,27609,9572,1816,6077,1679,2043,42,145537,56142,47565,12646,3448,19204,6531,47,2828,2656,74,11,87,433,432,1,0,10,0,769,322,1689,34766
1977:Q1,159364,112188,34302,10156,1507,6626,2023,2768,-50,159364,60208,53941,14104,3937,20660,6514,39,2908,2726,87,9,86,409,404,2,-1,9,0,799,372,1573,37565
1977:Q2,178790,128897,36902,10272,1366,6920,1986,2768,-50,178790,71039,58253,16845,4369,21663,6623,41,2882,2692,91,10,89,417,412,2,-1,9,0,839,376,1646,39047
1977:Q3,183122,130906,39026,10470,1197,7322,1951,2768,-48,183122,72467,61632,17766,4212,20160,6887,44,3066,2868,95,10,93,417,412,1,-2,10,0,873,374,1692,40624
1977:Q4,189210,131451,44523,10518,1131,7651,1736,2768,-50,189210,72657,67008,19134,3216,19612,7579,46,3570,3360,101,10,99,429,424,1,-2,11,0,930,394,1776,43179
1978:Q1,191250,132660,43558,11396,1455,8427,1514,3759,-123,191250,74274,67242,20268,2709,18562,8198,28,3605,3296,165,13,131,558,545,3,0,10,0,1058,423,1968,36051
1978:Q2,229279,158260,55395,11986,1733,8855,1398,3759,-121,229279,80839,82224,25783,4350,26095,9990,34,4591,4234,192,14,151,650,632,5,0,11,0,1222,495,2350,48994
1978:Q3,245104,170784,57617,13066,2061,9469,1536,3759,-122,245104,82502,88332,29398,5976,27904,10993,35,5180,4807,200,15,158,708,684,6,0,11,0,1281,528,2560,44854
1978:Q4,258196,178059,62351,14149,2425,9881,1843,3759,-121,258196,82175,94343,33401,7264,29084,11930,39,5706,5316,210,15,165,765,737,5,0,12,0,1349,567,2750,45369
1979:Q1,256904,169580,68074,16002,2550,10652,2800,3292,-44,256904,78050,98488,37073,5774,24392,13125,23,5228,4719,314,15,180,1046,972,12,3,8,0,1315,1171,3347,42907
1979:Q2,261594,177316,64217,16813,2859,10997,2957,3292,-44,261594,76515,97674,38808,6125,28919,13550,23,5569,5066,309,16,178,1073,997,12,3,8,0,1284,1189,3392,36728
1979:Q3,278564,188245,69677,17392,3140,11444,2808,3292,-43,278564,76567,105253,40928,9188,31678,14948,25,6471,5942,325,16,188,1145,1063,13,2,7,0,1337,1253,3632,39875
1979:Q4,274466,190069,63347,17801,3461,12152,2188,3292,-43,274466,72826,105513,38558,7514,34199,15852,23,7274,6757,318,16,183,1176,1094,13,2,7,0,1297,1270,3696,33854
1980:Q1,273626,186585,64419,18121,3232,12627,2262,4576,-75,273626,65909,109781,33954,10376,36257,17351,51,7014,6247,514,21,232,1165,1064,15,5,6,0,1563,1593,4875,30738
1980:Q2,225268,155835,47216,17715,3448,12699,1568,4576,-73,225268,45488,96180,24046,9409,33347,16797,45,7170,6475,466,19,210,1101,1008,13,4,7,0,1366,1512,4571,5641
1980:Q3,227934,158821,46634,17977,3776,13176,1025,4576,-74,227934,48811,96699,25240,9277,30387,17518,46,7721,7015,474,18,214,1124,1031,14,4,6,0,1375,1554,4643,13994
1980:Q4,248970,176779,48713,18974,4103,14092,779,4576,-72,248970,58521,100378,30765,10359,30562,18386,46,8135,7406,489,20,220,1181,1085,15,5,7,0,1410,1621,4881,20488
1981:Q1,261486,182291,52606,21301,3816,14619,2866,5350,-63,261486,56304,105286,35259,10722,34825,19087,74,7886,7125,516,21,224,1291,1165,17,4,8,0,1223,1866,5553,26314
1981:Q2,262963,180330,54929,22416,3965,15033,3418,5350,-63,262963,53591,110269,37880,12807,28469,19946,75,8177,7392,532,21,232,1359,1226,18,4,8,0,1261,1934,5884,18314
1981:Q3,259527,172246,58546,23448,4316,15874,3258,5350,-63,259527,46653,115554,37346,13250,25747,20976,80,8671,7857,552,22,240,1424,1283,20,5,9,0,1302,2015,6167,24405
1981:Q4,262148,177885,53804,25172,4878,16359,3935,5350,-63,262148,39023,123226,35111,14822,27520,22448,83,9331,8502,562,22,245,1531,1378,22,6,9,0,1311,2096,6681,6730
1982:Q1,238093,164756,41285,24075,4744,15976,3355,7936,40,238093,36180,113403,28708,12449,25227,22129,92,7593,6755,557,22,259,1653,1478,27,4,18,0,1102,2736,7426,15571
1982:Q2,220295,154786,33255,24280,4883,16329,3068,7936,38,220295,34996,100574,22691,15220,25300,21515,84,7926,7156,511,21,238,1553,1390,25,4,15,0,925,2618,6975,15625
1982:Q3,201808,143703,25210,24920,4703,17184,3033,7936,38,201808,35575,88212,17693,13854,25512,20964,77,8516,7807,471,19,219,1426,1279,22,3,11,0,764,2486,6380,15876
1982:Q4,203512,148174,22000,25361,4410,17799,3152,7936,41,203512,42793,80226,15635,16763,27164,20931,71,9372,8714,436,19,203,1329,1191,20,3,10,0,627,2354,5954,25608
1983:Q1,212985,160720,19562,24313,4106,17311,2896,7897,492,212985,58897,72213,16347,19249,25454,20826,40,5565,5004,363,14,184,1491,1335,34,6,88,0,3128,3234,5905,32313
1983:Q2,229426,165545,29014,26479,5000,18163,3316,7897,491,229426,71712,73465,18586,19272,24720,21672,39,6527,5963,364,14,186,1472,1316,30,5,89,0,3229,3332,5633,48340
1983:Q3,264795,185859,40777,29771,6291,19635,3845,7897,491,264795,84498,84602,23107,21484,27487,23618,45,7593,6994,387,15,197,1559,1396,31,5,94,0,3434,3572,5889,57058
1983:Q4,300031,195082,62616,33946,7202,22336,4408,7897,491,300031,91597,102513,28007,24849,26796,26268,51,8859,8187,435,15,222,1686,1511,31,5,104,0,3824,3889,6308,68770
1984:Q1,319753,212210,67138,33306,6383,22273,4650,6787,311,319753,95820,110690,31430,24691,29782,27341,31,7418,6751,425,16,226,1872,1671,50,10,160,0,4908,4240,6981,77102
1984:Q2,347550,226917,76796,36739,7249,24469,5021,6787,311,347550,99062,125295,36131,25479,32044,29541,33,8259,7545,455,16,243,2004,1790,55,11,172,0,5211,4513,7493,82167
1984:Q3,358092,232771,79169,39054,8318,25598,5138,6787,311,358092,97547,132954,38955,22411,35152,31071,36,8973,8237,469,17,250,2087,1864,55,11,177,0,5369,4714,7785,77283
1984:Q4,372490,235478,89627,40289,9379,25894,5016,6787,309,372490,97668,136803,41988,27462,36193,32373,36,9749,9006,474,16,253,2139,1909,58,12,178,0,5498,4883,7911,83732
1985:Q1,378262,245798,85382,41578,8473,28980,4125,5399,105,378262,96920,135722,44375,30629,37371,33242,84,8162,7281,563,19,299,2936,2603,78,13,248,0,5455,5377,8286,90210
1985:Q2,389226,249549,90793,43381,8931,30321,4129,5399,104,389226,96980,135886,46113,34537,41263,34444,83,9342,8465,560,19,298,2937,2604,77,13,247,0,5504,5411,8226,89065
1985:Q3,386944,250134,86984,44324,8675,31351,4298,5399,104,386944,99041,126364,45430,39474,42324,34312,78,10364,9538,528,18,280,2819,2502,75,12,236,0,5238,5191,7797,105385
1985:Q4,395827,255400,89623,45301,8979,31537,4785,5399,105,395827,103515,130345,46680,37593,41403,36293,78,12086,11252,532,19,283,2855,2532,76,13,238,0,5302,5255,7858,88464
1986:Q1,393866,265028,73527,43562,7878,30551,5133,11941,-193,393866,110815,122034,45178,34070,45364,36407,92,8498,7603,566,21,308,3090,2742,93,16,306,0,6905,6693,7972,90235
1986:Q2,394102,260458,78267,43627,8252,29623,5752,11941,-191,394102,121412,110151,44749,35481,46464,35843,82,9624,8783,531,19,291,2857,2535,83,14,293,0,6822,6375,7158,99835
1986:Q3,397573,259702,82421,43700,8186,29527,5987,11941,-191,397573,125680,101514,43991,43050,47639,35700,78,10600,9803,505,18,274,2730,2424,80,14,282,0,6630,6159,6703,129157
1986:Q4,395933,258627,81280,44278,8438,29857,5983,11941,-193,395933,128669,100220,44921,40595,44792,36740,77,11688,10899,498,19,272,2731,2424,81,14,281,0,6631,6172,6641,115478
1987:Q1,378277,260310,68524,42277,7571,29562,5144,7169,-3,378277,130125,82568,43212,39827,47567,34981,87,10827,10020,495,23,289,2715,2447,87,18,177,0,5379,6722,6522,88860
1987:Q2,387750,263172,74298,43114,8373,29953,4788,7169,-3,387750,133374,84042,44289,43804,47035,35209,88,10730,9919,498,23,290,2750,2478,88,19,178,0,5449,6861,6568,101836
1987:Q3,397718,269402,77422,43728,9198,29997,4533,7169,-3,397718,134455,90647,44660,44507,48475,34972,90,9716,8888,508,24,296,2859,2578,92,19,182,0,5531,7093,6812,115106
1987:Q4,393384,275004,66428,44783,10001,30280,4502,7169,-0,393384,136923,90433,42873,41209,49820,32125,89,7226,6438,484,21,283,2869,2586,96,21,175,0,5258,7082,6723,97803
1988:Q1,381336,261825,70171,41577,8921,27829,4827,7865,-102,381336,136432,80825,43433,31777,49808,39063,64,14404,13373,634,29,368,2828,2632,88,25,150,0,5825,6486,6561,109698
1988:Q2,395391,272695,73178,41753,9673,28009,4071,7865,-101,395391,139424,92143,44562,29665,53469,36128,65,10812,9757,648,31,376,2908,2708,90,25,154,0,5961,6669,6736,106790
1988:Q3,390555,268185,72219,42386,10737,27969,3680,7865,-100,390555,139060,93867,43091,27517,52504,34515,63,9440,8405,636,30,369,2883,2689,90,26,150,0,5911,6677,6586,96426
1988:Q4,402257,271598,77736,45161,11909,28067,5185,7865,-102,402257,140950,99896,42637,27341,55193,36239,63,10838,9795,641,29,373,2916,2723,91,26,151,0,6015,6813,6603,103294
1989:Q1,402727,270177,78945,43482,11801,27044,4637,10158,-35,402727,139420,102583,43598,25405,54360,37364,80,9242,8163,659,27,393,3701,3449,95,25,155,0,7783,6094,6740,98734
1989:Q2,400344,262948,81850,45423,13870,26677,4876,10158,-35,400344,133133,102792,41638,23583,56653,42546,79,14021,12939,661,27,394,3744,3488,95,27,156,0,7937,6261,6738,98051
1989:Q3,416789,268273,90368,48025,16102,26659,5264,10158,-35,416789,132233,114883,41343,27253,57668,43408,85,13569,12449,685,28,407,3926,3653,100,28,162,0,8197,6603,7085,103893
1989:Q4,396872,264452,71759,50539,17708,27324,5507,10158,-36,396872,126057,115435,35315,21153,61102,37807,79,9068,8029,636,25,378,3855,3594,101,29,152,0,7717,6444,6768,84690
1990:Q1,413704,279185,79964,47682,14900,27683,5099,6897,-23,413704,128741,125060,30669,25106,66017,38115,84,12630,11986,397,17,230,4293,4054,83,35,119,0,6952,4149,5716,104852
1990:Q2,387107,265326,65825,49085,15092,28741,5252,6897,-26,387107,120079,120216,23306,25960,63932,33616,77,9571,8990,358,15,208,4181,3960,83,35,110,360,6011,3875,5353,80853
1990:Q3,375481,251127,69805,47674,13381,28724,5569,6897,-22,375481,110242,124681,17993,25727,63983,32853,77,9174,8596,356,15,207,4143,3929,81,34,110,352,6015,3720,5218,71304
1990:Q4,346667,229520,62267,48008,14756,27534,5718,6897,-25,346667,99003,116395,11734,22054,68158,29322,70,6791,6261,326,13,191,3984,3791,77,32,100,376,5757,3573,4771,54787
1991:Q1,312236,213778,45666,42962,12087,26075,4800,9865,-35,312236,89752,108152,5892,17875,65627,24933,95,7166,6777,241,11,137,3576,3657,60,33,70,428,3163,2949,3736,41037
1991:Q2,311639,215319,40766,45723,12187,28554,4982,9865,-34,311639,96564,101693,4669,20728,65341,22644,90,5907,5560,214,10,123,3448,3569,57,32,63,1408,1920,2762,3388,38707
1991:Q3,304891,211093,39301,44667,11741,27576,5350,9865,-35,304891,104314,92836,1821,16823,66716,22384,87,6734,6419,195,9,111,3271,3414,52,29,58,752,2489,2581,2917,44034
1991:Q4,296991,210890,28806,47465,12397,29459,5609,9865,-35,296991,108306,91546,-1112,11386,68132,18734,83,3660,3376,176,8,100,3188,3358,51,29,54,-600,3730,2501,2680,33675
1992:Q1,307912,226358,25897,42193,11692,25098,5403,13474,-10,307912,119418,89408,-3348,12913,72139,17382,112,7769,7118,410,17,224,3862,3975,48,40,10,-648,1142,-2309,3381,50765
1992:Q2,331821,231504,44086,42767,12085,24914,5768,13474,-11,331821,129123,104414,-3059,13328,67407,20609,119,9781,9049,461,19,252,4052,4151,48,41,21,580,335,-2217,3698,52114
1992:Q3,334433,227674,50942,42356,12915,23587,5854,13474,-13,334433,128896,111430,-2039,13503,62705,19943,124,8539,7773,482,21,263,4176,4257,48,40,24,-1096,2155,-2199,3875,58165
1992:Q4,356041,241142,57599,43837,14234,23382,6221,13474,-11,356041,136770,121043,1989,12760,60274,23202,130,10748,9927,516,23,282,4383,4448,50,43,28,676,642,-2137,4191,64576
1993:Q1,350211,238054,66476,39229,11991,20870,6368,6684,-233,350211,134929,121063,6429,6387,59286,22116,418,464,630,-104,-6,-56,2566,2760,51,54,224,-348,10270,3671,1986,58339
1993:Q2,366033,244273,76123,39187,12348,20284,6555,6684,-234,366033,137560,121769,10528,4876,63972,27325,433,4809,4948,-88,-3,-48,2643,2828,50,54,236,-140,10570,3798,2044,74172
1993:Q3,371232,256021,71150,37610,12749,18169,6692,6684,-233,371232,147440,122535,12855,1196,63913,23295,437,726,881,-96,-6,-53,2662,2832,50,54,235,-1080,11550,3804,2025,76285
1993:Q4,410107,275714,91316,36624,12511,17218,6895,6684,-231,410107,160478,139919,16509,2150,64597,26450,464,1868,1960,-57,-4,-31,2868,3015,55,58,255,1620,9718,4138,2391,86267
1994:Q1,406720,271081,93215,34061,11138,15939,6984,8453,-90,406720,167180,141934,14602,-7420,61138,29287,484,4063,4238,-110,-6,-59,4045,3989,49,35,232,-1072,14460,1511,1491,85793
1994:Q2,426862,290359,93779,34362,11019,16077,7266,8453,-91,426862,177157,146678,16721,-5760,64128,27940,489,2259,2435,-111,-6,-59,4171,4103,53,37,233,104,13322,1548,1621,89924
1994:Q3,438319,290957,102769,36230,11156,17451,7623,8453,-90,438319,171655,153516,17655,-1047,69214,27327,501,1103,1281,-111,-6,-61,4224,4166,53,38,241,432,13363,1585,1621,92836
1994:Q4,453161,292000,116370,36428,10479,17838,8111,8453,-90,453161,165269,172929,21434,-5649,69681,29496,534,1217,1332,-72,-4,-39,4454,4381,55,39,257,1668,13203,1794,1894,106092
1995:Q1,474225,294934,138661,35666,9147,17966,8553,5045,-81,474225,155988,196195,27309,-3000,70630,27101,975,3103,3335,-143,-8,-81,3985,3824,59,41,154,-568,11750,1524,2254,90490
1995:Q2,464872,289685,132219,38005,9660,19056,9289,5045,-81,464872,144328,197435,28478,-4314,73741,25205,979,1186,1432,-154,-7,-85,4016,3863,61,42,153,1748,9321,1516,2320,88150
1995:Q3,468279,299056,122646,41613,10912,20750,9951,5045,-81,468279,152175,195035,30987,-6693,71264,25512,980,1533,1804,-168,-8,-95,4043,3903,64,44,153,592,10363,1502,2335,97515
1995:Q4,479115,302617,127942,43592,11879,21726,9987,5045,-81,479115,158156,200443,31285,-9269,71781,26715,1005,1725,1978,-158,-8,-87,4201,4052,64,45,158,3448,7975,1597,2445,101985
1996:Q1,509713,315649,145708,46802,11579,24658,10565,1572,-18,509713,167888,208730,30743,1727,69958,30670,895,5419,4976,273,15,155,1225,1398,55,38,242,-548,17320,1786,2840,103758
1996:Q2,538059,338758,146469,51277,13350,26578,11349,1572,-17,538059,183193,216109,31864,-1675,73916,34657,925,7984,7485,306,18,175,1368,1539,57,39,251,16968,455,1930,3141,111852
1996:Q3,562421,347157,158290,55419,15284,28295,11840,1572,-18,562421,186524,231060,32697,-4960,79015,38085,973,9148,8560,360,22,206,1572,1738,60,41,266,-508,19089,2152,3554,110815
1996:Q4,573440,360306,151974,59606,18612,29895,11099,1572,-18,573440,184088,242390,34030,-10555,87634,35853,1004,5343,4694,399,22,228,1777,1932,64,45,278,5216,13803,2331,4060,114474
1997:Q1,578671,359501,149088,64064,22080,31174,10810,6296,-278,578671,186766,248641,36399,-13030,83473,36425,972,11619,10511,677,38,393,1933,1972,65,45,169,-1436,15437,2598,3051,126120
1997:Q2,594593,361428,159821,67325,24881,31449,10995,6296,-278,594593,192090,256591,38689,-11896,84560,34560,1002,8568,7419,701,41,407,2045,2081,65,45,174,3328,11326,2703,3223,111281
1997:Q3,640975,378253,185287,71418,27785,32768,10865,6296,-279,640975,199568,279922,42807,-7555,86710,39516,1078,10358,9044,802,46,466,2371,2379,67,45,192,3208,12900,3046,3872,132534
1997:Q4,633573,382416,171075,74062,31325,31336,11401,6296,-277,633573,206793,265663,41388,-9855,87726,41857,1064,13250,11976,778,45,451,2359,2359,69,47,188,3320,12320,3005,3876,140390
1998:Q1,657116,387210,189125,71904,26502,33269,12133,8938,-61,657116,218046,271776,41846,-9795,86637,48609,917,8614,6895,1032,63,624,3996,3442,80,53,199,-1264,22836,5479,4257,138118
1998:Q2,699467,420907,193579,76103,29259,35149,11695,8938,-61,699467,233675,278066,45863,-8674,93054,57480,953,16010,14210,1083,64,653,4190,3616,86,57,207,1428,20564,5726,4643,161886
1998:Q3,724614,439516,193723,82498,33083,37917,11498,8938,-61,724614,245540,282468,46343,-3201,98976,54490,951,13149,11376,1066,64,643,4226,3645,86,56,206,13116,8670,5749,4636,170014
1998:Q4,747671,446333,204420,88043,37152,39130,11761,8938,-62,747671,255297,288330,50793,-9261,97986,64525,977,21509,19679,1099,67,664,4420,3796,87,57,214,-6052,28736,5949,4832,200414
1999:Q1,768050,455416,219167,80982,30339,38993,11650,12464,21,768050,255154,300340,55001,-6270,100911,62913,1411,17707,16079,969,54,605,4455,3537,74,55,161,-2428,27732,6381,3828,192653
1999:Q2,792534,458342,227815,93893,40528,42350,11015,12464,21,792534,260628,313582,58780,-4011,101259,62301,1432,15712,14066,979,54,613,4687,3709,72,55,165,-2880,28753,6584,4012,218431
1999:Q3,812604,462423,234902,102795,46018,45451,11326,12464,21,812604,262046,324784,61664,-2511,104949,61672,1452,14138,12483,984,56,615,4846,3826,72,54,168,-3112,29388,6738,4102,223950
1999:Q4,809951,474125,216151,107188,47292,48115,11781,12464,23,809951,263233,317089,63107,-386,113070,53840,1418,8485,6953,912,52,568,4688,3696,73,55,162,-3252,28151,6570,3794,218582
2000:Q1,844678,493721,230394,101306,38071,50395,12840,19620,-363,844678,269154,338794,67715,-5155,118889,55281,485,16076,14901,693,36,446,4156,3423,55,63,154,-3588,25105,8165,1187,272333
2000:Q2,865027,496853,244354,104563,40712,50436,13415,19620,-363,865027,270147,365696,69885,-5858,113062,52097,516,10866,9599,747,39,481,4378,3571,59,68,163,-3868,26384,8532,1428,242020
2000:Q3,863978,502018,235382,107321,39668,54579,13074,19620,-363,863978,267910,372108,68860,-7387,112127,50362,524,9431,8158,751,38,484,4336,3569,62,70,164,-2816,25041,8581,1400,239033
2000:Q4,872260,511591,227426,113987,43639,57607,12741,19620,-363,872260,272835,371692,65648,-4527,115394,51221,521,10540,9272,747,39,482,4405,3628,63,72,164,-2424,24136,8630,1486,233354
2001:Q1,836397,503533,206673,103274,36015,55929,11330,22633,285,836397,275217,335222,61191,-4365,120019,49112,34,13193,11721,851,46,575,4865,3364,60,56,140,180,18581,8091,548,230174
2001:Q2,809492,530560,161755,94261,29782,54770,9709,22633,285,809492,281198,295750,57573,-811,132803,42979,-2,12306,11045,728,40,493,4299,2937,60,57,125,4068,11729,7505,-105,213135
2001:Q3,766928,528164,130833,85015,24030,51834,9151,22633,284,766928,286059,272379,56187,-346,115086,37562,-18,9796,8626,674,38,458,3978,2687,59,57,120,-2424,16529,7194,-416,209661
2001:Q4,729184,509560,121009,75698,16978,49509,9211,22633,284,729184,284565,224194,53338,3103,130837,33144,-72,8965,8071,517,28,349,3405,2230,50,47,101,-776,13932,6482,-1220,269733
2002:Q1,709554,502545,110048,71888,14846,46958,10084,24981,92,709554,299550,182747,55607,8145,134007,29500,-362,4167,3152,572,33,410,2634,875,16,17,166,-1372,17997,2982,2380,244097
2002:Q2,701312,499121,104018,73099,14599,47693,10807,24981,93,701312,312365,155659,57371,13757,129799,32364,-375,8456,7557,506,28,365,2499,767,14,14,158,-1172,17100,2752,2151,237121
2002:Q3,690428,489400,101130,74824,16239,46826,11759,24981,93,690428,312431,140015,56787,19053,130639,31503,-391,8931,8143,444,25,319,2391,658,9,9,149,-916,16181,2536,1946,249829
2002:Q4,683259,508433,81875,67877,7668,48133,12076,24981,92,683259,322812,128065,54787,20386,134278,22931,-420,4512,3921,332,19,240,1761,184,7,7,131,-872,14501,2059,1061,224465
2003:Q1,696224,514007,85525,69831,10309,46639,12883,26809,52,696224,335591,134217,53490,20151,134229,18545,-266,6411,5510,494,28,379,4806,227,11,13,87,1764,5293,1188,-989,211129
2003:Q2,728370,524771,103065,73672,10781,48438,14453,26809,52,728370,342022,159088,55490,23244,129675,18849,-263,5266,4279,541,29,417,4976,303,12,14,95,-896,8879,1325,-862,236176
2003:Q3,787224,566695,113784,79883,16903,48631,14349,26809,53,787224,372929,167160,60994,23503,137042,25595,-257,9895,8809,595,33,458,5475,554,13,15,104,-856,9542,1550,-440,259343
2003:Q4,820523,592640,120694,80328,18240,48326,13762,26809,51,820523,395484,172126,63337,24758,135753,29063,-258,12738,11612,618,34,474,5604,594,13,16,107,-828,9840,1613,-376,254020
2004:Q1,808361,586671,117598,80975,20701,47122,13152,23362,-244,808361,407935,150929,61768,23737,134695,29298,-60,13377,12008,727,38,604,2244,752,114,126,174,-796,14153,2484,-3270,258155
2004:Q2,868279,624569,142123,78470,19108,46813,12549,23362,-245,868279,434733,166905,67413,26846,135248,37138,-53,19102,17608,791,45,658,2356,821,117,132,187,-760,15791,2666,-3221,246799
2004:Q3,909055,646701,154796,84441,24371,47407,12663,23362,-245,909055,445036,188147,72072,30766,131893,41136,-34,20515,18841,890,47,737,2807,1111,122,137,206,-732,16846,3013,-2855,252220
2004:Q4,940507,665469,167856,84064,23641,46942,13481,23362,-245,940507,456910,205454,74182,30386,132376,41199,-30,19083,17305,943,51,784,2933,1186,127,142,216,-696,17879,3176,-2817,265169
2005:Q1,973551,670636,182684,97529,24500,56910,16119,22826,-124,973551,473648,225012,77005,29670,132705,35513,-280,19004,18114,460,27,403,115,-108,84,116,221,-672,19888,1788,-4643,254428
2005:Q2,1008901,694250,191541,100406,27913,56041,16452,22826,-123,1008901,490632,237431,80591,31380,133754,35113,-277,16840,15854,509,29,448,359,61,88,121,233,-648,20801,1987,-4452,268116
2005:Q3,1046378,723640,200774,99262,27147,55796,16319,22826,-124,1046378,508899,253828,83441,33118,132449,34640,-274,14325,13216,573,33,503,543,195,89,123,248,-620,22107,2194,-4290,267456
2005:Q4,1048935,741881,194856,89496,23402,50100,15994,22826,-124,1048935,512768,254298,84332,31745,134639,31153,-274,11034,9865,603,35,531,484,118,96,132,255,-600,22109,2215,-4416,223821
2006:Q1,1100783,746675,235506,95754,23672,55779,16303,23037,-188,1100783,515188,287757,87430,34803,142555,33050,-19,15823,13910,928,59,926,-206,-390,34,77,221,-572,19340,4129,-5387,254432
2006:Q2,1078457,724828,233228,97553,24027,58223,15303,23037,-189,1078457,479926,300631,85183,36066,146446,30203,-12,12493,10441,997,63,992,-102,-315,37,86,237,-548,19375,4304,-5352,237853
2006:Q3,1039634,680819,229164,106803,25805,66831,14167,23037,-189,1039634,437108,312488,82119,30722,144166,33028,-4,14752,12596,1046,67,1043,4,-221,39,90,247,-536,19502,4478,-5323,237569
2006:Q4,1015897,648740,228880,115430,28198,73533,13699,23037,-189,1015897,403943,312213,80952,35833,143685,39269,1,20557,18326,1082,69,1080,128,-118,40,93,255,-532,19480,4632,-5267,234926
2007:Q1,1002532,639294,225735,113672,32063,68055,13554,24725,-894,1002532,369635,319391,83043,33055,150271,47142,106,16973,15766,620,14,573,1132,217,63,183,357,-516,20259,8851,-483,240316
2007:Q2,1005709,632122,235765,113991,30860,70718,12413,24725,-893,1005709,338872,337959,88571,39402,153145,47765,123,16748,15406,692,15,635,1191,258,68,199,384,-496,20610,9099,-419,235987
2007:Q3,971421,608736,226664,112189,31969,69157,11063,24725,-892,971421,297838,343517,87800,37575,155078,49614,140,18474,17014,752,17,691,1307,328,71,215,407,-476,20102,9319,-273,231067
2007:Q4,933676,568262,221752,119828,35206,74916,9706,24725,-891,933676,250373,348639,86770,38900,159441,49555,152,18259,16719,792,18,730,1462,441,76,227,425,-460,19512,9543,-82,225953
2008:Q1,872224,527036,209320,117444,36347,71907,9190,18483,-58,872224,206973,349942,80075,38094,156579,40561,-158,28519,27107,584,37,791,1392,9,108,201,-23,-444,1685,5250,4022,189614
2008:Q2,843235,510543,193817,120450,37835,75391,7224,18483,-58,843235,186058,345035,76113,46750,157427,31852,-164,21331,19928,579,39,785,1335,-43,109,207,-31,-428,357,5208,3971,164103
2008:Q3,775768,481498,165946,109900,37621,67088,5191,18483,-58,775768,163496,312688,68633,48659,158738,23554,-175,15552,14227,546,37,742,1149,-199,110,207,-58,-416,-1309,4986,3707,118511
2008:Q4,618721,421989,78751,99555,30956,64573,4026,18483,-58,618721,119611,247745,45318,49818,154236,1995,-204,2353,1344,416,27,566,364,-769,103,201,-143,-396,-6046,4038,2494,28892
2009:Q1,418482,350743,-23823,65421,19229,43744,2448,26154,-14,418482,80561,133511,18883,45177,154237,-13886,-76,4738,4154,245,16,323,355,-593,85,125,-1470,-384,-27104,8885,1553,27179
2009:Q2,337126,275768,-45588,80806,24647,53511,2648,26154,-14,337126,57692,81479,4562,48615,156359,-11581,-93,8996,8669,138,9,180,179,-712,76,104,-1510,-372,-27678,8165,1264,19326
2009:Q3,331385,248859,-32725,89109,28829,56997,3283,26154,-12,331385,72181,66589,1006,50595,151723,-10708,-93,8957,8695,110,6,146,304,-622,76,94,-1511,-356,-27117,8076,1484,56817
2009:Q4,321279,203084,-14239,106292,36353,65925,4014,26154,-13,321279,69808,65794,-3171,51538,142323,-5012,-82,12464,12193,114,7,150,675,-356,75,86,-1509,-348,-26476,8353,2106,39051
2010:Q1,298024,165677,43126,81516,27874,48471,5171,7753,-48,298024,59250,69239,-8701,52714,130158,-4636,-227,6274,6968,-297,-14,-383,-2022,-2039,108,110,-466,-332,-5924,2027,-2145,36426
2010:Q2,377388,207041,84526,78114,22274,47641,8199,7753,-46,377388,76347,114859,-2499,56095,136683,-4098,-219,3697,4248,-237,-10,-304,-1917,-1956,112,118,-358,-320,-3694,2378,-1939,57820
2010:Q3,381240,169346,118274,85914,25310,50991,9613,7753,-47,381240,48475,151386,-7081,52960,137380,-1878,-201,2003,2416,-177,-9,-227,-1565,-1698,117,122,-252,-308,-1660,2915,-1351,67937
2010:Q4,406019,174143,129176,94994,28012,57167,9815,7753,-47,406019,55793,174741,-6654,52269,131145,-1272,-192,715,1046,-142,-7,-182,-1332,-1517,119,126,-192,0,-1325,3258,-932,92554
2011:Q1,376003,143827,134889,91161,29121,53929,8111,6233,-107,376003,53880,161544,-11254,46382,123272,2182,-306,1063,1996,-452,-15,-466,-1204,-1216,121,93,156,0,2901,490,84,95845
2011:Q2,408998,164459,141431,96985,35384,55160,6441,6233,-109,408998,61145,190598,-6919,43040,118261,2876,-300,-288,537,-399,-15,-411,-887,-998,129,104,231,0,3263,887,735,83844
2011:Q3,482410,187554,184433,104297,43037,55534,5726,6233,-106,482410,70101,243286,4039,38755,116188,10044,-285,1571,2177,-294,-9,-303,-327,-616,140,119,370,0,5609,1617,1846,82266
2011:Q4,526812,210956,197954,111776,49260,56761,5755,6233,-107,526812,78547,274656,8280,34735,117223,13371,-276,2220,2710,-238,-7,-245,29,-374,148,129,447,0,6444,2049,2555,97410
2012:Q1,576044,251612,201686,101455,43442,50545,7468,21423,-132,576044,101704,299737,16918,29529,108714,19442,-123,2745,3170,-208,-8,-209,1107,449,282,261,705,0,12767,-1341,2590,129962
2012:Q2,608663,261521,222460,103392,47850,48579,6963,21423,-134,608663,106100,323931,21529,28872,105645,22585,-113,2987,3293,-151,-5,-150,1447,677,293,275,775,0,14050,-1052,3246,117519
2012:Q3,588970,255137,212784,99758,45292,47965,6501,21423,-132,588970,111828,307531,21215,24730,98852,24816,-122,6902,7296,-194,-6,-194,1216,516,289,268,738,0,13478,-1283,2814,121780
2012:Q4,610397,260153,222813,106141,51149,48960,6032,21423,-133,610397,131397,301816,29304,19477,93835,34571,-121,15026,15393,-180,-7,-180,1399,638,297,274,762,0,14375,-1174,3095,138699
2013:Q1,627268,261322,234608,113373,49795,56702,6876,18040,-74,627268,164404,291700,54554,9951,90078,16582,-258,-5882,-5245,-267,-12,-358,2202,1881,-91,-178,1034,0,18929,594,-1649,149894
2013:Q2,632726,291970,221903,100886,37946,56564,6376,18040,-74,632726,173361,290854,56457,4161,92398,15499,-273,-3810,-3061,-315,-15,-419,1649,1496,-99,-187,975,0,18125,153,-2530,141056
2013:Q3,665389,325814,215133,106476,41563,59354,5559,18040,-73,665389,179561,312944,56361,4037,93885,18600,-271,-1205,-494,-299,-14,-398,1861,1668,-98,-186,1018,0,17743,316,-2246,142552
2013:Q4,686927,323310,240863,104788,42061,58448,4279,18040,-75,686927,172193,336805,64149,1352,91423,21004,-266,-2050,-1433,-260,-11,-346,2149,1887,-98,-186,1092,0,19742,584,-1850,144378
2014:Q1,687710,331279,233027,100772,40471,53768,6533,22688,-57,687710,166152,371877,53654,-7829,84471,19384,-150,-2006,-1188,-352,-12,-454,1174,1144,-55,-139,908,0,21817,1015,-4324,145316
2014:Q2,765486,374899,258993,108963,43637,58206,7120,22688,-57,765486,181662,415359,55517,-3355,92260,24047,-142,-280,431,-304,-13,-394,1496,1398,-54,-137,981,0,23375,1330,-3920,176968
2014:Q3,810436,394078,277964,115763,47128,61294,7341,22688,-58,810436,191637,436727,66681,-4413,94881,24924,-136,-2257,-1619,-274,-11,-353,1780,1622,-53,-138,1033,0,25061,1599,-3587,187077
2014:Q4,839703,425826,265511,125737,45228,73029,7480,22688,-58,839703,208847,435620,74046,-2379,98344,25222,-140,-530,144,-289,-11,-374,1670,1578,-55,-140,1031,0,24114,1507,-3813,191619
2015:Q1,829423,430528,246120,112238,38947,65157,8134,40616,-80,829423,219473,410443,78496,-5888,96413,30484,-129,275,-1168,531,25,887,4274,3351,29,-64,614,0,23596,3124,-4586,191951
2015:Q2,859685,460954,244786,113407,37770,67129,8508,40616,-79,859685,237103,396311,82431,-865,108991,35710,-134,6425,5017,519,24,865,4183,3283,26,-67,606,0,23153,3036,-4801,210684
2015:Q3,877643,466181,251732,119192,38894,71641,8657,40616,-78,877643,253645,391103,81767,-1206,112635,39697,-140,10779,9412,503,24,840,4079,3220,27,-68,599,0,23295,2939,-5033,204882
2015:Q4,852655,446566,234175,131377,45947,76252,9178,40616,-78,852655,260810,376505,68987,2339,105009,39003,-147,12345,11075,468,22,780,3994,3165,29,-68,578,0,21493,2845,-5231,197999
2016:Q1,869412,464212,216790,137824,47695,80547,9582,50543,42,869412,281431,369834,53912,4232,117973,42029,-73,11361,9482,623,33,1223,3809,3434,92,26,307,0,19346,5436,-1709,219584
2016:Q2,867621,476025,188661,152349,52131,90186,10032,50543,42,867621,283592,382022,46688,1227,114055,40035,-73,11184,9337,613,32,1202,3824,3498,95,28,302,0,17434,5523,-1780,215360
2016:Q3,882892,495367,175589,161350,58531,92114,10705,50543,42,882892,283830,396615,47600,48,112924,41875,-70,13400,11511,626,33,1230,3985,3618,100,33,310,0,16396,5741,-1638,221704
2016:Q4,903214,517023,167162,168446,64612,93024,10810,50543,42,903214,295000,394622,56018,-140,118194,39518,-70,11173,9261,636,33,1243,4132,3723,103,35,314,0,15764,5912,-1568,224249
2017:Q1,930573,534550,185705,160363,61258,87720,11385,49902,53,930573,310572,388940,75646,2483,118346,34587,-4,17059,14278,1191,38,1552,3396,3242,90,80,66,0,4623,6953,-918,208789
2017:Q2,953187,543130,198370,161732,67124,83478,11130,49902,53,953187,301421,407231,85879,7006,120725,30922,-2,12336,9465,1229,39,1603,3602,3358,95,85,71,0,4915,7210,-748,205543
2017:Q3,957859,532895,203590,171419,71201,89179,11039,49902,53,957859,301173,406220,87655,6914,123725,32171,4,12454,9531,1252,40,1631,3783,3526,97,85,74,0,5329,7437,-618,220739
2017:Q4,1028239,563027,232492,182764,76609,95022,11133,49902,54,1028239,319483,439168,88016,13116,133841,34616,12,12216,9108,1332,42,1734,4124,3800,105,93,86,0,6587,7856,-263,261106
2018:Q1,1073693,595253,243997,182887,76746,93910,12231,51539,17,1073693,322588,493154,74752,17515,130162,35519,-117,10737,6840,1563,54,2280,4008,3721,-236,-280,112,0,10964,7602,-992,261862
2018:Q2,1102504,617520,231912,201520,85212,103910,12398,51539,14,1102504,333808,503350,68859,18345,140315,37827,-115,13269,9329,1580,54,2306,4173,3899,-238,-283,112,0,10084,7859,-933,252115
2018:Q3,1096152,610163,227898,206536,90484,103909,12143,51539,16,1096152,325079,504766,64540,21888,140026,39854,-119,16151,12223,1575,55,2298,4188,3907,-242,-288,111,0,9280,7913,-1047,243040
2018:Q4,1073281,566689,235499,219539,93058,114859,11622,51539,14,1073281,311780,490928,68327,29163,123972,49115,-122,25733,21840,1562,53,2278,4175,3961,-246,-293,106,0,9122,7889,-1210,234424
2019:Q1,1080322,578965,241880,200731,70644,118876,11211,58861,-116,1080322,313225,454559,83700,36677,137861,54298,-89,26098,18494,3587,108,3909,4519,4640,-119,-202,82,0,9959,9701,-291,217492
2019:Q2,1123174,623594,226967,213869,73634,129508,10727,58861,-117,1123174,320441,468008,100396,22620,151147,60561,-91,32471,24701,3665,112,3993,4563,4731,-123,-207,84,0,9493,9966,-326,231642
2019:Q3,1147728,658013,205251,225719,78492,136263,10964,58861,-115,1147728,325243,473131,108365,33924,146585,60478,-91,34694,26899,3678,112,4005,4507,4710,-125,-209,81,0,7243,10146,-478,244543
2019:Q4,1110232,647332,161518,242637,86744,144065,11828,58861,-117,1110232,324489,444962,103493,39895,138998,58396,-97,35512,27857,3610,110,3935,4480,4707,-126,-211,73,0,4590,10141,-673,245836
2020:Q1,1075040,688434,98867,227935,82754,133349,11832,59876,-71,1075040,351080,391709,93231,45359,150242,43419,78,25219,20771,2134,55,2259,9141,8481,-68,-123,-82,0,-11359,13904,-1772,169594
2020:Q2,760146,525258,-31371,206456,75877,123323,7256,59876,-72,760146,270381,242532,44600,57622,143119,1893,21,-932,-3967,1456,38,1541,7127,6913,-75,-138,-119,0,-18455,11497,-3946,149857
2020:Q3,972336,616021,70394,226116,77132,146641,2343,59876,-71,972336,370397,299835,77390,58795,136852,29066,38,18769,15232,1697,44,1796,7966,7687,-76,-140,-109,0,-14195,12385,-3259,424678
2020:Q4,1099845,684642,95601,259799,91153,166855,1791,59876,-73,1099845,437004,335708,89036,59668,142844,35586,55,21275,17416,1852,48,1959,8743,8413,-72,-138,-104,0,-13238,13363,-2711,420603
2021:Q1,1162890,715634,128675,273845,101043,170662,2140,45328,-592,1162890,475730,365830,96212,50243,135139,39735,117,18167,15855,1118,26,1168,7359,8421,1387,1652,-75,0,-9394,12897,-796,470839
2021:Q2,1178587,717270,121896,294685,111770,180781,2134,45328,-593,1178587,460191,408564,96098,49385,121464,42883,126,20160,17750,1165,28,1217,7743,8836,1437,1706,-77,0,-9902,13517,-663,568974
2021:Q3,1136634,713476,81470,296952,109874,183402,3676,45328,-593,1136634,458420,407457,86700,52365,106264,25427,111,7209,5129,1006,24,1050,7254,8530,1448,1717,-89,0,-12388,13039,-1404,418662
2021:Q4,1153983,730032,73642,305574,109482,190507,5585,45328,-592,1153983,487430,405414,87355,55706,100568,17513,109,475,-1539,975,23,1016,7185,8572,1476,1755,-94,0,-13341,13074,-1698,457489
2022:Q1,1225114,714885,117084,332618,122761,202599,7258,60618,-92,1225114,511566,436450,97486,54279,95970,29360,123,12083,9447,1278,26,1332,7405,8900,1112,1359,-108,0,-13301,12436,-649,456555
2022:Q2,1217181,694494,120221,341939,123015,207986,10938,60618,-90,1217181,464580,484905,96205,54122,86970,30402,126,12873,10169,1310,29,1365,7532,9071,1138,1396,-111,0,-13574,12669,-718,401682
2022:Q3,1156455,630383,117508,348039,130352,205223,12464,60618,-93,1156455,392605,497662,85649,49574,100960,30008,126,12271,9486,1349,29,1407,7769,9200,1175,1443,-114,0,-14159,13008,-711,391612
2022:Q4,1106100,580723,111391,353461,130523,211810,11128,60618,-93,1106100,330348,495176,72310,64860,111019,32388,128,15687,12944,1328,29,1386,7714,9212,1184,1463,-118,0,-15055,13013,-840,344462
2023:Q1,1136542,612087,96443,367489,139148,216745,11596,60618,-94,1136542,329023,511635,74975,63310,124412,33186,133,17045,14217,1370,29,1429,7878,9337,1212,1529,-120,0,-16379,13315,-764,399962
2023:Q2,1179066,638151,109441,370951,133647,224369,12935,60618,-95,1179066,322475,520794,79927,69130,145531,41210,139,24718,21803,1411,32,1472,7889,9411,1215,1551,-120,0,-16226,13369,-736,379805
2023:Q3,1206212,683883,89305,372499,134817,226541,11141,60618,-94,1206212,329161,522594,79692,73131,164607,37025,139,22070,19248,1367,30,1425,7796,9348,1222,1567,-124,0,-17393,13309,-909,367880
2023:Q4,1266204,740603,77246,387833,144486,232859,10488,60618,-96,1266204,335563,540642,78732,82803,192150,36316,147,20844,17925,1414,29,1476,8103,9614,1255,1614,-127,0,-18205,13779,-708,363395
2024:Q1,1317983,774067,72258,411135,150015,248846,12274,60618,-95,1317983,378574,534964,88376,79547,198262,38260,151,22302,19355,1428,31,1488,8258,9865,1273,1629,-127,0,-18434,14056,-713,333955
