date,FA885019005.Q,FA885019065.Q,FA885019025.Q,FA885013075.Q,FA885013035.Q,FA885013045.Q,FA835013051.Q,FA105013893.Q,FA885019005.Q,FA155019005.Q,FA105019085.Q,FA115019085.Q,FA315019001.Q,FA215019001.Q,FA795013005.Q,FA715013005.Q,FA705013005.Q,FA765013005.Q,FA755013005.Q,FA745013005.Q,FA475013005.Q,FA515013005.Q,FA545013005.Q,FA575013005.Q,FA225013005.Q,FA405013005.Q,FA675013025.Q,FA615013005.Q,FA665013005.Q,FA735013005.Q,FA155111003.Q,FA145020005.Q
1945:Q4,ND,ND,ND,ND,ND,ND,ND,ND,ND,ND,ND,ND,ND,ND,ND,ND,ND,ND,ND,ND,ND,ND,ND,ND,ND,ND,ND,ND,ND,ND,ND,ND
1946:Q1,ND,ND,ND,ND,ND,ND,ND,ND,ND,ND,ND,ND,ND,ND,ND,ND,ND,ND,ND,ND,ND,ND,ND,ND,ND,ND,ND,ND,ND,ND,ND,ND
1946:Q2,ND,ND,ND,ND,ND,ND,ND,ND,ND,ND,ND,ND,ND,ND,ND,ND,ND,ND,ND,ND,ND,ND,ND,ND,ND,ND,ND,ND,ND,ND,ND,ND
1946:Q3,ND,ND,ND,ND,ND,ND,ND,ND,ND,ND,ND,ND,ND,ND,ND,ND,ND,ND,ND,ND,ND,ND,ND,ND,ND,ND,ND,ND,ND,ND,ND,ND
1946:Q4,31826,16725,11459,3244,0,2248,996,398,31826,7391,13361,5826,3079,1629,540,4,155,153,1,0,1,32,27,1,0,0,0,37,30,254,15862,6011
1947:Q1,ND,ND,ND,ND,ND,ND,ND,ND,ND,ND,ND,ND,ND,ND,ND,ND,ND,ND,ND,ND,ND,ND,ND,ND,ND,ND,ND,ND,ND,ND,ND,ND
1947:Q2,ND,ND,ND,ND,ND,ND,ND,ND,ND,ND,ND,ND,ND,ND,ND,ND,ND,ND,ND,ND,ND,ND,ND,ND,ND,ND,ND,ND,ND,ND,ND,ND
1947:Q3,ND,ND,ND,ND,ND,ND,ND,ND,ND,ND,ND,ND,ND,ND,ND,ND,ND,ND,ND,ND,ND,ND,ND,ND,ND,ND,ND,ND,ND,ND,ND,ND
1947:Q4,43368,23068,16422,3408,0,2440,968,467,43368,11141,17296,8624,2796,2890,621,5,204,202,1,0,1,40,34,0,0,0,0,29,38,271,20447,-550
1948:Q1,ND,ND,ND,ND,ND,ND,ND,ND,ND,ND,ND,ND,ND,ND,ND,ND,ND,ND,ND,ND,ND,ND,ND,ND,ND,ND,ND,ND,ND,ND,ND,ND
1948:Q2,ND,ND,ND,ND,ND,ND,ND,ND,ND,ND,ND,ND,ND,ND,ND,ND,ND,ND,ND,ND,ND,ND,ND,ND,ND,ND,ND,ND,ND,ND,ND,ND
1948:Q3,ND,ND,ND,ND,ND,ND,ND,ND,ND,ND,ND,ND,ND,ND,ND,ND,ND,ND,ND,ND,ND,ND,ND,ND,ND,ND,ND,ND,ND,ND,ND,ND
1948:Q4,53169,29639,19674,3669,0,2733,936,186,53169,14495,19102,10387,4411,4069,705,4,227,221,3,0,3,47,40,1,0,0,0,29,39,318,22947,5658
1949:Q1,ND,ND,ND,ND,ND,ND,ND,ND,ND,ND,ND,ND,ND,ND,ND,ND,ND,ND,ND,ND,ND,ND,ND,ND,ND,ND,ND,ND,ND,ND,ND,ND
1949:Q2,ND,ND,ND,ND,ND,ND,ND,ND,ND,ND,ND,ND,ND,ND,ND,ND,ND,ND,ND,ND,ND,ND,ND,ND,ND,ND,ND,ND,ND,ND,ND,ND
1949:Q3,ND,ND,ND,ND,ND,ND,ND,ND,ND,ND,ND,ND,ND,ND,ND,ND,ND,ND,ND,ND,ND,ND,ND,ND,ND,ND,ND,ND,ND,ND,ND,ND
1949:Q4,53106,30062,19214,3763,0,2700,1063,66,53106,13769,17269,10006,5918,5397,747,5,258,250,4,0,4,54,44,1,0,0,0,32,51,302,25176,-2692
1950:Q1,ND,ND,ND,ND,ND,ND,ND,ND,ND,ND,ND,ND,ND,ND,ND,ND,ND,ND,ND,ND,ND,ND,ND,ND,ND,ND,ND,ND,ND,ND,ND,ND
1950:Q2,ND,ND,ND,ND,ND,ND,ND,ND,ND,ND,ND,ND,ND,ND,ND,ND,ND,ND,ND,ND,ND,ND,ND,ND,ND,ND,ND,ND,ND,ND,ND,ND
1950:Q3,ND,ND,ND,ND,ND,ND,ND,ND,ND,ND,ND,ND,ND,ND,ND,ND,ND,ND,ND,ND,ND,ND,ND,ND,ND,ND,ND,ND,ND,ND,ND,ND
1950:Q4,62217,37279,20757,4145,0,3076,1069,34,62217,19363,18961,11602,5531,5925,835,10,294,283,5,1,5,71,54,2,1,0,0,30,62,311,30690,5770
1951:Q1,ND,ND,ND,ND,ND,ND,ND,ND,ND,ND,ND,ND,ND,ND,ND,ND,ND,ND,ND,ND,ND,ND,ND,ND,ND,ND,ND,ND,ND,ND,ND,ND
1951:Q2,ND,ND,ND,ND,ND,ND,ND,ND,ND,ND,ND,ND,ND,ND,ND,ND,ND,ND,ND,ND,ND,ND,ND,ND,ND,ND,ND,ND,ND,ND,ND,ND
1951:Q3,ND,ND,ND,ND,ND,ND,ND,ND,ND,ND,ND,ND,ND,ND,ND,ND,ND,ND,ND,ND,ND,ND,ND,ND,ND,ND,ND,ND,ND,ND,ND,ND
1951:Q4,72429,39769,28207,4463,0,3480,983,-11,72429,17973,22779,11117,12543,7038,979,10,297,287,5,0,5,71,52,2,1,0,0,124,48,374,29961,9910
1952:Q1,77476,40696,31883,4954,0,3939,1015,-56,77476,17548,24216,10714,16727,7349,922,10,266,256,5,0,5,61,49,1,0,0,0,160,43,332,28967,4732
1952:Q2,78792,41426,32216,5205,0,4134,1071,-56,78792,17974,24983,10636,16913,7351,935,10,270,260,5,0,5,62,50,1,0,0,0,162,44,336,29185,-1523
1952:Q3,76491,41831,29231,5485,0,4361,1124,-56,76491,17954,23206,9636,17479,7366,850,9,240,232,4,0,4,54,44,1,0,0,0,149,38,315,27735,5574
1952:Q4,80762,43319,31709,5790,0,4619,1171,-56,80762,18783,25112,10645,17773,7526,923,10,264,254,5,0,5,60,48,1,0,0,0,161,42,337,31741,5274
1953:Q1,84320,44463,33833,6046,0,4825,1221,-23,84320,19075,26381,11171,18746,7801,1146,13,424,405,8,1,10,68,46,2,1,0,0,101,56,435,33660,3890
1953:Q2,85696,44674,34749,6296,0,5020,1276,-23,85696,19209,26753,11415,19446,7712,1161,13,429,409,9,1,10,68,46,2,1,0,0,102,56,444,33500,3577
1953:Q3,86134,44389,35305,6462,0,5183,1279,-23,86134,18767,27420,11720,19018,8012,1197,13,442,422,9,1,10,72,48,2,1,0,0,105,58,456,33077,2331
1953:Q4,84380,44636,33168,6599,0,5321,1278,-23,84380,18580,27080,11606,17472,8457,1185,13,435,415,9,1,10,70,47,2,1,0,0,104,57,456,32222,-2006
1954:Q1,84096,45120,31940,6758,0,5447,1311,278,84096,18970,26721,10802,17470,8943,1190,11,406,387,8,1,10,75,54,3,1,0,0,115,54,471,31830,-1966
1954:Q2,84770,46248,31386,6858,0,5543,1315,278,84770,20096,26520,11027,16733,9210,1184,11,404,385,8,1,10,75,53,3,1,0,0,114,54,469,32542,-3378
1954:Q3,85795,47772,30768,6977,0,5614,1363,278,85795,21411,26816,11627,15241,9492,1208,11,413,393,9,1,10,77,55,3,1,0,0,118,56,474,32143,-2091
1954:Q4,86952,48967,30578,7129,0,5714,1415,278,86952,22609,26564,12077,14965,9532,1205,11,412,392,9,1,10,77,55,3,1,0,0,117,56,473,33913,-316
1955:Q1,89040,51241,30031,7323,0,5751,1572,445,89040,24289,26840,12374,14316,9825,1396,11,498,472,11,2,13,96,64,5,1,0,0,150,61,510,36601,3804
1955:Q2,92824,52371,32367,7641,0,6015,1626,445,92824,24879,28234,13470,14646,10110,1485,12,531,503,12,2,14,103,69,5,1,0,0,162,66,536,38765,4620
1955:Q3,94717,52636,33591,8045,0,6386,1659,445,94717,24685,30172,14015,14004,10261,1580,12,567,538,12,2,15,110,74,5,1,0,0,174,71,566,40395,4295
1955:Q4,95918,52307,34559,8607,0,6936,1671,445,95918,23868,32359,13768,13886,10382,1655,13,594,564,13,2,15,115,77,5,1,0,0,183,74,593,39435,7233
1956:Q1,97477,53673,34206,9253,0,7631,1622,345,97477,23419,33502,13383,14523,11050,1600,17,440,416,10,2,12,124,94,5,1,0,0,154,52,713,37570,6398
1956:Q2,100020,55166,34657,9852,0,8238,1614,345,100020,23719,35119,12957,15199,11385,1641,18,451,426,11,2,12,126,96,5,1,0,0,157,53,734,37708,3585
1956:Q3,102460,55845,35899,10370,0,8713,1657,345,102460,23431,36744,12825,16270,11492,1698,18,468,441,11,2,14,131,99,5,1,0,0,162,55,759,37581,3569
1956:Q4,103566,55728,36684,10809,0,9089,1720,345,103566,23113,37376,12698,17055,11610,1714,18,473,446,11,2,14,133,100,5,1,0,0,164,55,765,39297,2244
1957:Q1,105323,56061,37932,11062,0,9281,1781,268,105323,22639,38184,13066,17301,12456,1677,25,568,535,14,2,17,123,94,4,1,0,0,159,57,646,40009,2162
1957:Q2,104987,55932,37441,11346,0,9494,1852,268,104987,22249,38453,12865,17122,12615,1683,25,570,537,14,2,17,123,94,4,1,0,0,159,57,650,39608,2657
1957:Q3,107130,56047,39185,11630,0,9721,1909,268,107130,22164,39342,13301,17983,12617,1723,25,586,552,14,2,18,126,97,4,1,0,0,164,59,661,39332,2808
1957:Q4,106390,55952,38347,11823,0,9918,1905,268,106390,22027,38313,13529,17892,12934,1695,25,575,542,14,2,17,124,95,4,1,0,0,161,58,652,38948,-4518
1958:Q1,102007,54902,35323,12016,0,10096,1920,-234,102007,20804,34717,13552,18097,13171,1666,17,592,556,15,2,19,108,88,2,0,0,0,185,54,620,36568,-4009
1958:Q2,101280,54567,34727,12220,0,10254,1966,-234,101280,20701,33291,13702,18670,13311,1605,17,569,536,13,2,18,104,84,2,0,0,0,177,52,600,35863,-4235
1958:Q3,103377,56507,34584,12520,0,10530,1990,-234,103377,21869,32822,14176,19028,13897,1585,17,561,529,13,2,17,103,84,2,0,0,0,175,52,591,36568,1547
1958:Q4,109082,59930,36491,12895,0,10795,2100,-234,109082,23895,34048,15181,19960,14356,1642,17,583,549,14,2,18,107,87,2,0,0,0,184,54,608,37772,5235
1959:Q1,115507,62875,38962,13257,8,11034,2215,413,115507,26511,35738,15304,21561,14656,1737,16,597,562,14,2,19,144,114,4,1,2,0,215,61,583,40618,3876
1959:Q2,118251,64230,40037,13571,6,11298,2267,413,118251,27476,36863,15959,21744,14414,1795,16,618,582,14,2,20,150,118,4,1,2,0,222,62,602,42308,7288
1959:Q3,119359,63596,41607,13743,12,11483,2248,413,119359,27187,38076,16097,22141,13996,1862,16,642,604,15,2,21,156,123,4,1,2,0,230,64,624,43118,384
1959:Q4,117342,61553,41407,13970,33,11733,2204,413,117342,26534,38418,15588,21660,13278,1864,16,639,602,14,2,21,159,126,4,1,2,0,231,64,622,41040,4120
1960:Q1,120377,63512,42073,14322,96,12164,2062,470,120377,27633,40409,15255,21567,13534,1979,17,662,624,15,2,21,141,116,4,0,2,0,228,70,739,42424,11200
1960:Q2,119065,61942,41940,14713,153,12572,1988,470,119065,25731,41004,15133,21241,13952,2004,17,660,621,15,2,22,146,120,4,0,2,0,233,73,749,43338,3224
1960:Q3,118897,61825,41365,15237,189,12841,2207,470,118897,24866,40271,14958,22402,14438,1962,17,636,598,15,2,21,144,119,4,0,2,0,225,72,743,42860,4320
1960:Q4,118654,62701,39875,15608,210,13061,2337,470,118654,24691,40024,15124,22377,14502,1936,17,610,572,15,2,21,142,118,4,0,2,0,221,70,752,41710,-5812
1961:Q1,120552,63789,40335,16083,207,13352,2524,345,120552,24425,39374,15243,24271,15355,1884,13,602,564,15,2,21,144,120,4,0,5,0,125,74,797,39355,-2548
1961:Q2,120828,62453,41399,16631,210,13752,2669,345,120828,24446,40181,15763,24011,14501,1926,13,631,592,15,2,22,148,123,4,0,5,0,129,76,797,40361,1792
1961:Q3,124112,64182,42527,17058,216,14115,2727,345,124112,25402,40514,16386,24846,15004,1960,13,657,618,15,2,22,149,124,4,0,5,0,130,77,801,41535,6656
1961:Q4,128537,66456,44364,17372,239,14442,2691,345,128537,26059,41693,17127,25454,16148,2056,13,721,680,16,2,23,155,129,4,0,5,0,135,81,813,43494,5996
1962:Q1,130618,66908,45944,17582,248,14736,2598,184,130618,26410,42439,17656,26119,15833,2161,13,786,742,17,2,25,143,121,4,0,7,0,188,88,811,44501,9408
1962:Q2,133115,68751,46210,17970,265,15143,2562,184,133115,27037,43631,18356,25996,15857,2238,13,818,771,19,2,26,148,125,4,0,7,0,193,90,840,45756,5444
1962:Q3,135085,69255,47212,18434,291,15583,2560,184,135085,26891,44182,18655,26894,16219,2244,13,796,749,19,2,26,151,128,4,0,7,0,195,92,858,46241,6188
1962:Q4,135073,69151,46662,19076,340,16109,2627,184,135073,26648,44051,18733,26991,16478,2172,13,729,682,19,2,26,153,130,4,0,7,0,194,93,849,48087,3364
1963:Q1,136075,69897,45976,19868,396,16748,2724,334,136075,27312,44294,19142,26031,17223,2073,11,768,729,15,2,22,134,108,5,1,3,0,93,101,849,48758,6868
1963:Q2,140365,73114,46240,20677,483,17350,2844,334,140365,28861,45766,20087,26288,17264,2099,11,732,691,16,2,23,141,115,5,1,3,0,97,105,889,49956,4836
1963:Q3,144712,74819,48135,21424,675,17892,2857,334,144712,29034,47119,20559,27699,18117,2184,11,776,734,17,2,23,148,120,5,1,3,0,99,110,911,50716,5716
1963:Q4,147256,75725,49374,21823,627,18329,2867,334,147256,29980,48550,21244,26658,18473,2351,11,895,852,17,2,24,154,126,5,1,3,0,103,115,938,51678,5064
1964:Q1,151126,78504,50273,22146,677,18729,2740,203,151126,31246,49624,21907,27159,18617,2573,12,833,784,19,2,28,223,180,5,1,5,0,229,141,944,53716,5124
1964:Q2,152564,78972,50855,22534,681,19121,2732,203,152564,30424,51001,21858,27080,19421,2780,12,988,936,21,2,29,228,184,5,1,5,0,235,144,978,55087,4456
1964:Q3,154506,79440,51937,22926,677,19457,2792,203,154506,30311,52678,21991,27016,19551,2959,12,1112,1059,21,2,30,234,188,5,1,5,0,244,148,1010,56849,4692
1964:Q4,156690,80146,53037,23304,673,19768,2863,203,156690,30699,54090,22111,27215,19507,3068,12,1180,1126,21,2,31,239,193,5,1,5,0,250,151,1032,54996,5016
1965:Q1,161194,81525,55536,23859,697,20121,3041,274,161194,31370,57701,22707,26475,19721,3220,14,1174,1120,21,3,30,262,218,7,1,3,0,301,178,1062,60357,11544
1965:Q2,165393,84953,55643,24523,803,20544,3176,274,165393,31985,60143,23058,26233,20676,3298,14,1151,1096,21,3,31,274,228,7,1,3,0,312,186,1122,60267,8568
1965:Q3,170812,86732,58540,25266,897,21048,3321,274,170812,32352,62815,23423,26959,21909,3354,14,1117,1059,22,3,33,290,241,7,1,3,0,325,196,1160,62016,9292
1965:Q4,175647,89362,59905,26106,995,21691,3420,274,175647,32687,66132,23939,27126,22353,3410,15,1044,984,23,3,34,307,257,7,1,3,0,339,208,1229,64272,7584
1966:Q1,182248,90939,63493,27088,1087,22375,3626,728,182248,33012,69416,24465,29214,22706,3435,15,1221,1165,22,3,31,276,215,9,2,3,0,320,170,1204,67403,13872
1966:Q2,183127,89642,64846,27911,1202,23006,3703,728,183127,31854,71614,24275,28867,23075,3442,15,1162,1104,22,3,33,288,225,9,2,3,0,331,177,1230,64988,12316
1966:Q3,185521,89143,67030,28620,1330,23556,3734,728,185521,30890,73030,23964,30793,23385,3459,15,1130,1072,22,3,33,295,231,9,2,3,0,334,182,1258,67414,11852
1966:Q4,185581,86756,68891,29206,1453,23987,3766,728,185581,28900,73734,23213,31481,24749,3504,15,1150,1090,23,3,34,301,237,9,2,3,0,339,188,1260,67695,16504
1967:Q1,185277,87196,67708,29568,1481,24323,3764,804,185277,28409,72873,22592,32052,25837,3514,18,891,831,24,3,33,331,257,10,2,5,0,546,208,1246,66163,15423
1967:Q2,187716,89306,67739,29867,1489,24641,3737,804,187716,31179,73153,23172,30874,25688,3650,18,1027,965,24,4,34,333,258,11,3,5,0,548,209,1238,69310,6341
1967:Q3,191492,91565,68776,30346,1474,25012,3860,804,191492,32600,73581,23552,32671,25250,3838,18,1214,1153,24,4,33,332,257,10,2,5,0,548,208,1244,69511,9263
1967:Q4,197522,95453,70316,30948,1512,25422,4014,804,197522,34546,75874,24611,32190,26112,4189,18,1489,1426,25,4,34,341,264,12,4,5,0,566,214,1276,70388,8433
1968:Q1,202205,98099,71552,31615,1568,25899,4148,938,202205,34896,78792,25524,31345,27010,4638,18,1279,1201,31,5,42,346,269,14,4,6,0,1040,291,1371,75686,8438
1968:Q2,204392,100539,70567,32346,1649,26360,4337,938,204392,35432,78596,26011,31293,28237,4823,18,1466,1390,30,5,41,348,270,14,4,6,0,1034,292,1371,77769,14082
1968:Q3,207549,101462,72183,32966,1739,26812,4415,938,207549,35777,80320,26883,31132,28414,5023,18,1600,1522,31,5,42,357,277,14,4,6,0,1053,301,1393,81945,7681
1968:Q4,214306,105649,74139,33579,1835,27287,4457,938,214306,37336,83645,28550,30700,28852,5223,19,1642,1560,32,5,45,374,290,14,4,6,0,1101,315,1458,82208,6007
1969:Q1,222424,109017,78362,34116,1978,27719,4419,928,222424,38981,86385,30270,32488,29037,5263,23,1949,1866,32,6,45,374,279,16,4,4,0,705,353,1556,83394,11489
1969:Q2,223207,110533,76999,34746,2187,28102,4457,928,223207,39006,88085,31148,30247,29462,5259,23,1847,1764,32,6,45,387,290,17,4,4,0,718,367,1602,83799,9222
1969:Q3,227299,111910,79308,35151,2453,28366,4332,928,227299,38907,91011,32102,31055,28874,5350,23,1770,1683,33,7,47,408,307,17,4,4,0,744,388,1685,83966,10194
1969:Q4,222811,108628,77767,35487,2706,28472,4309,928,222811,37012,91637,31806,29126,27898,5332,23,1686,1597,34,7,48,418,316,18,4,4,0,749,400,1714,84166,5787
1970:Q1,225300,108718,79395,35539,2954,28366,4219,1648,225300,36863,92022,32089,30842,28169,5315,26,1536,1460,29,5,42,452,342,17,4,12,0,670,469,1787,83257,1823
1970:Q2,225209,108895,79169,35496,3110,28257,4129,1648,225209,36062,92791,32088,30330,28506,5432,26,1581,1504,30,5,42,462,350,18,5,12,0,677,480,1821,84553,5081
1970:Q3,229062,112191,79664,35558,3144,28306,4108,1648,229062,36967,93452,32762,29946,30295,5640,26,1757,1678,30,6,43,466,353,18,5,12,0,685,483,1835,85487,5083
1970:Q4,231834,117166,77489,35530,3084,28311,4135,1648,231834,40110,91062,33810,30724,30372,5756,26,1964,1888,29,6,41,452,343,17,4,12,0,665,468,1805,81132,-3984
1971:Q1,235291,121830,75676,35845,3038,28612,4195,1939,235291,43099,92610,35362,27699,30350,6171,49,2054,1953,36,7,58,460,362,21,5,14,0,528,533,2145,91053,12254
1971:Q2,244781,129304,77184,36353,3157,28941,4255,1939,244781,47713,94649,37571,27503,30823,6522,51,2289,2186,37,7,59,475,374,21,5,14,0,542,550,2201,93781,10875
1971:Q3,251042,133634,78522,36946,3283,29271,4392,1939,251042,50600,95823,38794,28843,30329,6653,51,2341,2238,37,7,59,485,382,22,6,14,0,549,563,2240,96059,10188
1971:Q4,257193,138397,79072,37784,3466,29736,4582,1939,257193,53262,98583,40139,27146,31341,6722,53,2276,2168,39,8,61,503,396,22,6,15,0,563,587,2301,99643,-295
1972:Q1,269736,145355,83922,38744,3566,30424,4754,1713,269736,57303,103422,42368,28527,31468,6648,40,2215,2116,35,6,58,434,346,22,3,22,0,458,598,2510,101793,3227
1972:Q2,275722,146607,87790,39611,3686,30985,4940,1713,275722,58812,106093,43233,30551,30371,6662,41,2123,2021,36,6,60,445,354,23,3,23,0,471,614,2565,104884,11998
1972:Q3,278589,149187,87454,40234,3805,31470,4959,1713,278589,60231,108256,44083,28340,30874,6805,42,2162,2058,37,6,61,457,363,24,4,24,0,482,630,2617,108125,13715
1972:Q4,294857,157412,94791,40940,3832,32157,4951,1713,294857,64429,113683,46774,29978,32655,7338,45,2479,2368,39,7,65,477,377,25,4,26,0,515,658,2732,113482,7491
1973:Q1,309940,164434,102312,41688,4055,32823,4810,1504,309940,67834,118648,49183,32752,33424,8099,51,2603,2462,49,9,83,566,478,23,3,27,0,856,721,2771,122194,10550
1973:Q2,315526,164623,106857,42540,4260,33451,4829,1504,315526,66954,124416,49747,32209,33327,8873,54,3078,2930,51,9,88,597,504,24,3,28,0,905,759,2921,121715,18206
1973:Q3,319215,167314,106970,43425,4489,34078,4858,1504,319215,66733,128443,49894,30770,33871,9504,55,3488,3334,53,10,91,620,524,27,5,29,0,930,787,3039,121256,9761
1973:Q4,322073,167308,108809,44449,4749,34755,4945,1504,322073,65189,131694,48945,30876,35332,10037,56,3878,3721,54,10,93,638,541,27,5,29,0,947,813,3103,118847,24993
1974:Q1,326801,167069,113011,45362,4915,35348,5099,1357,326801,62699,135263,47199,33283,37676,10681,59,3826,3638,62,14,112,700,609,16,4,34,0,1232,774,3427,117644,12519
1974:Q2,336011,171605,116648,46399,5104,36091,5204,1357,336011,62278,140052,46354,35158,40878,11291,61,4218,4026,64,14,114,723,629,16,4,34,0,1268,797,3541,121295,17416
1974:Q3,343631,171630,123020,47621,5507,36842,5272,1357,343631,63155,144459,45931,36478,41719,11889,62,4581,4382,68,14,117,754,656,18,6,35,0,1310,839,3628,126628,5578
1974:Q4,340364,166248,124114,48642,5974,37385,5283,1357,340364,58728,146363,43519,37743,41728,12283,63,4750,4548,68,14,120,787,686,19,6,36,0,1326,877,3733,118105,20446
1975:Q1,337374,166378,120203,49477,6532,37742,5203,1316,337374,58185,142054,41789,37686,45354,12306,78,4646,4405,90,19,132,935,831,14,4,32,0,1298,843,3625,122134,-10028
1975:Q2,336402,164587,120216,50283,6619,38357,5307,1316,336402,61453,141574,41790,36831,42336,12418,78,4782,4540,91,19,132,933,829,13,4,32,0,1300,845,3602,126680,-13954
1975:Q3,352105,171830,127441,51517,6588,39361,5568,1316,352105,66394,144624,42795,41796,43730,12766,79,5025,4779,93,19,134,939,832,15,5,33,0,1331,851,3656,136037,-1388
1975:Q4,365768,179979,131392,53082,6637,40453,5992,1316,365768,70575,148459,43763,43099,46781,13091,81,5222,4969,95,20,138,948,841,15,5,34,0,1364,863,3718,142157,348
1976:Q1,382848,191976,133820,55009,6715,41654,6640,2043,382848,77112,153738,45594,43625,49278,13501,80,5674,5373,129,19,153,936,841,12,5,17,0,1422,871,3643,150389,14693
1976:Q2,388827,193383,136544,56856,7028,42646,7182,2043,388827,81083,158323,46726,43388,45584,13723,81,5665,5357,132,19,157,969,871,12,5,18,0,1458,905,3739,152786,22448
1976:Q3,396213,192271,143230,58669,7330,43653,7686,2043,396213,81547,164528,47424,45621,43091,14002,84,5651,5330,137,21,163,1007,904,13,5,18,0,1510,942,3868,156419,20807
1976:Q4,415126,204100,148672,60311,7635,44634,8042,2043,415126,92094,170616,50236,46382,41612,14186,86,5543,5210,143,21,169,1043,938,13,5,19,0,1565,981,3993,161586,10518
1977:Q1,436900,213608,159036,61488,7512,45606,8370,2768,436900,97520,180772,52686,47904,43505,14513,80,5883,5502,182,19,180,1031,930,12,3,19,0,1643,1018,3894,169694,14822
1977:Q2,464451,233211,165466,63005,7573,46896,8536,2768,464451,109817,189006,56482,49343,44874,14929,84,5964,5567,190,20,187,1063,959,12,3,19,0,1716,1048,4061,174576,19469
1977:Q3,476878,238188,171474,64448,7590,48145,8713,2768,476878,112816,196419,58525,49827,43801,15490,87,6248,5837,197,20,194,1087,980,14,4,20,0,1782,1072,4196,178976,30884
1977:Q4,491574,241780,181132,65894,7712,49465,8717,2768,491574,114682,205941,61083,49737,43659,16472,91,6852,6418,208,21,205,1123,1011,14,4,21,0,1872,1115,4369,185170,24121
1978:Q1,502848,247397,184195,67497,8038,50825,8634,3759,502848,118080,210406,63477,50453,43050,17382,75,7109,6528,312,23,246,1255,1142,13,4,19,0,2102,1080,4583,184116,25453
1978:Q2,551278,276639,200927,69953,8542,52651,8760,3759,551278,126471,229998,70358,53759,51192,19500,83,8209,7571,343,25,270,1374,1251,15,4,20,0,2305,1177,5062,200857,24257
1978:Q3,577084,292963,207842,72520,9096,54268,9156,3759,577084,130004,241072,75446,56054,53628,20880,86,8935,8269,358,26,282,1461,1328,16,4,21,0,2408,1238,5383,201371,24966
1978:Q4,601399,304402,217682,75557,9745,56074,9738,3759,601399,131591,252403,81034,58703,55428,22240,92,9617,8921,374,27,295,1551,1410,16,4,22,0,2524,1308,5696,206536,28487
1979:Q1,611684,301156,228421,78815,10357,57904,10554,3292,611684,129424,262195,86405,58240,51487,23933,78,9378,8488,548,28,314,1857,1676,23,7,16,0,2610,1933,6355,208077,23852
1979:Q2,628819,313659,230158,81710,10984,59730,10996,3292,628819,129869,267268,89887,59980,56946,24869,80,9911,9008,555,29,319,1923,1735,23,7,16,0,2641,1988,6545,206981,27401
1979:Q3,658872,329547,241424,84608,11605,61861,11142,3292,658872,131923,280949,93801,64671,60710,26818,84,11018,10071,582,30,335,2037,1838,26,8,16,0,2761,2091,6939,215210,12131
1979:Q4,667675,336398,240804,87181,12261,64095,10825,3292,667675,130206,287525,93272,64073,64280,28319,86,12048,11091,589,30,338,2114,1907,27,8,16,0,2793,2151,7169,213456,8553
1980:Q1,680375,336506,249316,89977,12730,66514,10733,4576,680375,125335,298295,90557,68256,67456,30476,111,12045,10758,863,35,389,2120,1901,28,10,14,0,3187,2588,8472,215664,9899
1980:Q2,646236,311131,238391,92139,13335,68462,10342,4576,646236,106839,291582,82553,68961,65731,30570,109,12449,11208,832,34,375,2103,1886,27,9,15,0,3071,2556,8345,196948,7750
1980:Q3,663297,319634,244219,94868,14060,70700,10108,4576,663297,111967,299348,85666,70282,64088,31946,112,13250,11973,857,34,386,2174,1950,29,10,15,0,3161,2648,8597,209444,-33855
1980:Q4,699607,343220,253136,98675,14824,73672,10179,4576,699607,123360,310634,93125,73497,65520,33471,116,13916,12590,889,36,401,2279,2046,31,11,16,0,3277,2764,9015,219544,-9118
1981:Q1,727028,354736,262859,104082,15526,76260,12296,5350,727028,122706,323482,99568,75379,71023,34870,145,13937,12578,920,37,402,2394,2136,31,10,22,0,3182,3193,9820,228761,38755
1981:Q2,743394,358244,271848,107951,16129,78670,13152,5350,743394,121443,336160,104090,79476,65789,36436,150,14505,13094,956,38,417,2510,2240,33,10,23,0,3306,3320,10339,224009,11713
1981:Q3,754044,355293,281931,111470,16904,81280,13286,5350,754044,115844,348869,105414,81652,64055,38210,157,15287,13820,994,39,434,2627,2342,36,12,24,0,3440,3463,10822,234226,43960
1981:Q4,770574,365875,283678,115671,17882,83542,14247,5350,770574,109442,363695,104997,85186,66799,40455,164,16246,14736,1023,40,447,2787,2486,39,13,25,0,3543,3608,11544,220204,24807
1982:Q1,760019,356648,276831,118603,19009,85814,13780,7936,760019,107714,360727,100376,84909,65326,40967,178,14834,13312,1013,40,469,2920,2592,45,12,53,0,3328,4587,12418,226609,-21466
1982:Q2,754173,350693,274295,121249,19553,87983,13713,7936,754173,107512,353443,95721,90111,66276,41110,174,15451,13969,986,39,457,2872,2550,44,12,51,0,3241,4544,12171,229171,-4166
1982:Q3,744557,342561,270370,123689,19696,90144,13849,7936,744557,108938,345286,91657,90224,67177,41275,169,16307,14860,963,38,446,2795,2482,41,11,49,0,3167,4484,11770,231820,5798
1982:Q4,752813,348920,270195,125762,19681,91992,14089,7936,752813,116869,340166,90100,94559,69193,41926,167,17415,15994,945,38,438,2745,2436,40,11,49,0,3113,4421,11529,243084,-39820
1983:Q1,765292,358325,269717,129352,20751,94150,14451,7897,765292,133551,333654,90879,96932,67781,42495,138,13601,12270,861,32,438,2905,2580,54,14,162,0,5821,5723,11497,247051,-35060
1983:Q2,788507,364636,282191,133783,21972,96841,14970,7897,788507,147141,336968,93334,99803,67249,44012,141,14801,13443,878,33,447,2930,2602,51,13,165,0,6007,5900,11402,266047,-7672
1983:Q3,830963,386791,297365,138910,23582,99705,15623,7897,830963,160898,350702,98218,104157,70334,46654,149,16111,14692,918,34,467,3065,2722,53,14,173,0,6302,6222,11843,277786,-4204
1983:Q4,872963,398069,322806,144192,24775,103083,16334,7897,872963,169165,371746,103624,108456,69943,50029,159,17634,16115,983,36,500,3240,2879,54,14,185,0,6784,6625,12455,293320,23932
1984:Q1,901999,416365,329625,149221,25848,106183,17190,6787,901999,174752,383576,107693,110789,73320,51869,133,15954,14478,941,34,501,3434,3047,72,20,275,0,8420,7377,13137,306893,72982
1984:Q2,939043,433839,343944,154473,27110,109610,17753,6787,939043,179313,402275,113128,113391,76079,54857,139,17045,15494,989,35,527,3619,3212,77,21,290,0,8841,7756,13857,315995,69321
1984:Q3,961268,442886,351642,159953,28722,113155,18076,6787,961268,179073,414453,116773,114041,79713,57215,144,18007,16405,1021,37,544,3759,3336,80,23,300,0,9126,8070,14370,316741,71338
1984:Q4,989159,449109,367802,165461,30456,116831,18174,6787,989159,180424,423246,120716,124154,81242,59377,148,19028,17386,1047,37,558,3870,3434,83,24,306,0,9391,8360,14733,327635,47979
1985:Q1,1001911,460928,365278,170306,31569,120759,17978,5399,1001911,180861,427487,124104,125145,83130,61184,195,17352,15593,1123,39,597,4706,4166,102,24,447,0,9858,9214,15120,343131,16230
1985:Q2,1023788,468146,375413,174830,32595,124006,18229,5399,1023788,182281,432891,126841,130753,87641,63381,199,18842,17056,1141,39,606,4772,4225,102,24,454,0,10067,9388,15308,348021,21646
1985:Q3,1032109,472250,376320,178141,32860,126633,18648,5399,1032109,185876,428484,127150,136879,89376,64344,196,20268,18502,1128,39,599,4720,4180,101,24,449,0,9963,9310,15133,369652,16303
1985:Q4,1053006,481293,384311,182004,33727,128887,19390,5399,1053006,192058,437454,129383,137340,89240,67531,201,22487,20681,1153,40,613,4822,4269,103,25,459,0,10195,9519,15451,357812,33119
1986:Q1,1062055,493241,372279,184593,34210,129966,20417,11941,1062055,201239,433956,128852,135007,93989,69012,214,19273,17412,1177,43,641,5088,4506,122,29,547,0,12469,11289,15475,368575,30397
1986:Q2,1074018,492492,382205,187380,35155,130929,21296,11941,1074018,213793,426617,129716,138351,96092,69449,209,20643,18801,1164,42,636,4924,4360,112,27,542,0,12579,11131,14922,383318,15663
1986:Q3,1088525,495434,391219,189931,35636,132512,21783,11941,1088525,220093,422208,130597,147447,98227,69953,207,21490,19657,1159,42,632,4868,4312,110,28,539,0,12586,11079,14734,419472,-7019
1986:Q4,1098055,498136,394880,193098,36456,134619,22023,11941,1098055,225190,424829,133538,146742,96492,71264,211,22049,20190,1175,43,641,4942,4377,111,28,547,0,12790,11262,14947,415168,-12759
1987:Q1,1090877,501185,386041,196482,37638,136985,21859,7169,1090877,228828,410764,134238,147528,100126,69393,217,20049,18150,1165,54,680,4956,4432,118,32,398,0,12086,12336,14769,393257,27973
1987:Q2,1111520,507827,396683,199841,39029,139042,21770,7169,1111520,234197,416522,136171,152899,100557,71174,222,20647,18706,1191,55,695,5067,4531,120,33,406,0,12385,12667,15096,412618,16524
1987:Q3,1133794,518053,405187,203385,40502,141079,21804,7169,1133794,237336,428099,135731,155378,102967,74283,229,22088,20092,1224,57,715,5256,4700,127,36,419,0,12702,13097,15629,432765,1017
1987:Q4,1142470,527722,399955,207624,41990,143549,22085,7169,1142470,241800,433541,131339,153969,105124,76697,233,23948,21951,1226,56,715,5346,4780,132,38,419,0,12673,13288,15840,422812,63082
1988:Q1,1145138,518761,406969,211543,43218,145436,22889,7865,1145138,242597,430594,143773,147424,106101,74649,203,21020,18682,1438,67,833,5363,4893,122,43,348,0,13606,13365,15686,437634,16956
1988:Q2,1173070,533908,416033,215263,44731,148071,22461,7865,1173070,247140,448229,140390,147561,110633,79117,209,23897,21493,1478,70,856,5525,5043,125,44,358,0,13993,13769,16154,440223,19648
1988:Q3,1181927,533689,421183,219190,46561,150233,22396,7865,1181927,248591,455900,137240,147459,110641,82096,211,26164,23736,1493,70,865,5584,5098,127,46,361,0,14198,14003,16304,437587,18181
1988:Q4,1207391,541352,432982,225193,48521,152448,24224,7865,1207391,252558,467505,138151,149513,114273,85391,216,28158,25677,1525,71,885,5702,5207,128,46,369,0,14564,14372,16629,452260,19144
1989:Q1,1221156,542991,438072,229935,51004,154432,24499,10158,1221156,253368,475355,142439,149391,114415,86188,232,25057,22440,1599,65,953,6610,6069,133,45,335,0,16857,14097,16753,452618,48137
1989:Q2,1232026,539971,446991,234906,53869,155977,25060,10158,1232026,249246,480887,143418,149387,117849,91239,236,28718,26052,1629,66,971,6740,6187,134,47,341,0,17281,14504,17051,459032,36257
1989:Q3,1261678,549465,461479,240576,56935,157877,25764,10158,1261678,250337,498423,145192,155034,120009,92683,244,27878,25128,1681,68,1001,7007,6429,141,50,352,0,17808,15081,17693,470471,9826
1989:Q4,1254905,549772,448782,246193,59416,160461,26316,10158,1254905,245977,504535,140622,151066,124582,88123,243,23458,20744,1659,67,988,7021,6446,143,51,348,0,17592,15154,17667,457675,16553
1990:Q1,1283726,566178,459816,250836,60576,163480,26780,6897,1283726,250303,519805,136528,156129,130713,90248,252,27751,25868,1160,48,675,7659,7118,122,59,296,0,17468,12961,16562,482141,13954
1990:Q2,1269336,556318,451159,254962,61639,166085,27238,6897,1269336,243201,520688,129646,158378,129938,87485,250,25516,23665,1141,47,663,7630,7101,122,59,291,604,16541,12904,16467,466250,33700
1990:Q3,1270494,546142,460830,256625,60866,167903,27856,6897,1270494,234843,530927,125058,160168,131407,88091,252,25607,23728,1157,48,674,7672,7143,122,60,296,610,16782,12959,16588,461725,21866
1990:Q4,1253532,528156,458701,259778,63148,168330,28300,6897,1253532,225002,528461,119707,158151,136594,85617,250,23435,21576,1145,47,667,7590,7074,118,58,291,648,16751,13013,16389,449916,-11335
1991:Q1,1231206,512931,443385,265025,64987,171365,28673,9865,1231206,217067,526062,114942,156076,135041,82018,282,23614,21768,1144,53,649,7459,7254,100,62,286,729,14677,12256,15299,441262,-15520
1991:Q2,1240584,517521,443007,270191,65941,175138,29112,9865,1240584,225145,524525,114151,160180,135829,80754,281,22719,20893,1131,52,643,7395,7224,97,61,283,1780,13556,12219,15139,444589,-18033
1991:Q3,1242672,515876,445502,271429,66201,175538,29690,9865,1242672,234110,519645,111775,157937,138102,81103,279,23647,21836,1122,52,637,7265,7115,92,58,280,1164,14234,12156,14813,453091,843
1991:Q4,1240864,517641,437812,275546,67286,178146,30114,9865,1240864,239266,521384,108657,153003,140206,78348,278,21109,19314,1112,51,632,7217,7091,91,58,278,-218,15609,12157,14678,446655,31133
1992:Q1,1256081,531891,434856,275860,67465,177920,30475,13474,1256081,251492,521308,106663,154720,144791,77107,315,25789,23340,1542,65,842,8317,8173,81,70,282,-300,12942,5954,15484,465279,246
1992:Q2,1287001,539289,456157,278080,68353,178714,31013,13474,1287001,262687,539207,107380,156037,141088,80602,325,27751,25208,1601,67,875,8541,8381,81,71,294,961,12193,6110,15894,469788,23209
1992:Q3,1297784,538182,466643,279485,69824,178335,31326,13474,1297784,264328,549924,109024,156915,137220,80373,331,26515,23921,1633,69,892,8711,8528,83,72,299,-768,14192,6214,16196,480200,20512
1992:Q4,1330317,555186,477987,283670,72054,179643,31973,13474,1330317,274448,564047,113842,157904,135795,84281,341,28822,26149,1682,72,919,8977,8775,86,75,308,1040,12802,6384,16671,490489,21344
1993:Q1,1336377,557466,486457,285769,74060,179082,32627,6684,1336377,275229,569368,119000,152452,136036,84292,687,19062,16911,1356,65,730,7594,7552,83,88,520,3,23071,10987,14645,494138,35940
1993:Q2,1363569,567754,501022,288109,75374,179583,33152,6684,1363569,280395,575546,124121,151340,141853,90314,707,23556,21342,1395,68,751,7748,7694,83,88,535,199,23584,11225,14895,512852,24104
1993:Q3,1379927,583392,501111,288740,76582,178527,33631,6684,1379927,292721,581939,127307,148060,142613,87287,713,19817,17583,1408,68,758,7843,7771,83,88,540,-799,24821,11342,15068,521086,6598
1993:Q4,1431707,607240,527163,290620,77137,179303,34180,6684,1431707,308118,605105,131775,150867,144309,91533,745,21379,19045,1471,71,792,8127,8028,88,93,564,1974,23118,11789,15628,537148,16612
1994:Q1,1440005,606322,533462,291768,77566,179278,34924,8453,1440005,317090,613049,131055,141584,142108,95119,862,22653,20157,1557,88,851,9536,9275,88,65,504,-742,29842,8559,14477,543530,45362
1994:Q2,1473831,630271,540320,294787,78284,180889,35614,8453,1473831,329398,625007,134228,144128,146165,94905,873,21232,18697,1581,90,864,9748,9472,92,67,511,429,28959,8708,14814,552666,81411
1994:Q3,1500590,636302,555922,299913,79398,184080,36435,8453,1500590,326290,640335,136470,149443,152622,95430,891,20402,17821,1611,91,879,9895,9626,94,70,522,771,29256,8866,15037,562440,53223
1994:Q4,1533068,643397,576731,304487,79901,187144,37442,8453,1533068,322359,669517,141635,146289,154355,98913,930,20953,18258,1681,95,919,10228,9940,96,71,544,2081,29314,9206,15550,583228,75142
1995:Q1,1573376,649727,606944,311660,81252,191846,38562,5045,1573376,315595,703844,149217,150124,156845,97751,1518,21971,19301,1662,88,920,10258,9890,102,73,406,-154,29601,8381,15705,572772,61179
1995:Q2,1580625,650431,607313,317837,82888,195128,39821,5045,1580625,306252,715155,151902,149102,161293,96921,1530,20311,17613,1678,90,930,10387,10024,104,75,410,2247,27371,8481,15981,577992,33759
1995:Q3,1599041,665203,604022,324771,85117,198703,40951,5045,1599041,316217,721848,155753,147104,160014,98105,1538,20878,18166,1688,90,934,10494,10141,107,77,412,1115,28622,8554,16167,592401,11326
1995:Q4,1622974,673680,614944,329305,86884,201019,41402,5045,1622974,324116,735377,157192,144506,161764,100019,1569,21273,18514,1716,91,952,10712,10349,108,78,420,4142,26242,8717,16409,601343,18431
1996:Q1,1665288,688525,636956,338235,89321,205951,42963,1572,1665288,335567,750856,157531,155745,161071,104518,1585,24261,20819,2114,120,1208,7844,7836,100,72,537,150,37131,8405,16597,607095,6881
1996:Q2,1705620,716121,642952,344975,91838,208977,44160,1572,1705620,352733,766319,159663,151918,165835,109152,1621,27049,23528,2162,123,1236,8037,8026,102,73,549,18594,19496,8601,17004,622283,30521
1996:Q3,1744301,729733,660655,352340,94730,212502,45108,1572,1744301,358066,790295,162072,148976,172045,112847,1674,27985,24349,2232,128,1276,8301,8284,106,76,567,1042,38389,8882,17541,625089,51070
1996:Q4,1769651,748399,660049,359631,99054,215707,44870,1572,1769651,357775,811590,164496,142562,181686,111542,1713,24549,20822,2289,130,1308,8573,8543,111,80,582,7016,33061,9128,18186,634528,34725
1997:Q1,1791973,751977,658789,374911,108020,221828,45063,6296,1791973,362739,828833,168111,140522,178793,112975,1779,30651,26360,2619,150,1522,8501,8429,113,80,441,389,36394,9082,17116,649297,49745
1997:Q2,1825817,760265,676529,382726,112149,224779,45798,6296,1825817,370539,847379,171850,142676,181297,112076,1820,27856,23483,2667,154,1552,8694,8618,113,80,449,5335,32382,9266,17463,641012,88374
1997:Q3,1888780,783081,708801,390602,116322,228059,46221,6296,1888780,380683,880995,177723,146975,184489,117915,1906,29733,25149,2797,161,1626,9110,9005,118,83,471,5384,34100,9700,18305,665114,67935
1997:Q4,1898546,793456,701823,396970,121225,228431,47314,6296,1898546,390764,876709,177799,144710,186959,121605,1904,33100,28509,2800,162,1629,9200,9084,120,85,470,5684,33679,9757,18522,678349,77652
1998:Q1,1938462,804746,718954,405824,124970,233026,47828,8938,1938462,405063,892604,179985,144422,186816,129572,1802,28366,23228,3087,186,1865,10943,10205,134,91,433,1083,45460,12298,18757,683119,105100
1998:Q2,1999500,844765,731157,414639,129329,237351,47959,8938,1999500,423931,908615,185796,146789,194278,140091,1857,36196,30908,3178,191,1919,11276,10513,141,95,446,3808,43650,12680,19429,712322,37340
1998:Q3,2043382,870117,738972,425355,134830,242171,48354,8938,2043382,439227,922794,188177,152369,201811,139004,1875,33785,28444,3209,193,1939,11476,10702,143,96,451,16240,31605,12864,19767,726958,52420
1998:Q4,2086468,883905,757757,435869,140772,245867,49230,8938,2086468,452608,938492,194747,147127,202394,151100,1926,42508,37015,3300,199,1994,11864,11041,145,98,464,-3351,52787,13253,20365,764133,60017
1999:Q1,2126737,895220,772922,446131,147042,249129,49960,12464,2126737,456281,960480,201215,150298,206771,151692,2405,38192,32797,3210,179,2006,12418,11049,131,100,342,218,53422,14161,19254,761416,83394
1999:Q2,2175742,906562,791404,465313,159673,255558,50082,12464,2175742,466107,985904,207271,153523,208989,153948,2455,36942,31413,3289,183,2057,12898,11455,131,101,351,-442,55532,14607,19918,793785,35112
1999:Q3,2223260,919935,809701,481161,167837,262053,51271,12464,2223260,472412,1011577,212377,155779,214262,156853,2508,36613,30951,3368,189,2105,13324,11824,133,102,360,-883,57325,15021,20526,809002,40516
1999:Q4,2253145,942432,804210,494039,172197,269119,52723,12464,2253145,479021,1020641,216442,159832,224458,152751,2512,32246,26573,3375,189,2109,13452,11963,135,104,360,-1235,57313,15131,20770,813773,84241
2000:Q1,2323648,968511,824900,510617,178056,278150,54411,19620,2323648,490900,1061455,224140,156893,232262,157998,1593,39968,34448,3253,171,2096,13746,12195,109,123,394,-1722,55755,17751,18086,877483,16157
2000:Q2,2371160,980928,849674,520938,183544,281580,55814,19620,2371160,496361,1102644,229231,156980,228838,157106,1652,35074,29352,3372,177,2173,14208,12563,114,129,409,-2233,58082,18357,18751,859432,90443
2000:Q3,2388941,992650,848008,528663,184505,288133,56025,19620,2388941,497103,1118582,230925,156349,229855,156127,1677,33073,27274,3418,179,2202,14327,12708,119,134,414,-1358,57459,18568,19006,868700,57232
2000:Q4,2407105,1006137,843613,537736,189568,292200,55968,19620,2407105,503518,1122929,230329,159331,234891,156107,1684,32644,26816,3435,180,2213,14476,12840,121,136,416,-1113,56973,18696,19234,872669,54343
2001:Q1,2402841,1016640,823615,539954,191368,293460,55126,22633,2402841,513142,1103327,228526,159610,241267,156969,1090,35946,29806,3549,192,2399,15817,13082,123,117,414,1510,52098,18676,18096,872829,-30630
2001:Q2,2403511,1053284,789577,538019,188068,295562,54389,22633,2403511,525943,1077454,227438,163465,255453,153758,1073,36362,30344,3478,188,2352,15458,12840,125,119,405,5588,45719,18292,17777,865924,-11560
2001:Q3,2378507,1057154,765393,533328,184116,294843,54369,22633,2378507,536703,1061039,228083,164404,239077,149201,1062,34354,28409,3435,186,2324,15183,12630,124,119,401,-1044,50806,18026,17540,870077,-30116
2001:Q4,2355175,1043941,761017,527584,178407,294309,54868,22633,2355175,538419,1019789,227035,167893,256362,145677,1018,33665,27953,3302,178,2232,14708,12259,115,110,385,552,48567,17407,16891,937877,-80830
2002:Q1,2347084,1051901,742410,527792,178274,293580,55938,24981,2347084,555632,982895,230811,173621,261097,143028,589,28285,22383,3325,185,2392,14640,11211,76,78,523,-106,53124,13784,20824,916028,293
2002:Q2,2350563,1052941,740561,532080,179100,295998,56982,24981,2350563,572699,958268,234640,179928,258522,146506,583,32618,26798,3279,182,2359,14581,11168,74,76,516,25,52528,13623,20714,917105,21168
2002:Q3,2354830,1048652,743241,537956,182087,297503,58366,24981,2354830,577042,947064,236232,186278,260788,147426,581,33445,27659,3259,181,2346,14664,11224,72,73,513,227,52244,13579,20804,939928,25433
2002:Q4,2363999,1073389,730046,535582,174900,301525,59157,24981,2363999,593813,938353,236773,188779,265692,140589,568,29345,23679,3192,177,2297,14224,10914,71,72,501,219,51191,13273,20211,925276,33004
2003:Q1,2391251,1099870,723108,541464,175747,304712,61005,26809,2391251,613970,945756,237747,189848,267263,136667,597,31088,25050,3311,184,2543,18184,10970,69,76,534,2942,41655,11970,18582,914518,26080
2003:Q2,2437165,1115516,745520,549319,177314,309045,62960,26809,2437165,624927,974371,241140,194401,263890,138436,610,30275,24087,3392,188,2608,18516,11176,71,78,548,238,45740,12237,18947,945754,-6488
2003:Q3,2512936,1163453,762285,560389,184832,312226,63331,26809,2512936,661558,987168,248614,196549,272521,146526,626,35285,28946,3475,193,2671,19152,11537,73,80,561,233,46835,12574,19570,977620,439
2003:Q4,2567380,1196986,776857,566727,187972,315396,63359,26809,2567380,691815,998060,253692,199855,272559,151399,635,38372,31931,3532,196,2713,19447,11711,74,82,570,218,47643,12770,19877,982592,36345
2004:Q1,2582348,1221083,769080,568824,188768,317086,62970,23362,2582348,712674,986221,255582,201077,273244,153550,765,39380,32452,3676,201,3051,17033,12030,174,192,675,214,52577,13500,17010,996601,46025
2004:Q2,2671888,1270431,804050,574045,189687,321160,63198,23362,2671888,748143,1012142,264875,206233,277038,163457,785,45556,38414,3788,209,3145,17388,12285,178,198,696,209,54904,13865,17393,998234,73989
2004:Q3,2744200,1305370,827530,587938,197640,326122,64176,23362,2744200,767958,1043435,273360,212001,278093,169353,815,47469,40066,3929,215,3259,18049,12736,187,207,721,199,56556,14368,18046,1016096,64167
2004:Q4,2815120,1339855,854196,597706,200400,331201,66105,23362,2815120,788980,1077451,279953,214365,282763,171608,835,46437,38830,4036,221,3350,18445,13017,192,213,741,198,58346,14730,18454,1036701,72089
2005:Q1,2885152,1385013,865456,611857,201912,341871,68074,22826,2885152,814273,1113570,287385,216379,285182,168363,523,46631,39809,3521,204,3097,15683,11903,146,196,728,196,62533,13352,16472,1036216,102477
2005:Q2,2957870,1424057,886854,624132,208569,346117,69446,22826,2957870,840186,1142322,295483,220491,289740,169648,536,44756,37761,3611,208,3176,16134,12231,150,202,747,182,64061,13705,16944,1062312,28835
2005:Q3,3036054,1470209,909868,633151,211401,351312,70438,22826,3036054,870973,1173855,303556,224783,292548,170339,547,42521,35351,3701,214,3255,16448,12466,154,207,765,178,65764,14008,17281,1075285,12354
2005:Q4,3082896,1506046,919333,634691,211698,351611,71382,22826,3082896,885207,1195261,309699,226399,297622,168708,558,39643,32333,3773,218,3319,16602,12554,161,217,780,164,66396,14188,17445,1040679,86388
2006:Q1,3171211,1545693,958020,644462,214727,358509,71226,23037,3171211,895837,1245855,317408,232206,307479,172426,763,44617,36656,3862,247,3852,15506,11994,86,180,821,168,65754,16410,16127,1078456,78214
2006:Q2,3185552,1539526,967748,655241,218337,365724,71180,23037,3185552,867042,1276056,319356,236035,315778,171285,781,41611,33436,3967,253,3955,15806,12224,90,190,844,160,66410,16738,16431,1073897,75513
2006:Q3,3180742,1509620,974965,673120,223111,379060,70949,23037,3180742,829327,1305086,320196,233381,316696,176056,799,44198,35832,4058,260,4048,16143,12498,94,198,863,140,67258,17091,16774,1084440,78755
2006:Q4,3193927,1493137,986828,690926,228680,390813,71433,23037,3193927,800867,1323871,323230,240944,321053,183962,815,50234,41716,4132,264,4122,16470,12761,96,202,879,115,67876,17405,17109,1092747,43476
2007:Q1,3217207,1495198,996337,700947,236618,392960,71369,24725,3217207,771777,1348045,329018,241450,332834,194083,897,46241,38814,3825,82,3520,17177,12966,109,306,1368,107,70072,22782,22058,1104724,21372
2007:Q2,3246636,1498891,1014835,708186,237623,399697,70866,24725,3246636,743572,1379713,337108,250647,338997,196599,924,46544,38909,3933,85,3617,17422,13155,114,323,1406,108,71027,23192,22384,1110974,42224
2007:Q3,3237022,1485543,1013839,712916,240849,401966,70101,24725,3237022,705265,1396974,338800,251885,344089,200009,949,48697,40884,4025,87,3701,17693,13347,120,342,1439,110,71022,23544,22746,1116753,44923
2007:Q4,3223472,1454951,1017005,726791,246211,411276,69304,24725,3223472,659468,1413650,340516,256166,352027,201645,970,48900,40941,4099,89,3771,18022,13599,125,355,1468,110,70995,23920,23181,1120257,27282
2008:Q1,3192019,1413533,1015504,744500,257543,418689,68268,18483,3192019,616285,1433292,336399,259104,352541,194398,627,58512,51617,2847,188,3860,18181,13226,171,335,1838,51,52015,20576,28866,1087970,-16673
2008:Q2,3190434,1407738,1009331,754882,261559,426370,66953,18483,3190434,594972,1445374,334823,271211,356376,187678,632,51750,44797,2871,190,3892,18337,13342,173,342,1854,90,51304,20725,29129,1073086,-22252
2008:Q3,3151808,1389940,991597,751789,263999,422190,65600,18483,3151808,569996,1432868,329927,276369,361372,181276,631,46375,39434,2865,190,3886,18354,13345,174,344,1850,109,50242,20689,29163,1033557,-15825
2008:Q4,3011536,1337190,910453,745409,258769,421902,64738,18483,3011536,522748,1378874,307879,280073,361334,160628,605,33378,26720,2748,182,3728,17664,12850,168,338,1775,124,45803,19829,28094,950715,-62215
2009:Q1,2805922,1243433,810718,725616,256642,405356,63618,26154,2805922,480733,1259621,280494,276507,363541,145026,731,35753,29553,2608,160,3432,18058,13114,168,289,1145,76,20315,25903,29474,949520,-150996
2009:Q2,2706181,1160850,783012,736165,260090,412864,63211,26154,2706181,454803,1194910,263275,281148,365382,146663,710,39988,34073,2488,153,3274,17792,12927,159,267,1092,76,19510,25097,29045,940275,-196001
2009:Q3,2690366,1129337,792656,742219,263089,415634,63496,26154,2690366,467165,1174112,257538,284568,360376,146607,705,39890,34078,2445,149,3218,17798,12924,156,254,1074,83,19756,24892,29075,978468,-204006
2009:Q4,2690909,1086700,814928,763126,271434,427244,64448,26154,2690909,467517,1177235,253696,288263,351851,152347,715,43547,37730,2447,150,3220,18154,13179,155,245,1074,90,20357,25156,29675,958709,-52084
2010:Q1,2672576,1041004,870571,753248,265616,421586,66046,7753,2672576,456749,1182835,247738,292029,341149,152076,570,37044,32271,2049,94,2630,15261,11252,218,299,3602,49,37119,19999,26663,952658,-1238
2010:Q2,2760112,1084733,914654,752972,260528,423267,69177,7753,2760112,471663,1234758,253481,298625,349400,152185,577,34433,29532,2103,98,2700,15311,11293,220,305,3698,57,39216,20294,26781,973945,36707
2010:Q3,2773013,1050174,951387,763699,264290,428653,70756,7753,2773013,444229,1275769,249312,297863,351552,154288,593,32684,27650,2160,99,2775,15655,11545,225,309,3801,63,41236,20822,27355,981896,112897
2010:Q4,2818535,1062550,969405,778827,269036,438332,71459,7753,2818535,453987,1310843,250975,300480,346916,155334,605,31366,26230,2204,101,2831,15952,11775,229,315,3877,0,42104,21231,27880,1006170,67302
2011:Q1,2813236,1029650,986799,790554,277266,444027,69261,6233,2813236,453641,1312606,247767,298211,341140,159871,467,30779,25572,2518,90,2599,15906,11893,275,328,3151,0,48151,18784,30137,1016024,32078
2011:Q2,2872584,1060463,1002328,803561,286177,449138,68246,6233,2872584,462495,1357734,253574,297283,338996,162502,482,29964,24582,2603,92,2687,16411,12255,284,342,3258,0,49009,19380,31117,1011332,61047
2011:Q3,2969985,1092996,1053388,817369,296238,453016,68115,6233,2969985,472971,1424560,265374,295137,339975,171968,504,32802,27138,2739,98,2827,17147,12771,298,360,3429,0,51820,20299,32538,1018665,-12032
2011:Q4,3035869,1125091,1074109,830436,304663,457073,68700,6233,3035869,483369,1469034,269799,292031,343700,177936,520,34885,29047,2823,101,2914,17664,13138,307,372,3534,0,53082,20904,33530,1038888,103957
2012:Q1,3114314,1168717,1089739,834435,307644,456866,69925,21423,3114314,507790,1513758,278491,289228,337613,187434,650,36532,30300,3058,105,3069,18993,14070,520,589,3321,0,60776,16976,35007,1072102,80278
2012:Q2,3172556,1188497,1119286,843349,314763,458507,70079,21423,3172556,515321,1553281,285313,290089,337009,191543,666,36690,30287,3141,108,3154,19472,14404,533,605,3412,0,62435,17409,35917,1067829,91406
2012:Q3,3179118,1192008,1118536,847151,315246,461587,70318,21423,3179118,525817,1550817,289704,287333,332095,193352,665,38588,32194,3137,108,3149,19454,14404,532,603,3407,0,62434,17395,35870,1075475,84429
2012:Q4,3220306,1204570,1135049,859264,323715,465147,70402,21423,3220306,550140,1554393,304588,282508,328250,200427,675,42545,36052,3186,109,3198,19836,14678,542,612,3459,0,63863,17706,36511,1096094,28734
2013:Q1,3260480,1212738,1153298,876405,332297,473950,70158,18040,3260480,590908,1552634,323347,273253,326031,194307,512,30116,24289,2459,106,3262,21231,16411,188,200,3887,0,70601,18916,32245,1110242,85223
2013:Q2,3297079,1254823,1151100,873115,324351,478293,70471,18040,3297079,607850,1565652,332597,269338,330192,191450,507,28550,22753,2446,105,3246,20928,16217,184,196,3866,0,70476,18716,31810,1108259,82692
2013:Q3,3360163,1299880,1154458,887786,331897,485439,70450,18040,3360163,622368,1601323,338044,270822,333636,193970,517,29145,23241,2491,107,3306,21332,16535,188,201,3937,0,70615,19065,32435,1112286,136649
2013:Q4,3421002,1311669,1193371,897921,337414,490312,70195,18040,3421002,624795,1643874,350416,270411,333643,197863,529,28402,22343,2556,111,3392,21805,16897,191,205,4040,0,73119,19512,33163,1117809,117343
2014:Q1,3462437,1344041,1189027,906680,343129,491937,71614,22688,3462437,629306,1698778,343217,262839,328829,199468,618,29022,22866,2642,104,3410,21042,16533,205,224,3286,0,78587,19942,30009,1119762,51995
2014:Q2,3567282,1398052,1223716,922826,350010,499893,72923,22688,3567282,648535,1758988,346972,267470,338470,206847,634,32041,25712,2717,106,3506,21555,16934,209,230,3381,0,80688,20436,30739,1153789,97754
2014:Q3,3648463,1430795,1254861,940118,358268,507744,74106,22688,3648463,666670,1798867,361833,267253,343097,210743,649,31288,24804,2783,108,3593,22078,17342,213,234,3462,0,83056,20934,31487,1169578,103935
2014:Q4,3703893,1472381,1251246,957579,360030,522594,74955,22688,3703893,687586,1813670,372276,269578,347785,212998,654,33396,26872,2800,110,3614,22178,17462,215,236,3484,0,82709,21042,31622,1183255,85485
2015:Q1,3720629,1480446,1239393,960173,361740,522489,75944,40616,3720629,703054,1804146,380329,266977,346611,219512,646,34349,25721,3178,146,5304,24698,19337,301,306,2238,0,85558,22775,29304,1185409,175242
2015:Q2,3772548,1519442,1245137,967352,363706,526751,76895,40616,3772548,725025,1801314,386939,271606,361086,226578,650,40726,32059,3193,146,5328,24819,19436,302,307,2247,0,85759,22890,29442,1209944,151248
2015:Q3,3814467,1533761,1260052,980038,368311,534044,77683,40616,3814467,748206,1806280,388958,271320,366338,233365,655,45635,36905,3216,147,5367,25013,19604,305,310,2264,0,86799,23079,29701,1218331,126851
2015:Q4,3803516,1519530,1247041,996330,377777,539954,78599,40616,3803516,761000,1795675,377836,274215,359571,235219,659,47762,39036,3215,147,5364,25188,19754,312,316,2263,0,85791,23236,29938,1218848,107150
2016:Q1,3830844,1533334,1230877,1016089,390945,545094,80050,50543,3830844,786399,1790992,363539,275730,373115,241069,710,49094,39334,3241,168,6351,25092,20182,412,429,1495,0,85686,26253,31716,1231864,62320
2016:Q2,3862540,1557596,1213800,1040600,400066,559202,81332,50543,3862540,796976,1817682,359293,274334,372309,241946,722,49438,39595,3269,169,6405,25416,20490,419,436,1508,0,84741,26644,32132,1238533,30486
2016:Q3,3903138,1586064,1209040,1057490,410290,564536,82664,50543,3903138,805754,1841628,362448,274213,372677,246418,734,52106,42113,3318,172,6503,25866,20836,428,446,1531,0,84601,27144,32726,1257322,5326
2016:Q4,3959053,1620615,1212290,1075607,421433,570499,83675,50543,3959053,824973,1856867,374063,275871,380378,246901,747,50189,40050,3368,173,6598,26346,21205,437,455,1554,0,85008,27640,33320,1265406,58149
2017:Q1,4019982,1646185,1227193,1096702,431905,580253,84544,49902,4019982,846421,1869010,396978,279715,383476,244382,818,58931,46253,5429,172,7077,25579,20874,468,524,1018,0,73271,29941,32958,1268376,6310
2017:Q2,4082161,1669122,1252696,1110441,443433,581716,85292,49902,4082161,846185,1906444,411038,286089,388631,243774,833,54662,41739,5533,176,7214,26128,21264,478,535,1038,0,74627,30555,33654,1276895,25528
2017:Q3,4128318,1674190,1271267,1132959,453370,593351,86238,49902,4128318,854714,1926385,416187,287920,395115,247997,847,55771,42679,5606,178,7308,26571,21640,486,542,1052,0,75852,31053,34183,1298336,54859
2017:Q4,4235210,1717649,1311798,1155861,464030,604606,87225,49902,4235210,879744,1977371,419436,296489,408273,253897,867,56603,43186,5746,182,7489,27228,22165,498,555,1077,0,78084,31799,35021,1342794,43998
2018:Q1,4323166,1753095,1330496,1188036,479381,620130,88525,51539,4323166,896023,2047061,410916,303844,408733,256589,726,58338,43436,5978,203,8721,27026,22219,123,131,899,0,81034,32789,33304,1357223,35046
2018:Q2,4397696,1792333,1332787,1221038,494303,636971,89764,51539,4397696,917431,2076798,409655,307586,423981,262245,741,61302,46171,6070,206,8855,27577,22707,127,135,912,0,81332,33471,33941,1361609,-3403
2018:Q3,4430591,1799274,1341352,1238426,505335,642630,90461,51539,4430591,916314,2096579,409347,313419,427145,267787,753,64621,49306,6144,209,8962,28002,23043,129,137,924,0,81771,33972,34435,1364801,98665
2018:Q4,4444592,1769599,1360731,1262722,513373,658534,90815,51539,4444592,909385,2100347,416790,322662,415226,280182,763,74546,59091,6201,210,9044,28358,23396,131,139,932,0,82740,34352,34825,1365380,95325
2019:Q1,4499801,1791933,1372731,1276275,510919,674891,90465,58861,4499801,917213,2090850,436120,333568,431795,290255,758,80426,61099,9117,276,9934,29120,24584,148,168,826,0,82206,37246,34773,1360272,115734
2019:Q2,4588731,1853669,1372705,1303496,520750,691628,91118,58861,4588731,931085,2128838,456816,320782,449303,301907,776,88273,68529,9314,283,10147,29694,25104,150,171,844,0,83297,38104,35494,1390012,76223
2019:Q3,4650905,1901294,1363302,1327449,531254,703913,92282,58861,4650905,944036,2150818,468323,333960,447406,306362,789,91767,71787,9426,286,10268,30081,25442,154,176,854,0,82346,38780,35973,1414433,69800
2019:Q4,4641381,1899952,1328787,1353780,543737,716206,93837,58861,4641381,949972,2134800,466396,341497,441566,307150,794,93412,73439,9422,286,10265,30331,25663,155,178,854,0,80506,39085,36172,1425959,26911
2020:Q1,4645157,1943121,1258953,1383208,556517,732670,94021,59876,4645157,983486,2100655,460350,349529,454920,296217,960,86958,68514,8849,229,9366,36231,30677,168,215,444,0,61400,45170,33994,1372006,-32948
2020:Q2,4363295,1790111,1139613,1373696,554718,728740,90238,59876,4363295,908960,1967484,414202,365391,448671,258587,916,62160,44944,8259,214,8743,34578,29404,163,204,413,0,55272,43180,32297,1360706,-294959
2020:Q3,4612677,1894576,1252914,1405311,561207,757951,86153,59876,4612677,1022980,2034093,450787,369433,446873,288511,941,82682,64823,8569,221,9069,35691,30403,166,206,429,0,60266,44383,33344,1637339,94859
2020:Q4,4788430,1980588,1293484,1454482,581791,785969,86722,59876,4788430,1103432,2088276,467256,374852,456207,298407,971,85882,67505,8817,228,9332,36848,31440,172,212,441,0,62246,45801,34394,1670973,82783
2021:Q1,4899247,2042813,1317076,1494030,602811,805269,85950,45328,4899247,1161191,2130679,479281,368899,454918,304279,1044,83453,66005,8436,203,8809,36707,32761,1903,2290,456,0,62250,48309,35106,1769306,-44364
2021:Q2,4997591,2075818,1335850,1540594,624641,828146,87807,45328,4997591,1170068,2202195,488217,372940,450142,314029,1075,87289,69383,8657,209,9040,37792,33758,1965,2359,468,0,63453,49773,36097,1892594,-161226
2021:Q3,5053269,2108576,1326168,1573196,635865,845679,91652,45328,5053269,1193464,2241715,489754,380215,443170,304951,1089,76605,58566,8722,210,9107,38203,34197,1992,2390,471,0,63165,50382,36457,1813817,-3276
2021:Q4,5175353,2164281,1351184,1614561,649418,869177,95966,45328,5175353,1244947,2285801,502732,389769,447080,305024,1116,71675,53233,8918,214,9310,39045,34995,2035,2447,482,0,64436,51516,37277,1903423,255544
2022:Q1,5365978,2231849,1407635,1665875,677414,891038,97423,60618,5365978,1301771,2365692,526827,395404,452797,323487,1170,84957,64718,9806,213,10220,40612,36800,2150,2566,498,0,62138,53937,38659,1950380,248977
2022:Q2,5477399,2257381,1447288,1712113,693482,914913,103718,60618,5477399,1279702,2468027,538095,402818,455709,333048,1203,87796,66976,10088,220,10512,41711,37787,2206,2638,513,0,64071,55384,39739,1952399,120177
2022:Q3,5524638,2234518,1477945,1751557,715210,928652,107695,60618,5524638,1228269,2533678,537629,403970,478374,342718,1234,90560,69126,10385,226,10823,42953,38761,2274,2721,528,0,65770,56981,40936,1970993,82328
2022:Q4,5536382,2209013,1490653,1776098,723596,944786,107716,60618,5536382,1173413,2565475,530088,423861,494103,349442,1252,94931,73269,10495,229,10938,43408,39200,2299,2761,533,0,66029,57620,41409,1958011,177743
2023:Q1,5643949,2269012,1499667,1814653,742540,962223,109890,60618,5643949,1172167,2633203,537928,427657,514160,358834,1288,98666,76423,10778,234,11231,44504,40109,2356,2860,548,0,66825,59089,42589,2018569,23695
2023:Q2,5736083,2312566,1528541,1834358,743798,978179,112381,60618,5736083,1170786,2673853,546959,437155,537195,370135,1306,107127,84601,10913,239,11374,44888,40496,2371,2896,555,0,67827,59609,43060,2017399,18556
2023:Q3,5817675,2377567,1525739,1853750,752357,989570,111823,60618,5817675,1191174,2700049,551990,445661,559014,369787,1318,105407,82741,10982,239,11445,45232,40800,2392,2928,559,0,67652,60095,43404,2027422,102032
2023:Q4,5933463,2454028,1531435,1887382,769602,1005339,112441,60618,5933463,1204662,2750484,555767,459927,589251,373372,1342,105231,82210,11154,242,11625,46026,41476,2440,2992,566,0,67946,61173,44180,2025292,70140
2024:Q1,6029821,2503630,1540309,1925264,781112,1028974,115178,60618,6029821,1250491,2770758,568955,461193,599095,379329,1360,107672,84383,11284,246,11759,46636,42109,2473,3025,573,0,68749,62018,44714,2001794,34886
