date,FU544090085.Q,FU543020083.Q,FU543034385.Q,FU544022085.Q,FU543069183.Q,FU543061183.Q,FU543061783.Q,FU543062083.Q,FU543063085.Q,FU544023085.Q,FU543069483.Q,FU543065083.Q,FU543064185.Q,FU543064385.Q,FU543040085.Q,FU543050085.Q,FU543070085.Q,FU543090085.Q,FU544190085.Q,FU543140085.Q,FU543150085.Q,FU543170085.Q,FU543190085.Q
1945:Q4,ND,ND,ND,ND,ND,ND,ND,ND,ND,ND,ND,ND,ND,ND,ND,ND,ND,ND,ND,ND,ND,ND,ND
1946:Q1,ND,ND,ND,ND,ND,ND,ND,ND,ND,ND,ND,ND,ND,ND,ND,ND,ND,ND,ND,ND,ND,ND,ND
1946:Q2,ND,ND,ND,ND,ND,ND,ND,ND,ND,ND,ND,ND,ND,ND,ND,ND,ND,ND,ND,ND,ND,ND,ND
1946:Q3,ND,ND,ND,ND,ND,ND,ND,ND,ND,ND,ND,ND,ND,ND,ND,ND,ND,ND,ND,ND,ND,ND,ND
1946:Q4,0,0,0,0,0,0,0,0,0,0,0,0,0,0,0,0,0,0,0,0,0,0,0
1947:Q1,ND,ND,ND,ND,ND,ND,ND,ND,ND,ND,ND,ND,ND,ND,ND,ND,ND,ND,ND,ND,ND,ND,ND
1947:Q2,ND,ND,ND,ND,ND,ND,ND,ND,ND,ND,ND,ND,ND,ND,ND,ND,ND,ND,ND,ND,ND,ND,ND
1947:Q3,ND,ND,ND,ND,ND,ND,ND,ND,ND,ND,ND,ND,ND,ND,ND,ND,ND,ND,ND,ND,ND,ND,ND
1947:Q4,0,0,0,0,0,0,0,0,0,0,0,0,0,0,0,0,0,0,0,0,0,0,0
1948:Q1,ND,ND,ND,ND,ND,ND,ND,ND,ND,ND,ND,ND,ND,ND,ND,ND,ND,ND,ND,ND,ND,ND,ND
1948:Q2,ND,ND,ND,ND,ND,ND,ND,ND,ND,ND,ND,ND,ND,ND,ND,ND,ND,ND,ND,ND,ND,ND,ND
1948:Q3,ND,ND,ND,ND,ND,ND,ND,ND,ND,ND,ND,ND,ND,ND,ND,ND,ND,ND,ND,ND,ND,ND,ND
1948:Q4,0,0,0,0,0,0,0,0,0,0,0,0,0,0,0,0,0,0,0,0,0,0,0
1949:Q1,ND,ND,ND,ND,ND,ND,ND,ND,ND,ND,ND,ND,ND,ND,ND,ND,ND,ND,ND,ND,ND,ND,ND
1949:Q2,ND,ND,ND,ND,ND,ND,ND,ND,ND,ND,ND,ND,ND,ND,ND,ND,ND,ND,ND,ND,ND,ND,ND
1949:Q3,ND,ND,ND,ND,ND,ND,ND,ND,ND,ND,ND,ND,ND,ND,ND,ND,ND,ND,ND,ND,ND,ND,ND
1949:Q4,0,0,0,0,0,0,0,0,0,0,0,0,0,0,0,0,0,0,0,0,0,0,0
1950:Q1,ND,ND,ND,ND,ND,ND,ND,ND,ND,ND,ND,ND,ND,ND,ND,ND,ND,ND,ND,ND,ND,ND,ND
1950:Q2,ND,ND,ND,ND,ND,ND,ND,ND,ND,ND,ND,ND,ND,ND,ND,ND,ND,ND,ND,ND,ND,ND,ND
1950:Q3,ND,ND,ND,ND,ND,ND,ND,ND,ND,ND,ND,ND,ND,ND,ND,ND,ND,ND,ND,ND,ND,ND,ND
1950:Q4,0,0,0,0,0,0,0,0,0,0,0,0,0,0,0,0,0,0,0,0,0,0,0
1951:Q1,ND,ND,ND,ND,ND,ND,ND,ND,ND,ND,ND,ND,ND,ND,ND,ND,ND,ND,ND,ND,ND,ND,ND
1951:Q2,ND,ND,ND,ND,ND,ND,ND,ND,ND,ND,ND,ND,ND,ND,ND,ND,ND,ND,ND,ND,ND,ND,ND
1951:Q3,ND,ND,ND,ND,ND,ND,ND,ND,ND,ND,ND,ND,ND,ND,ND,ND,ND,ND,ND,ND,ND,ND,ND
1951:Q4,0,0,0,0,0,0,0,0,0,0,0,0,0,0,0,0,0,0,0,0,0,0,0
1952:Q1,0,0,0,0,0,0,0,0,0,0,0,0,0,0,0,0,0,0,0,0,0,0,0
1952:Q2,0,0,0,0,0,0,0,0,0,0,0,0,0,0,0,0,0,0,0,0,0,0,0
1952:Q3,0,0,0,0,0,0,0,0,0,0,0,0,0,0,0,0,0,0,0,0,0,0,0
1952:Q4,0,0,0,0,0,0,0,0,0,0,0,0,0,0,0,0,0,0,0,0,0,0,0
1953:Q1,0,0,0,0,0,0,0,0,0,0,0,0,0,0,0,0,0,0,0,0,0,0,0
1953:Q2,0,0,0,0,0,0,0,0,0,0,0,0,0,0,0,0,0,0,0,0,0,0,0
1953:Q3,0,0,0,0,0,0,0,0,0,0,0,0,0,0,0,0,0,0,0,0,0,0,0
1953:Q4,0,0,0,0,0,0,0,0,0,0,0,0,0,0,0,0,0,0,0,0,0,0,0
1954:Q1,0,0,0,0,0,0,0,0,0,0,0,0,0,0,0,0,0,0,0,0,0,0,0
1954:Q2,0,0,0,0,0,0,0,0,0,0,0,0,0,0,0,0,0,0,0,0,0,0,0
1954:Q3,0,0,0,0,0,0,0,0,0,0,0,0,0,0,0,0,0,0,0,0,0,0,0
1954:Q4,0,0,0,0,0,0,0,0,0,0,0,0,0,0,0,0,0,0,0,0,0,0,0
1955:Q1,0,0,0,0,0,0,0,0,0,0,0,0,0,0,0,0,0,0,0,0,0,0,0
1955:Q2,0,0,0,0,0,0,0,0,0,0,0,0,0,0,0,0,0,0,0,0,0,0,0
1955:Q3,0,0,0,0,0,0,0,0,0,0,0,0,0,0,0,0,0,0,0,0,0,0,0
1955:Q4,0,0,0,0,0,0,0,0,0,0,0,0,0,0,0,0,0,0,0,0,0,0,0
1956:Q1,0,0,0,0,0,0,0,0,0,0,0,0,0,0,0,0,0,0,0,0,0,0,0
1956:Q2,0,0,0,0,0,0,0,0,0,0,0,0,0,0,0,0,0,0,0,0,0,0,0
1956:Q3,0,0,0,0,0,0,0,0,0,0,0,0,0,0,0,0,0,0,0,0,0,0,0
1956:Q4,0,0,0,0,0,0,0,0,0,0,0,0,0,0,0,0,0,0,0,0,0,0,0
1957:Q1,0,0,0,0,0,0,0,0,0,0,0,0,0,0,0,0,0,0,0,0,0,0,0
1957:Q2,0,0,0,0,0,0,0,0,0,0,0,0,0,0,0,0,0,0,0,0,0,0,0
1957:Q3,0,0,0,0,0,0,0,0,0,0,0,0,0,0,0,0,0,0,0,0,0,0,0
1957:Q4,0,0,0,0,0,0,0,0,0,0,0,0,0,0,0,0,0,0,0,0,0,0,0
1958:Q1,0,0,0,0,0,0,0,0,0,0,0,0,0,0,0,0,0,0,0,0,0,0,0
1958:Q2,0,0,0,0,0,0,0,0,0,0,0,0,0,0,0,0,0,0,0,0,0,0,0
1958:Q3,0,0,0,0,0,0,0,0,0,0,0,0,0,0,0,0,0,0,0,0,0,0,0
1958:Q4,0,0,0,0,0,0,0,0,0,0,0,0,0,0,0,0,0,0,0,0,0,0,0
1959:Q1,0,0,0,0,0,0,0,0,0,0,0,0,0,0,0,0,0,0,0,0,0,0,0
1959:Q2,0,0,0,0,0,0,0,0,0,0,0,0,0,0,0,0,0,0,0,0,0,0,0
1959:Q3,0,0,0,0,0,0,0,0,0,0,0,0,0,0,0,0,0,0,0,0,0,0,0
1959:Q4,0,0,0,0,0,0,0,0,0,0,0,0,0,0,0,0,0,0,0,0,0,0,0
1960:Q1,0,0,0,0,0,0,0,0,0,0,0,0,0,0,0,0,0,0,0,0,0,0,0
1960:Q2,0,0,0,0,0,0,0,0,0,0,0,0,0,0,0,0,0,0,0,0,0,0,0
1960:Q3,0,0,0,0,0,0,0,0,0,0,0,0,0,0,0,0,0,0,0,0,0,0,0
1960:Q4,0,0,0,0,0,0,0,0,0,0,0,0,0,0,0,0,0,0,0,0,0,0,0
1961:Q1,0,0,0,0,0,0,0,0,0,0,0,0,0,0,0,0,0,0,0,0,0,0,0
1961:Q2,0,0,0,0,0,0,0,0,0,0,0,0,0,0,0,0,0,0,0,0,0,0,0
1961:Q3,0,0,0,0,0,0,0,0,0,0,0,0,0,0,0,0,0,0,0,0,0,0,0
1961:Q4,0,0,0,0,0,0,0,0,0,0,0,0,0,0,0,0,0,0,0,0,0,0,0
1962:Q1,0,0,0,0,0,0,0,0,0,0,0,0,0,0,0,0,0,0,0,0,0,0,0
1962:Q2,0,0,0,0,0,0,0,0,0,0,0,0,0,0,0,0,0,0,0,0,0,0,0
1962:Q3,0,0,0,0,0,0,0,0,0,0,0,0,0,0,0,0,0,0,0,0,0,0,0
1962:Q4,0,0,0,0,0,0,0,0,0,0,0,0,0,0,0,0,0,0,0,0,0,0,0
1963:Q1,0,0,0,0,0,0,0,0,0,0,0,0,0,0,0,0,0,0,0,0,0,0,0
1963:Q2,0,0,0,0,0,0,0,0,0,0,0,0,0,0,0,0,0,0,0,0,0,0,0
1963:Q3,0,0,0,0,0,0,0,0,0,0,0,0,0,0,0,0,0,0,0,0,0,0,0
1963:Q4,0,0,0,0,0,0,0,0,0,0,0,0,0,0,0,0,0,0,0,0,0,0,0
1964:Q1,0,0,0,0,0,0,0,0,0,0,0,0,0,0,0,0,0,0,0,0,0,0,0
1964:Q2,0,0,0,0,0,0,0,0,0,0,0,0,0,0,0,0,0,0,0,0,0,0,0
1964:Q3,0,0,0,0,0,0,0,0,0,0,0,0,0,0,0,0,0,0,0,0,0,0,0
1964:Q4,0,0,0,0,0,0,0,0,0,0,0,0,0,0,0,0,0,0,0,0,0,0,0
1965:Q1,0,0,0,0,0,0,0,0,0,0,0,0,0,0,0,0,0,0,0,0,0,0,0
1965:Q2,0,0,0,0,0,0,0,0,0,0,0,0,0,0,0,0,0,0,0,0,0,0,0
1965:Q3,0,0,0,0,0,0,0,0,0,0,0,0,0,0,0,0,0,0,0,0,0,0,0
1965:Q4,0,0,0,0,0,0,0,0,0,0,0,0,0,0,0,0,0,0,0,0,0,0,0
1966:Q1,0,0,0,0,0,0,0,0,0,0,0,0,0,0,0,0,0,0,0,0,0,0,0
1966:Q2,0,0,0,0,0,0,0,0,0,0,0,0,0,0,0,0,0,0,0,0,0,0,0
1966:Q3,0,0,0,0,0,0,0,0,0,0,0,0,0,0,0,0,0,0,0,0,0,0,0
1966:Q4,0,0,0,0,0,0,0,0,0,0,0,0,0,0,0,0,0,0,0,0,0,0,0
1967:Q1,0,0,0,0,0,0,0,0,0,0,0,0,0,0,0,0,0,0,0,0,0,0,0
1967:Q2,0,0,0,0,0,0,0,0,0,0,0,0,0,0,0,0,0,0,0,0,0,0,0
1967:Q3,0,0,0,0,0,0,0,0,0,0,0,0,0,0,0,0,0,0,0,0,0,0,0
1967:Q4,0,0,0,0,0,0,0,0,0,0,0,0,0,0,0,0,0,0,0,0,0,0,0
1968:Q1,0,0,0,0,0,0,0,0,0,0,0,0,0,0,0,0,0,0,0,0,0,0,0
1968:Q2,0,0,0,0,0,0,0,0,0,0,0,0,0,0,0,0,0,0,0,0,0,0,0
1968:Q3,0,0,0,0,0,0,0,0,0,0,0,0,0,0,0,0,0,0,0,0,0,0,0
1968:Q4,0,0,0,0,0,0,0,0,0,0,0,0,0,0,0,0,0,0,0,0,0,0,0
1969:Q1,0,0,0,0,0,0,0,0,0,0,0,0,0,0,0,0,0,0,0,0,0,0,0
1969:Q2,0,0,0,0,0,0,0,0,0,0,0,0,0,0,0,0,0,0,0,0,0,0,0
1969:Q3,0,0,0,0,0,0,0,0,0,0,0,0,0,0,0,0,0,0,0,0,0,0,0
1969:Q4,0,0,0,0,0,0,0,0,0,0,0,0,0,0,0,0,0,0,0,0,0,0,0
1970:Q1,0,0,0,0,0,0,0,0,0,0,0,0,0,0,0,0,0,0,0,0,0,0,0
1970:Q2,0,0,0,0,0,0,0,0,0,0,0,0,0,0,0,0,0,0,0,0,0,0,0
1970:Q3,0,0,0,0,0,0,0,0,0,0,0,0,0,0,0,0,0,0,0,0,0,0,0
1970:Q4,0,0,0,0,0,0,0,0,0,0,0,0,0,0,0,0,0,0,0,0,0,0,0
1971:Q1,0,0,0,0,0,0,0,0,0,0,0,0,0,0,0,0,0,0,0,0,0,0,0
1971:Q2,0,0,0,0,0,0,0,0,0,0,0,0,0,0,0,0,0,0,0,0,0,0,0
1971:Q3,0,0,0,0,0,0,0,0,0,0,0,0,0,0,0,0,0,0,0,0,0,0,0
1971:Q4,0,0,0,0,0,0,0,0,0,0,0,0,0,0,0,0,0,0,0,0,0,0,0
1972:Q1,0,0,0,0,0,0,0,0,0,0,0,0,0,0,0,0,0,0,0,0,0,0,0
1972:Q2,0,0,0,0,0,0,0,0,0,0,0,0,0,0,0,0,0,0,0,0,0,0,0
1972:Q3,0,0,0,0,0,0,0,0,0,0,0,0,0,0,0,0,0,0,0,0,0,0,0
1972:Q4,0,0,0,0,0,0,0,0,0,0,0,0,0,0,0,0,0,0,0,0,0,0,0
1973:Q1,0,0,0,0,0,0,0,0,0,0,0,0,0,0,0,0,0,0,0,0,0,0,0
1973:Q2,0,0,0,0,0,0,0,0,0,0,0,0,0,0,0,0,0,0,0,0,0,0,0
1973:Q3,0,0,0,0,0,0,0,0,0,0,0,0,0,0,0,0,0,0,0,0,0,0,0
1973:Q4,0,0,0,0,0,0,0,0,0,0,0,0,0,0,0,0,0,0,0,0,0,0,0
1974:Q1,0,0,0,0,0,0,0,0,0,0,0,0,0,0,0,0,0,0,0,0,0,0,0
1974:Q2,0,0,0,0,0,0,0,0,0,0,0,0,0,0,0,0,0,0,0,0,0,0,0
1974:Q3,0,0,0,0,0,0,0,0,0,0,0,0,0,0,0,0,0,0,0,0,0,0,0
1974:Q4,0,0,0,0,0,0,0,0,0,0,0,0,0,0,0,0,0,0,0,0,0,0,0
1975:Q1,0,0,0,0,0,0,0,0,0,0,0,0,0,0,0,0,0,0,0,0,0,0,0
1975:Q2,0,0,0,0,0,0,0,0,0,0,0,0,0,0,0,0,0,0,0,0,0,0,0
1975:Q3,0,0,0,0,0,0,0,0,0,0,0,0,0,0,0,0,0,0,0,0,0,0,0
1975:Q4,0,0,0,0,0,0,0,0,0,0,0,0,0,0,0,0,0,0,0,0,0,0,0
1976:Q1,0,0,0,0,0,0,0,0,0,0,0,0,0,0,0,0,0,0,0,0,0,0,0
1976:Q2,0,0,0,0,0,0,0,0,0,0,0,0,0,0,0,0,0,0,0,0,0,0,0
1976:Q3,0,0,0,0,0,0,0,0,0,0,0,0,0,0,0,0,0,0,0,0,0,0,0
1976:Q4,0,0,0,0,0,0,0,0,0,0,0,0,0,0,0,0,0,0,0,0,0,0,0
1977:Q1,0,0,0,0,0,0,0,0,0,0,0,0,0,0,0,0,0,0,0,0,0,0,0
1977:Q2,0,0,0,0,0,0,0,0,0,0,0,0,0,0,0,0,0,0,0,0,0,0,0
1977:Q3,0,0,0,0,0,0,0,0,0,0,0,0,0,0,0,0,0,0,0,0,0,0,0
1977:Q4,0,0,0,0,0,0,0,0,0,0,0,0,0,0,0,0,0,0,0,0,0,0,0
1978:Q1,0,0,0,0,0,0,0,0,0,0,0,0,0,0,0,0,0,0,0,0,0,0,0
1978:Q2,0,0,0,0,0,0,0,0,0,0,0,0,0,0,0,0,0,0,0,0,0,0,0
1978:Q3,0,0,0,0,0,0,0,0,0,0,0,0,0,0,0,0,0,0,0,0,0,0,0
1978:Q4,0,0,0,0,0,0,0,0,0,0,0,0,0,0,0,0,0,0,0,0,0,0,0
1979:Q1,0,0,0,0,0,0,0,0,0,0,0,0,0,0,0,0,0,0,0,0,0,0,0
1979:Q2,0,0,0,0,0,0,0,0,0,0,0,0,0,0,0,0,0,0,0,0,0,0,0
1979:Q3,0,0,0,0,0,0,0,0,0,0,0,0,0,0,0,0,0,0,0,0,0,0,0
1979:Q4,0,0,0,0,0,0,0,0,0,0,0,0,0,0,0,0,0,0,0,0,0,0,0
1980:Q1,0,0,0,0,0,0,0,0,0,0,0,0,0,0,0,0,0,0,0,0,0,0,0
1980:Q2,0,0,0,0,0,0,0,0,0,0,0,0,0,0,0,0,0,0,0,0,0,0,0
1980:Q3,0,0,0,0,0,0,0,0,0,0,0,0,0,0,0,0,0,0,0,0,0,0,0
1980:Q4,0,0,0,0,0,0,0,0,0,0,0,0,0,0,0,0,0,0,0,0,0,0,0
1981:Q1,0,0,0,0,0,0,0,0,0,0,0,0,0,0,0,0,0,0,0,0,0,0,0
1981:Q2,0,0,0,0,0,0,0,0,0,0,0,0,0,0,0,0,0,0,0,0,0,0,0
1981:Q3,0,0,0,0,0,0,0,0,0,0,0,0,0,0,0,0,0,0,0,0,0,0,0
1981:Q4,0,0,0,0,0,0,0,0,0,0,0,0,0,0,0,0,0,0,0,0,0,0,0
1982:Q1,0,0,0,0,0,0,0,0,0,0,0,0,0,0,0,0,0,0,0,0,0,0,0
1982:Q2,0,0,0,0,0,0,0,0,0,0,0,0,0,0,0,0,0,0,0,0,0,0,0
1982:Q3,0,0,0,0,0,0,0,0,0,0,0,0,0,0,0,0,0,0,0,0,0,0,0
1982:Q4,0,0,0,0,0,0,0,0,0,0,0,0,0,0,0,0,0,0,0,0,0,0,0
1983:Q1,0,0,0,0,0,0,0,0,0,0,0,0,0,0,0,0,0,0,0,0,0,0,0
1983:Q2,0,0,0,0,0,0,0,0,0,0,0,0,0,0,0,0,0,0,0,0,0,0,0
1983:Q3,0,0,0,0,0,0,0,0,0,0,0,0,0,0,0,0,0,0,0,0,0,0,0
1983:Q4,0,0,0,0,0,0,0,0,0,0,0,0,0,0,0,0,0,0,0,0,0,0,0
1984:Q1,0,0,0,0,0,0,0,0,0,0,0,0,0,0,0,0,0,0,0,0,0,0,0
1984:Q2,0,0,0,0,0,0,0,0,0,0,0,0,0,0,0,0,0,0,0,0,0,0,0
1984:Q3,0,0,0,0,0,0,0,0,0,0,0,0,0,0,0,0,0,0,0,0,0,0,0
1984:Q4,0,0,0,0,0,0,0,0,0,0,0,0,0,0,0,0,0,0,0,0,0,0,0
1985:Q1,0,0,0,0,0,0,0,0,0,0,0,0,0,0,0,0,0,0,0,0,0,0,0
1985:Q2,0,0,0,0,0,0,0,0,0,0,0,0,0,0,0,0,0,0,0,0,0,0,0
1985:Q3,0,0,0,0,0,0,0,0,0,0,0,0,0,0,0,0,0,0,0,0,0,0,0
1985:Q4,0,0,0,0,0,0,0,0,0,0,0,0,0,0,0,0,0,0,0,0,0,0,0
1986:Q1,0,0,0,0,0,0,0,0,0,0,0,0,0,0,0,0,0,0,0,0,0,0,0
1986:Q2,0,0,0,0,0,0,0,0,0,0,0,0,0,0,0,0,0,0,0,0,0,0,0
1986:Q3,0,0,0,0,0,0,0,0,0,0,0,0,0,0,0,0,0,0,0,0,0,0,0
1986:Q4,0,0,0,0,0,0,0,0,0,0,0,0,0,0,0,0,0,0,0,0,0,0,0
1987:Q1,0,0,0,0,0,0,0,0,0,0,0,0,0,0,0,0,0,0,0,0,0,0,0
1987:Q2,0,0,0,0,0,0,0,0,0,0,0,0,0,0,0,0,0,0,0,0,0,0,0
1987:Q3,0,0,0,0,0,0,0,0,0,0,0,0,0,0,0,0,0,0,0,0,0,0,0
1987:Q4,0,0,0,0,0,0,0,0,0,0,0,0,0,0,0,0,0,0,0,0,0,0,0
1988:Q1,405,-156,0,1315,807,111,91,4,302,87,0,87,-66,0,0,0,0,-775,792,229,952,0,-389
1988:Q2,504,6,0,826,487,74,61,3,201,99,0,99,-691,0,0,0,0,264,3559,1105,2253,0,201
1988:Q3,621,-65,0,1132,915,47,39,2,129,106,0,106,278,0,0,0,0,-830,1323,889,2271,0,-1837
1988:Q4,4748,83,0,1,-388,85,70,4,230,166,0,166,-58,0,0,0,0,4556,5044,821,3597,0,626
1989:Q1,6891,-138,0,1433,497,204,168,8,556,-111,42,-153,2627,0,0,0,0,3080,7462,656,5362,0,1444
1989:Q2,6072,-8,0,160,-1203,297,245,12,809,-100,43,-143,2392,0,0,0,0,3628,7302,642,6214,0,446
1989:Q3,5239,-34,0,464,-426,194,160,8,528,-104,43,-147,3176,0,0,0,0,1737,5931,522,4519,0,890
1989:Q4,7495,-11,0,1257,226,225,185,9,612,-83,46,-129,3005,0,0,0,0,3327,9345,822,7946,0,577
1990:Q1,6932,1,115,1642,-223,406,335,16,1108,23,19,4,1952,692,0,0,0,2507,7447,655,4940,0,1852
1990:Q2,701,10,101,3057,1248,394,325,16,1074,-7,14,-21,1842,1211,0,0,0,-5513,2257,198,2790,0,-731
1990:Q3,11585,9,714,2651,720,421,347,17,1146,-71,0,-71,1787,453,0,0,0,6042,11583,1019,8906,0,1658
1990:Q4,83,11,114,1033,-620,360,297,14,982,-52,11,-63,1259,595,0,0,0,-2877,964,84,741,0,139
1991:Q1,6525,-19,1182,5262,1467,827,682,33,2253,207,24,183,-8758,893,0,0,0,7758,-10358,-911,-9946,0,499
1991:Q2,10886,-25,96,4954,562,957,789,39,2607,221,15,206,2410,1050,0,0,0,2180,14417,1268,10373,0,2776
1991:Q3,8896,-15,-375,4441,765,801,661,32,2182,165,19,146,529,1755,0,0,0,2396,9514,837,7833,0,844
1991:Q4,2442,-32,-364,1124,-2573,806,664,32,2195,12,12,0,2382,2378,0,0,0,-3058,19831,1744,16282,0,1805
1992:Q1,10268,9,302,3384,958,529,436,21,1440,-30,8,-38,1567,3160,0,0,0,1876,6307,554,3450,0,2303
1992:Q2,9025,4,-290,3057,466,564,465,23,1539,-73,11,-84,1792,3283,0,0,0,1252,6773,596,4989,0,1188
1992:Q3,6589,-4,-119,2711,-127,619,510,25,1684,-90,13,-103,431,2886,0,0,0,774,4366,384,11531,0,-7549
1992:Q4,3183,-6,-343,2073,-709,606,500,24,1652,-112,19,-131,1830,3322,0,0,0,-3581,13606,1196,31216,0,-18806
1993:Q1,14004,72,-478,4170,1142,660,544,26,1798,53,5,48,2330,5317,0,0,0,2540,11900,1047,17052,0,-6199
1993:Q2,17051,75,-51,3897,1181,592,488,24,1612,51,5,46,2530,6379,0,0,0,4170,13852,1219,13362,0,-729
1993:Q3,13363,78,234,2794,-270,667,551,27,1819,14,10,4,3362,9310,0,0,0,-2429,19696,1732,26420,0,-8456
1993:Q4,13276,80,76,2113,-23,466,384,18,1268,-65,10,-75,2948,7997,0,0,0,127,17013,1496,17569,0,-2052
1994:Q1,17752,15,1366,1628,920,154,126,7,421,270,108,162,3405,6916,0,0,0,4152,12489,1098,-528,0,11919
1994:Q2,6250,14,667,-282,146,-93,-76,-4,-255,285,118,167,2841,6194,0,0,0,-3469,10850,954,4286,0,5610
1994:Q3,5449,14,196,1481,1126,77,64,3,211,280,118,162,2268,3743,0,0,0,-2533,7220,635,18881,0,-12296
1994:Q4,10366,14,437,244,199,10,7,1,27,305,124,181,2155,3380,0,0,0,3831,6672,587,-5777,0,11862
1995:Q1,15775,-10,-368,6484,545,1294,1067,52,3526,333,264,69,-64,3182,0,0,0,6218,8374,736,27842,0,-20204
1995:Q2,5165,-11,847,5291,-603,1284,1060,51,3499,330,272,58,-3247,8192,0,0,0,-6237,15433,1351,15487,0,-1405
1995:Q3,9286,-11,226,4557,69,978,806,39,2665,389,294,95,-2151,5897,0,0,0,379,11728,1029,12356,0,-1657
1995:Q4,17052,-12,302,1957,-3440,1177,970,48,3202,317,361,-44,-3323,8367,0,0,0,9444,15833,1390,15201,0,-758
1996:Q1,13509,68,668,3048,3273,-50,-40,-2,-133,20,97,-77,3059,10069,0,0,0,-3423,15752,1384,14841,0,-473
1996:Q2,11848,75,585,169,1451,-279,-231,-11,-761,-21,77,-98,1814,11276,0,0,0,-2050,15526,1363,14022,0,141
1996:Q3,18946,69,623,1734,104,355,293,14,968,-69,117,-186,1763,9661,0,0,0,5165,13623,1196,11280,0,1147
1996:Q4,15938,6,665,193,-1393,458,283,11,834,-79,17,-96,1739,9097,0,0,0,4317,12609,1105,15004,0,-3500
1997:Q1,34943,-172,1285,3695,1411,467,457,17,1343,236,65,171,2603,10349,0,0,0,16947,7394,650,10518,0,-3774
1997:Q2,-615,96,-191,3303,-169,747,670,28,2027,258,61,197,1092,9900,0,0,0,-15073,4585,388,10253,0,-6056
1997:Q3,10381,-79,-545,2781,813,332,382,13,1241,176,40,136,1030,12314,0,0,0,-5296,6059,524,11084,0,-5549
1997:Q4,36495,797,260,402,-819,499,370,-14,366,209,4,205,1233,10237,0,0,0,23357,29207,505,2925,0,25777
1998:Q1,25288,175,393,6052,2091,-259,1417,42,2761,875,296,579,2852,11943,0,0,0,2998,24270,3764,28458,0,-7952
1998:Q2,23522,69,1831,4734,823,-343,1456,43,2755,343,116,227,979,14653,0,0,0,913,23340,4353,28196,0,-9209
1998:Q3,15959,-112,3951,2777,-1338,-374,1544,45,2900,-559,-189,-370,2238,8529,0,0,0,-865,16384,2919,8509,0,4956
1998:Q4,26566,-558,-509,7460,4068,-573,1451,39,2475,-623,-555,-68,750,7257,0,0,0,12789,26125,2306,22383,0,1436
1999:Q1,13697,3,2372,1678,-110,-823,1151,60,1400,270,79,191,7907,8513,0,0,0,-7046,13299,3441,359,0,9499
1999:Q2,13653,67,709,1978,1482,-1043,884,49,606,-219,144,-363,6063,10264,0,0,0,-5209,13663,3678,13214,0,-3229
1999:Q3,19544,-24,4676,-463,-523,-1113,786,45,342,-159,-51,-108,5689,6264,0,0,0,3561,19886,2700,-2294,0,19480
1999:Q4,3082,64,985,3509,-333,-610,1651,85,2716,-883,-1032,149,6423,14018,0,0,0,-21034,2784,4588,31141,0,-32945
2000:Q1,17799,1,-2011,4583,1551,-55,1212,-108,1983,151,1,150,-987,21064,0,69,21,-5092,16761,4564,31752,21,-19576
2000:Q2,19920,12,-773,859,-1009,-66,1189,-112,857,205,0,205,-587,15138,0,68,20,4978,22691,3325,13285,20,6061
2000:Q3,22332,-1,138,337,-1401,-125,1139,-119,843,-99,-300,201,-600,11688,0,69,20,10780,17976,2591,14600,20,765
2000:Q4,17680,-77,2307,2505,445,-51,1299,-125,937,477,166,311,564,9530,0,69,17,2288,14872,2245,4881,17,7729
2001:Q1,11128,-843,6776,372,-2138,-913,1624,0,1799,181,-3,184,-1545,1140,0,50,-2,4999,7678,2057,1743,-2,3880
2001:Q2,7543,760,-2549,1185,-1024,-922,1609,0,1522,99,0,99,-308,12251,0,50,7,-3952,12193,16311,3316,7,-7441
2001:Q3,17075,4055,7975,1975,20,-944,1598,3,1298,209,1,208,1413,-3193,0,49,-3,4595,10890,-3465,2254,-3,12104
2001:Q4,183,5789,-1267,3336,99,-587,1783,-2,2043,101,-123,224,-567,10395,0,50,7,-17661,10127,13938,-3352,7,-466
2002:Q1,-3515,-28,115,4663,-167,1225,2777,-67,895,204,116,88,2594,10661,0,80,27,-21831,-3286,8184,6072,27,-17569
2002:Q2,14175,9,1759,2037,-2005,943,2293,-66,872,108,1,107,4483,2376,0,81,20,3302,14277,6634,-1564,20,9187
2002:Q3,4077,13,3372,10289,5082,1235,2854,-65,1183,110,1,109,-2822,-11828,0,81,16,4846,4036,-8667,-1563,16,14250
2002:Q4,1580,-81,-1952,5562,-1737,1828,3938,-59,1592,-147,-310,163,5246,4536,0,80,30,-11694,1113,10494,59,30,-9470
2003:Q1,9442,76,-436,-1371,-1309,-389,-882,81,1128,-8,-55,47,-76,1255,0,-44,-22,10068,9442,654,-16960,-22,25770
2003:Q2,17065,1003,-4428,-798,-1024,-393,-791,85,1325,-6,-51,45,53,12953,0,-43,-10,8341,16801,7519,-1181,-10,10473
2003:Q3,1802,1011,-1706,-518,-1011,-360,-716,86,1483,-20,-50,30,671,14355,0,-44,-18,-11929,1559,8421,2326,-18,-9170
2003:Q4,15059,1949,-5256,-480,-947,-385,-720,87,1485,-56,-87,31,339,18347,0,-43,-13,272,14203,10697,-1186,-13,4705
2004:Q1,25864,370,-506,-63,-1060,1170,-1925,-18,1770,261,1,260,1893,14587,0,31,31,9260,26485,2149,5649,31,18656
2004:Q2,10973,1013,1499,274,-1011,1180,-1864,-17,1986,253,0,253,1475,9400,0,31,29,-3001,11071,1398,7726,29,1918
2004:Q3,10901,1014,691,-739,-2022,1181,-1860,-16,1978,254,0,254,2013,5903,0,31,28,1706,10173,986,13029,28,-3870
2004:Q4,12144,1352,-3848,1343,-302,1182,-1809,-9,2281,264,6,258,270,14394,0,31,39,-1701,11792,2050,10009,39,-306
2005:Q1,19729,675,1611,3030,1343,-994,1361,0,1320,311,1,310,3430,7697,20,-159,60,3054,20047,-6164,10446,60,15705
2005:Q2,6434,-2034,-1347,1662,-26,-444,809,-4,1327,298,-1,299,5879,10947,20,-159,66,-8898,6994,-10740,35828,66,-18160
2005:Q3,13540,-12,1766,1641,-28,-430,818,-4,1285,297,0,297,-1348,4543,20,-159,70,6722,14047,-2401,9394,70,6984
2005:Q4,13447,-97,-2317,2468,-26,915,172,17,1390,273,-50,323,761,5610,21,-159,66,6821,14260,-4247,13331,66,5110
2006:Q1,28106,722,487,1510,563,298,464,36,149,50,6,44,51,10992,-17,937,0,13374,27608,8190,27515,426,-8523
2006:Q2,19015,718,5696,10653,555,1326,7017,185,1570,391,-5,396,347,7825,-22,937,-9,-7521,19061,6649,24814,417,-12819
2006:Q3,21309,710,1187,5093,554,539,537,-22,3485,203,0,203,17,7145,-19,937,-2,6038,20919,6230,24407,424,-10142
2006:Q4,30493,596,-1087,4367,548,-224,1693,14,2336,208,8,200,-4846,16859,-19,937,2,13476,31756,10728,29292,428,-8692
2007:Q1,30811,338,2666,5697,2027,-845,972,57,3486,23,1,22,4003,6007,0,199,-60,11938,30290,2518,13603,374,13795
2007:Q2,26215,362,1661,3995,2011,-1096,535,51,2494,-69,-22,-47,-2950,14833,1,199,-56,8239,26121,3487,19510,378,2746
2007:Q3,15366,2257,2892,5168,2036,-824,850,48,3058,5,0,5,411,7864,0,200,-58,-3373,15973,2402,13608,376,-413
2007:Q4,36718,-4215,1006,3148,2043,-1095,293,35,1872,119,-7,126,-4172,19059,0,200,-66,21639,38279,4049,23077,368,10785
2008:Q1,-8728,-154,6530,3065,-927,293,5279,675,-2255,-18,10,-28,5806,-3273,0,449,-6,-21127,-6935,1696,5840,246,-14717
2008:Q2,8196,1297,-1025,4256,-895,2065,3891,732,-1537,41,12,29,-10447,10949,1,449,3,2672,9301,-2008,-9114,255,20168
2008:Q3,2733,500,5523,4444,-886,-1688,7966,663,-1611,-7,12,-19,11754,-7680,0,450,-10,-12241,4413,3786,14710,242,-14325
2008:Q4,12283,1037,8009,-524,-873,-6310,7556,700,-1597,4364,13,4351,6464,-1447,0,448,-21,-6047,10644,3598,13646,231,-6831
2009:Q1,-12869,-707,-606,-4667,-2650,20,1045,-278,-2804,-1095,-7,-1088,-2008,329,0,-187,193,-4121,-14938,-1197,-7018,17,-6740
2009:Q2,10570,-674,-5493,-797,-74,700,568,88,-2079,-1096,-5,-1091,-996,18520,0,-186,223,1069,8412,-5251,16680,47,-3064
2009:Q3,15975,-680,-5151,-3014,-975,166,496,-99,-2602,-1109,-7,-1102,-1140,11691,1,-187,237,15327,14045,-3541,9363,61,8162
2009:Q4,-12779,-2744,-4619,-794,-357,823,615,82,-1957,-1102,-5,-1097,-323,13970,0,-187,213,-17193,-14706,-4134,11333,37,-21942
2010:Q1,23216,738,-3422,9188,755,2015,2186,147,4085,-2,-6,4,11327,5676,0,-176,-1,-112,22172,-3453,15771,-101,9955
2010:Q2,25606,763,-58,7908,781,1496,2515,-229,3345,-7,-7,0,11056,7760,-1,-177,-53,-1585,25132,-4756,14623,-153,15418
2010:Q3,8782,773,-2112,9021,792,2064,2274,2,3889,-19,-7,-12,8919,4508,1,-176,17,-12150,7859,-3419,12931,-83,-1570
2010:Q4,9445,809,-1877,7837,830,1501,2639,-331,3198,-17,-6,-11,9652,10633,0,-177,10,-17425,8270,-5288,17645,-90,-3997
2011:Q1,5453,-242,-275,-1842,442,1445,-1123,-37,-2569,-211,-12,-199,5467,-673,823,-952,-140,3498,4766,1582,4502,-143,-1175
2011:Q2,5414,-235,405,-1926,458,1352,-1047,-52,-2637,-202,-10,-192,4361,482,824,-952,-158,2815,5203,1385,3076,-161,903
2011:Q3,14878,-514,2455,-2252,489,1220,-1062,-68,-2831,-188,-10,-178,329,-2923,661,-952,-186,18448,14754,-816,-11987,-189,27746
2011:Q4,2700,63,-2345,-2461,-7,1253,-1174,-51,-2482,-201,-11,-190,12462,6580,940,-952,-152,-11234,2020,4661,25978,-155,-28464
2012:Q1,5699,-2,-1755,7416,-506,1193,-2565,135,9159,-2,0,-2,-1367,961,-342,-325,-107,1222,4781,-5014,31539,-679,-21065
2012:Q2,2752,11,-666,7981,-492,313,-2274,136,10298,7,1,6,717,2827,-668,-325,-108,-7024,2345,-1885,7354,-680,-2444
2012:Q3,11602,-4,-1540,8361,-508,1053,-2564,107,10273,-2,0,-2,-638,-2531,-496,-325,-107,8884,10628,-2063,5365,-679,8005
2012:Q4,25137,1335,-501,10461,-503,1122,-2224,133,11933,-1292,-142,-1150,-172,205,-577,-325,-108,16111,25438,-2122,5144,-680,23096
2013:Q1,528,-1163,-3658,5877,462,635,1322,340,3118,459,0,459,-329,-4816,27,-14,2,4143,1372,-826,5331,-21,-3112
2013:Q2,5174,-1170,1438,5502,449,653,1265,334,2801,471,0,471,-3010,-5496,-35,-15,2,7487,5917,-1752,919,-21,6771
2013:Q3,-11541,-1103,-274,5402,451,535,1154,358,2904,494,0,494,-5595,-8119,14,-14,2,-2348,-10683,-2801,-1083,-21,-6778
2013:Q4,-7809,-1035,-1708,6023,460,133,929,450,4051,517,0,517,-1391,-1952,20,-15,2,-8270,-7478,-66,5636,-21,-13027
2014:Q1,-12742,51,-768,767,375,429,-415,127,251,346,0,346,-9491,-12592,-290,27,-1,9209,-13541,-203,-7505,-287,-5546
2014:Q2,1395,37,-820,3007,364,302,512,105,1724,347,0,347,-11404,-6692,-282,26,-2,17178,695,-731,-7155,-288,8869
2014:Q3,-11910,47,806,1570,383,536,51,135,465,366,1,365,-1526,-11101,-315,27,-1,-1783,-12472,-348,-8274,-287,-3563
2014:Q4,-2126,40,-1354,2165,381,1558,-1684,206,1704,372,-1,373,-7102,-4086,-303,26,-2,8118,-2884,-664,-4663,-288,2731
2015:Q1,71350,-573,-1591,29670,-818,1504,960,1150,26874,13131,4876,8255,-6657,-9646,-2,1,18,46999,72847,36144,15190,18,21495
2015:Q2,-10371,-543,70,6965,-776,387,1853,78,5423,223,16,207,-4557,-7229,-1,0,18,-5317,-7339,2320,-1415,18,-8262
2015:Q3,-11008,-515,5507,7609,-733,1061,-451,276,7456,301,30,271,25374,-13015,-2,1,17,-36285,-7147,3945,-6561,17,-4548
2015:Q4,-15339,-476,-2044,6963,-497,128,3133,-1020,5219,1805,-191,1996,11623,-596,-2,0,19,-32631,-6368,-8,11137,19,-17516
2016:Q1,-18004,913,280,5246,-670,2592,1134,904,1286,190,-40,230,-8916,-14205,0,-32,-15,-1465,-15344,-485,-12983,-15,-1861
2016:Q2,-16955,994,-3221,4530,-626,2179,947,740,1290,226,-34,260,-6639,-11691,0,-31,-15,-1108,-18065,-942,-15381,-15,-1727
2016:Q3,-7200,1060,498,4397,-607,2527,725,645,1107,223,-35,258,-6915,-10994,1,-33,-15,4578,-6415,541,-6023,-15,-918
2016:Q4,4020,1138,-133,1021,-581,630,627,139,206,238,-33,271,-6097,-8359,0,-31,-16,16259,2964,2115,-607,-16,1472
2017:Q1,-18643,2235,-773,1797,-1327,-39,-134,-343,3640,414,-22,436,-1854,-21746,0,-3,1,1286,-15818,-5137,-6307,1,-4375
2017:Q2,-18563,2506,-578,277,-1233,-47,-93,-209,1859,406,-24,430,-2847,-16111,0,-2,1,-2215,-10043,-4228,-1190,1,-4626
2017:Q3,-13632,2820,-346,1854,-1140,-98,-207,-377,3676,412,-24,436,-3028,-17433,0,-4,2,2091,-27965,-6654,-16795,2,-4518
2017:Q4,-10352,3174,-508,842,-1052,-20,-129,-261,2304,419,-24,443,-3038,-20609,0,-3,1,9370,-17256,-5252,-8217,1,-3788
2018:Q1,-26190,1240,372,8406,-546,399,2018,155,6380,1878,21,1857,-14380,-25900,0,728,1,1465,-26070,1241,-22938,276,-4649
2018:Q2,-38349,364,-944,-5374,-890,-1844,-2058,-272,-310,923,-121,1044,-13564,-18633,0,729,2,-1852,-33520,64,-30269,277,-3592
2018:Q3,-38850,686,433,-5184,-742,-803,-1185,-63,-2391,1260,-66,1326,-14869,-21337,0,728,2,-569,-39552,-772,-36088,277,-2969
2018:Q4,-23990,1085,5706,-643,-602,-1818,-1558,-82,3417,1706,-4,1710,-11210,-22260,0,729,-1,898,-24190,1204,-20810,274,-4858
2019:Q1,-26136,-385,-3152,9242,-134,504,2758,633,5481,1084,-1037,2121,-6341,-19427,0,-16,2,-7143,-25152,-4452,-12288,-23,-8389
2019:Q2,-15264,-386,523,12022,-136,198,2807,742,8411,1208,-1120,2328,957,-22366,0,-17,0,-7205,-15066,-3090,-4677,-25,-7274
2019:Q3,-10610,-492,-176,17299,-169,519,3599,841,12509,1219,-1218,2437,1581,-22998,0,-16,-1,-7026,-10646,-2475,-1084,-26,-7061
2019:Q4,-27359,-3048,-365,-14563,-957,-2202,-3693,17,-7728,-2109,-1322,-787,-300,-21510,0,-16,1,14551,-28951,-4973,-15661,-24,-8293
2020:Q1,-30644,1624,9242,9522,854,-4642,-5632,276,18666,-10,0,-10,-8735,-39786,-1,-484,-3,-2013,-26266,-3982,-23753,-143,1612
2020:Q2,-17615,2856,-2014,-3924,1267,1947,2850,336,-10324,1463,0,1463,-2282,-13031,0,-485,3,-201,-16798,-2323,-10828,-137,-3510
2020:Q3,-11782,2545,-1023,14745,1190,1218,1426,321,10590,922,0,922,-1628,-24493,-1,-484,1,-2366,-11732,-1889,-8935,-139,-769
2020:Q4,19137,3344,-1254,19325,1489,2710,2524,469,12133,1678,0,1678,-2271,-23453,0,-484,2,22250,19777,2469,19057,-138,-1611
2021:Q1,-31456,-2610,-977,4716,488,1025,-6551,-352,10106,178,0,178,-21057,-29456,0,-40,16,17774,-32244,-6763,-28175,1,2693
2021:Q2,-80766,-878,-1468,-5206,1163,-95,-5056,-9,-1209,2228,0,2228,-31510,-49872,0,-40,19,5961,-81710,-13264,-68133,4,-317
2021:Q3,-3156,-243,-584,19647,1550,2046,-2773,554,18270,3282,0,3282,-19967,-31255,0,-41,15,25990,-4003,-3118,-5775,0,4890
2021:Q4,-11062,134,-355,26932,1915,2671,-1344,555,23135,4203,0,4203,-19386,-27656,0,-40,19,5087,-11710,-4020,-11865,4,4171
2022:Q1,-9305,2198,3796,14534,-2310,1038,3505,1240,11061,3467,0,3467,-2734,-31274,0,4,-20,724,-9800,10383,-3060,5,-17128
2022:Q2,-20187,1339,2831,10331,-2575,-1189,-176,570,13701,2169,0,2169,1684,-22896,0,4,-24,-15625,-23058,6152,-20549,1,-8662
2022:Q3,4505,2445,638,14946,-2102,752,3119,1025,12152,3835,0,3835,-149,-18977,0,5,-16,1778,3226,9683,3829,9,-10295
2022:Q4,-22855,1056,609,9130,-2413,-3600,-2628,-506,18277,1728,0,1728,-3572,-14999,0,5,-11,-16801,-18004,9042,-1942,14,-25118
2023:Q1,-11295,1054,-799,8532,342,-1550,-63,209,9594,3852,0,3852,-21592,-31599,0,-76,2,29331,-11616,-4518,-11398,-31,4331
2023:Q2,8442,509,501,20877,235,-198,1002,426,19412,3232,0,3232,-14910,-24051,0,-76,1,22359,8656,-2140,3034,-32,7794
2023:Q3,-22202,-1475,575,8177,-202,-1450,-2537,305,12061,109,0,109,-12639,-28034,0,-76,-1,11162,-24835,-8586,-34525,-34,18310
2023:Q4,-11463,778,1153,327,314,-3222,-1850,-580,5665,4054,0,4054,-15110,-23821,0,-77,3,21230,-15817,-5624,-16378,-30,6215
2024:Q1,-14357,1333,-1252,22135,305,1827,2847,630,16526,2338,0,2338,-11934,-33309,0,-2,1,6333,-14079,-712,-3120,-14,-10233
