date,FU886300095.Q,FU886300065.Q,FU886300025.Q,FU886330075.Q,FU886330035.Q,FU886330045.Q,FU836330053.Q,FU366300095.Q,FU886300095.Q,FU156300003.Q,FU106300011.Q,FU116300001.Q,FU316300001.Q,FU216300001.Q,FU796330005.Q,FU716330005.Q,FU706330005.Q,FU766330005.Q,FU756330005.Q,FU746330005.Q,FU476330005.Q,FU516330005.Q,FU546330005.Q,FU576330005.Q,FU226330005.Q,FU406330005.Q,FU676330023.Q,FU616330005.Q,FU666330005.Q,FU736330005.Q,FU156300103.Q
1945:Q4,ND,ND,ND,ND,ND,ND,ND,ND,ND,ND,ND,ND,ND,ND,ND,ND,ND,ND,ND,ND,ND,ND,ND,ND,ND,ND,ND,ND,ND,ND,ND
1946:Q1,ND,ND,ND,ND,ND,ND,ND,ND,ND,ND,ND,ND,ND,ND,ND,ND,ND,ND,ND,ND,ND,ND,ND,ND,ND,ND,ND,ND,ND,ND,ND
1946:Q2,ND,ND,ND,ND,ND,ND,ND,ND,ND,ND,ND,ND,ND,ND,ND,ND,ND,ND,ND,ND,ND,ND,ND,ND,ND,ND,ND,ND,ND,ND,ND
1946:Q3,ND,ND,ND,ND,ND,ND,ND,ND,ND,ND,ND,ND,ND,ND,ND,ND,ND,ND,ND,ND,ND,ND,ND,ND,ND,ND,ND,ND,ND,ND,ND
1946:Q4,25770,8983,14652,2055,0,1422,633,80,25770,2300,7759,3897,9952,1571,294,4,93,92,0,0,1,16,13,0,0,2,0,22,23,121,10727
1947:Q1,ND,ND,ND,ND,ND,ND,ND,ND,ND,ND,ND,ND,ND,ND,ND,ND,ND,ND,ND,ND,ND,ND,ND,ND,ND,ND,ND,ND,ND,ND,ND
1947:Q2,ND,ND,ND,ND,ND,ND,ND,ND,ND,ND,ND,ND,ND,ND,ND,ND,ND,ND,ND,ND,ND,ND,ND,ND,ND,ND,ND,ND,ND,ND,ND
1947:Q3,ND,ND,ND,ND,ND,ND,ND,ND,ND,ND,ND,ND,ND,ND,ND,ND,ND,ND,ND,ND,ND,ND,ND,ND,ND,ND,ND,ND,ND,ND,ND
1947:Q4,29122,11059,15642,2438,0,1698,740,-17,29122,2970,9485,4905,9512,1875,367,5,101,99,1,0,1,22,19,1,0,1,0,29,29,160,12663
1948:Q1,ND,ND,ND,ND,ND,ND,ND,ND,ND,ND,ND,ND,ND,ND,ND,ND,ND,ND,ND,ND,ND,ND,ND,ND,ND,ND,ND,ND,ND,ND,ND
1948:Q2,ND,ND,ND,ND,ND,ND,ND,ND,ND,ND,ND,ND,ND,ND,ND,ND,ND,ND,ND,ND,ND,ND,ND,ND,ND,ND,ND,ND,ND,ND,ND
1948:Q3,ND,ND,ND,ND,ND,ND,ND,ND,ND,ND,ND,ND,ND,ND,ND,ND,ND,ND,ND,ND,ND,ND,ND,ND,ND,ND,ND,ND,ND,ND,ND
1948:Q4,31325,12491,16146,2703,0,1914,789,-15,31325,3424,11130,5834,8368,2137,431,6,123,118,3,0,2,28,24,1,0,1,0,30,34,183,15359
1949:Q1,ND,ND,ND,ND,ND,ND,ND,ND,ND,ND,ND,ND,ND,ND,ND,ND,ND,ND,ND,ND,ND,ND,ND,ND,ND,ND,ND,ND,ND,ND,ND
1949:Q2,ND,ND,ND,ND,ND,ND,ND,ND,ND,ND,ND,ND,ND,ND,ND,ND,ND,ND,ND,ND,ND,ND,ND,ND,ND,ND,ND,ND,ND,ND,ND
1949:Q3,ND,ND,ND,ND,ND,ND,ND,ND,ND,ND,ND,ND,ND,ND,ND,ND,ND,ND,ND,ND,ND,ND,ND,ND,ND,ND,ND,ND,ND,ND,ND
1949:Q4,32283,12799,16588,2888,0,2060,828,8,32283,3657,12019,6439,7518,2176,471,6,140,133,3,0,3,32,27,1,0,1,0,31,39,194,16640
1950:Q1,ND,ND,ND,ND,ND,ND,ND,ND,ND,ND,ND,ND,ND,ND,ND,ND,ND,ND,ND,ND,ND,ND,ND,ND,ND,ND,ND,ND,ND,ND,ND
1950:Q2,ND,ND,ND,ND,ND,ND,ND,ND,ND,ND,ND,ND,ND,ND,ND,ND,ND,ND,ND,ND,ND,ND,ND,ND,ND,ND,ND,ND,ND,ND,ND
1950:Q3,ND,ND,ND,ND,ND,ND,ND,ND,ND,ND,ND,ND,ND,ND,ND,ND,ND,ND,ND,ND,ND,ND,ND,ND,ND,ND,ND,ND,ND,ND,ND
1950:Q4,33393,13225,17080,3110,0,2247,863,-22,33393,3975,12861,6982,6879,2181,508,6,150,142,4,0,3,38,32,1,0,2,0,32,43,205,18827
1951:Q1,ND,ND,ND,ND,ND,ND,ND,ND,ND,ND,ND,ND,ND,ND,ND,ND,ND,ND,ND,ND,ND,ND,ND,ND,ND,ND,ND,ND,ND,ND,ND
1951:Q2,ND,ND,ND,ND,ND,ND,ND,ND,ND,ND,ND,ND,ND,ND,ND,ND,ND,ND,ND,ND,ND,ND,ND,ND,ND,ND,ND,ND,ND,ND,ND
1951:Q3,ND,ND,ND,ND,ND,ND,ND,ND,ND,ND,ND,ND,ND,ND,ND,ND,ND,ND,ND,ND,ND,ND,ND,ND,ND,ND,ND,ND,ND,ND,ND
1951:Q4,37725,15240,19072,3513,0,2600,913,-100,37725,4567,14653,7943,7358,2621,578,7,163,154,4,0,5,45,36,1,0,2,0,41,47,236,22720
1952:Q1,9882,3968,5009,928,0,693,235,-22,9882,1209,3818,2064,1963,675,153,2,46,44,1,0,1,11,9,0,0,0,0,14,12,60,5679
1952:Q2,10043,4019,5104,942,0,704,238,-21,10043,1229,3864,2081,2021,693,155,2,47,44,1,0,1,11,9,0,0,0,0,14,12,61,5830
1952:Q3,10251,4090,5219,963,0,722,241,-21,10251,1250,3923,2099,2105,718,158,2,47,45,1,0,1,12,9,0,0,0,0,14,12,62,5872
1952:Q4,10428,4142,5324,983,0,738,245,-21,10428,1270,3993,2118,2177,710,160,2,48,46,1,0,1,12,9,0,0,0,0,14,12,63,6023
1953:Q1,10624,4180,5437,1035,0,784,251,-28,10624,1290,4077,2138,2232,725,163,2,50,47,1,0,2,12,9,0,0,0,0,16,12,62,5891
1953:Q2,10816,4237,5550,1057,0,803,255,-28,10816,1310,4155,2156,2310,721,165,2,51,48,1,0,2,12,9,0,0,0,0,16,12,63,6051
1953:Q3,10955,4282,5630,1070,0,812,259,-27,10955,1329,4226,2173,2330,729,168,2,52,49,1,0,2,12,10,0,0,0,0,17,12,64,6153
1953:Q4,11095,4303,5730,1089,0,828,262,-28,11095,1347,4291,2189,2377,719,171,2,53,50,1,0,2,12,10,0,0,0,0,17,13,66,6200
1954:Q1,11235,4265,5829,1141,0,870,271,2,11235,1364,4351,2204,2430,712,175,2,57,53,2,0,2,12,9,1,0,0,0,19,13,64,6518
1954:Q2,11423,4317,5940,1164,0,890,274,2,11423,1384,4409,2219,2490,743,179,2,58,54,2,0,2,13,10,1,0,0,0,19,13,65,6681
1954:Q3,11575,4353,6033,1188,0,910,277,1,11575,1408,4466,2234,2542,745,181,2,59,55,2,0,2,13,10,1,0,0,0,19,13,66,6631
1954:Q4,11748,4411,6118,1217,0,936,281,2,11748,1434,4522,2249,2600,761,182,2,59,55,2,0,2,13,10,1,0,0,0,19,13,66,6636
1955:Q1,11865,4446,6134,1276,0,983,293,9,11865,1464,4577,2264,2624,753,183,2,59,55,2,0,2,13,10,0,0,0,0,22,13,66,6900
1955:Q2,12045,4514,6218,1303,0,1005,298,10,12045,1496,4662,2289,2646,767,185,2,60,56,2,0,2,13,10,0,0,0,0,22,13,67,7010
1955:Q3,12329,4630,6347,1342,0,1038,305,10,12329,1532,4777,2323,2700,809,190,2,61,57,2,0,2,14,10,0,0,0,0,22,13,68,7132
1955:Q4,12651,4754,6499,1389,0,1077,313,10,12651,1570,4921,2366,2767,832,196,2,63,59,2,0,2,14,10,0,0,0,0,23,13,70,7298
1956:Q1,13036,4881,6684,1470,0,1152,318,1,13036,1611,5097,2418,2842,866,203,2,65,60,2,0,2,15,11,1,0,0,0,25,13,73,7816
1956:Q2,13376,5018,6839,1518,0,1192,327,1,13376,1648,5266,2464,2893,895,210,2,67,62,2,0,2,15,11,1,0,0,0,26,13,75,7927
1956:Q3,13705,5149,6987,1568,0,1233,335,1,13705,1681,5431,2505,2948,925,216,2,69,64,2,0,3,16,12,1,0,0,0,27,14,77,8021
1956:Q4,14008,5265,7124,1619,0,1276,343,1,14008,1710,5591,2540,3002,945,221,2,70,66,2,0,3,16,12,1,0,0,0,27,14,79,8205
1957:Q1,14328,5281,7323,1722,0,1365,357,2,14328,1734,5745,2570,3094,960,225,2,71,66,2,0,3,17,13,1,0,0,0,28,14,79,7876
1957:Q2,14605,5389,7443,1771,0,1407,364,2,14605,1757,5888,2600,3142,988,231,2,73,68,2,0,3,18,13,1,0,0,0,29,14,81,8028
1957:Q3,14872,5481,7561,1828,0,1457,371,3,14872,1777,6018,2632,3208,1000,238,2,75,70,2,0,3,19,14,1,0,0,0,30,14,84,8213
1957:Q4,15112,5560,7662,1888,0,1511,377,3,15112,1796,6137,2665,3268,1002,245,2,78,72,2,0,3,19,14,1,0,0,0,31,15,86,8276
1958:Q1,15273,5468,7820,1984,0,1588,397,1,15273,1813,6243,2700,3270,994,253,3,85,79,3,0,3,19,15,1,0,0,0,32,16,83,8686
1958:Q2,15500,5553,7907,2041,0,1639,402,-0,15500,1832,6342,2729,3318,1019,261,3,88,82,3,0,4,20,15,1,0,0,0,33,17,86,8879
1958:Q3,15736,5632,8006,2098,0,1690,407,1,15736,1855,6431,2754,3387,1044,265,3,89,83,3,0,4,20,15,1,0,0,0,34,17,87,8864
1958:Q4,15945,5695,8103,2146,0,1734,412,1,15945,1880,6513,2773,3449,1061,269,3,90,84,3,0,4,20,15,1,0,0,0,34,17,88,8886
1959:Q1,16117,5740,8123,2252,1,1827,425,2,16117,1908,6586,2772,3492,1072,287,3,106,100,3,0,4,21,16,1,0,0,0,37,16,88,8509
1959:Q2,16280,5784,8199,2297,1,1867,429,1,16280,1935,6653,2785,3543,1077,288,3,106,100,3,0,4,21,16,1,0,0,0,37,16,88,8706
1959:Q3,16447,5827,8277,2342,1,1909,433,1,16447,1961,6714,2796,3603,1086,288,3,106,100,3,0,4,21,16,1,0,0,0,37,16,88,8800
1959:Q4,16599,5867,8348,2384,1,1947,436,1,16599,1986,6769,2804,3658,1095,287,3,106,100,3,0,4,21,16,1,0,0,0,37,16,88,8865
1960:Q1,16746,5950,8284,2511,7,2043,461,2,16746,2011,6818,2809,3713,1109,286,3,100,95,2,0,3,23,17,1,0,0,0,39,14,90,9208
1960:Q2,16897,5992,8350,2554,7,2082,464,3,16897,2034,6870,2827,3768,1123,276,3,90,85,2,0,3,23,17,1,0,0,0,39,14,89,9291
1960:Q3,17051,6038,8415,2597,8,2122,467,2,17051,2055,6925,2841,3819,1139,271,3,85,79,2,0,3,23,17,1,0,0,0,40,14,90,9384
1960:Q4,17206,6088,8476,2642,9,2162,471,1,17206,2075,6984,2853,3867,1154,273,3,85,79,3,0,4,23,17,1,0,0,0,40,14,90,9450
1961:Q1,17374,6132,8475,2767,19,2254,493,1,17374,2094,7047,2862,3922,1171,279,3,90,84,3,0,4,24,18,1,0,2,0,37,14,92,9475
1961:Q2,17546,6188,8543,2815,20,2297,497,1,17546,2114,7113,2875,3973,1188,285,3,93,87,3,0,4,24,18,1,0,2,0,38,15,93,9486
1961:Q3,17741,6247,8628,2865,21,2342,502,1,17741,2134,7184,2892,4038,1205,289,3,95,89,3,0,4,24,19,1,0,2,0,38,15,94,9551
1961:Q4,17944,6312,8720,2912,22,2383,507,1,17944,2155,7259,2913,4101,1225,292,3,96,90,3,0,4,25,19,1,0,2,0,39,15,95,9626
1962:Q1,18176,6382,8761,3030,32,2472,525,3,18176,2176,7338,2938,4179,1250,295,3,99,92,3,0,4,25,19,1,0,1,0,36,15,97,9649
1962:Q2,18382,6452,8852,3075,33,2511,531,4,18382,2199,7421,2962,4230,1274,298,3,98,92,3,0,4,25,20,1,0,1,0,37,16,98,9727
1962:Q3,18638,6527,8970,3137,35,2566,536,4,18638,2223,7507,2984,4330,1294,300,3,98,92,3,0,4,26,20,1,0,1,0,37,16,100,9828
1962:Q4,18902,6610,9090,3199,36,2620,542,3,18902,2249,7597,3004,4431,1318,304,3,99,93,3,0,4,26,20,1,0,1,0,38,16,101,9949
1963:Q1,19130,6639,9185,3307,54,2699,554,0,19130,2276,7690,3022,4495,1339,309,3,105,99,2,0,3,26,20,0,0,1,0,35,17,104,10060
1963:Q2,19381,6723,9298,3361,55,2746,561,-1,19381,2305,7789,3043,4567,1364,313,3,106,100,2,0,3,26,20,0,0,1,0,35,17,106,10170
1963:Q3,19626,6808,9397,3421,57,2797,568,0,19626,2337,7895,3068,4622,1387,317,3,107,101,3,0,4,26,20,1,0,1,0,36,17,108,10317
1963:Q4,19881,6900,9489,3491,59,2857,575,0,19881,2371,8006,3097,4669,1416,321,3,108,102,3,0,4,26,21,1,0,1,0,36,17,109,10464
1964:Q1,20153,6956,9567,3633,85,2955,593,-2,20153,2407,8124,3130,4727,1440,326,3,112,106,3,0,4,27,22,1,0,1,0,32,18,111,10613
1964:Q2,20439,7056,9674,3711,88,3021,602,-1,20439,2447,8252,3166,4778,1465,331,3,113,107,3,0,4,28,22,1,0,1,0,33,18,114,10777
1964:Q3,20736,7162,9793,3782,91,3080,612,-1,20736,2491,8388,3206,4824,1489,340,3,115,109,3,0,4,29,23,1,1,1,0,34,19,116,10929
1964:Q4,21060,7280,9930,3851,93,3136,622,-1,21060,2537,8534,3249,4875,1516,349,3,118,112,3,0,4,29,23,1,1,1,0,35,19,120,11089
1965:Q1,21404,7380,10079,3945,116,3195,634,1,21404,2587,8689,3296,4918,1553,360,3,125,118,3,0,4,32,25,0,0,0,0,33,21,122,11166
1965:Q2,21787,7522,10241,4022,119,3257,646,2,21787,2639,8864,3348,4974,1591,371,3,128,121,3,0,4,33,26,0,0,0,0,34,22,126,11381
1965:Q3,22194,7671,10414,4107,123,3325,659,2,22194,2691,9058,3405,5034,1624,383,3,132,124,3,0,4,34,27,1,0,0,0,35,22,130,11548
1965:Q4,22623,7834,10594,4194,128,3393,674,2,22623,2745,9271,3466,5088,1660,393,3,135,127,3,0,4,35,28,1,0,0,0,36,23,133,11707
1966:Q1,23078,7938,10812,4328,158,3475,695,0,23078,2801,9503,3533,5142,1697,403,3,138,130,3,0,4,37,29,1,0,0,0,35,24,137,11842
1966:Q2,23585,8130,11022,4432,164,3558,711,1,23585,2856,9740,3597,5224,1755,413,3,141,133,3,0,4,38,30,1,0,0,0,35,25,141,12104
1966:Q3,24072,8307,11235,4530,170,3634,726,0,24072,2911,9982,3660,5300,1796,423,3,144,136,3,0,5,39,31,1,0,0,0,36,25,144,12387
1966:Q4,24575,8485,11463,4627,176,3709,742,0,24575,2966,10229,3721,5383,1843,433,3,147,139,3,0,5,40,32,1,0,0,0,38,26,148,12690
1967:Q1,25067,8529,11761,4777,214,3800,763,0,25067,3020,10481,3780,5462,1880,443,3,148,139,3,0,5,41,32,1,0,0,0,40,27,152,12848
1967:Q2,25588,8701,12003,4883,222,3882,779,1,25588,3078,10742,3842,5559,1911,456,3,151,143,4,0,5,42,33,1,0,0,0,41,28,157,13021
1967:Q3,26155,8897,12257,5000,229,3974,797,1,26155,3141,11012,3906,5664,1963,470,3,155,146,4,1,5,44,34,1,1,0,0,42,28,162,13306
1967:Q4,26746,9100,12520,5126,237,4075,815,0,26746,3207,11291,3973,5778,2013,485,3,159,150,4,1,5,45,35,1,1,0,0,44,29,168,13666
1968:Q1,27374,9265,12779,5329,273,4206,850,2,27374,3277,11579,4042,5893,2082,502,3,166,156,4,1,5,46,35,1,0,0,0,52,32,168,14091
1968:Q2,27986,9477,13052,5455,281,4303,871,2,27986,3358,11880,4119,5982,2127,521,3,171,161,4,1,6,48,37,1,0,0,0,54,33,175,14438
1968:Q3,28634,9696,13341,5594,291,4410,894,3,28634,3451,12195,4204,6087,2157,540,3,177,166,4,1,6,49,38,1,1,0,0,56,35,182,14792
1968:Q4,29363,9968,13649,5744,302,4525,918,3,29363,3555,12523,4296,6193,2234,562,3,183,172,4,1,6,51,40,1,1,0,0,58,36,189,15214
1969:Q1,30117,10250,13894,5965,346,4682,937,8,30117,3671,12866,4397,6299,2301,584,4,191,181,4,1,6,51,39,1,0,0,0,64,41,192,15533
1969:Q2,30877,10534,14213,6121,358,4802,962,9,30877,3772,13215,4493,6408,2383,606,4,198,188,4,1,6,53,41,1,0,0,0,67,42,200,15902
1969:Q3,31581,10791,14510,6272,371,4915,987,8,31581,3860,13570,4584,6501,2437,630,4,206,194,4,1,6,55,43,1,1,0,0,69,44,207,16285
1969:Q4,32322,11068,14813,6433,386,5037,1010,8,32322,3933,13934,4671,6611,2523,651,4,212,201,4,1,6,57,44,1,1,0,0,72,45,214,16611
1970:Q1,33060,11249,15110,6697,458,5208,1031,4,33060,3992,14305,4754,6738,2600,672,4,216,205,4,1,6,59,45,1,1,1,0,72,52,221,16942
1970:Q2,33818,11531,15418,6866,474,5336,1055,4,33818,4065,14669,4845,6856,2690,694,4,224,212,4,1,6,61,47,1,1,1,0,74,54,228,17174
1970:Q3,34582,11818,15725,7036,492,5464,1080,4,34582,4154,15026,4943,6966,2776,717,4,231,220,4,1,7,63,48,2,1,2,0,77,56,236,17448
1970:Q4,35378,12131,16035,7208,509,5594,1106,4,35378,4258,15376,5049,7074,2879,741,4,239,227,5,1,7,65,49,2,1,2,0,79,57,244,17780
1971:Q1,36162,12531,16241,7389,562,5730,1097,1,36162,4376,15722,5164,7182,2954,765,4,247,234,5,1,7,66,50,2,1,2,0,78,64,252,18224
1971:Q2,36898,12822,16530,7546,580,5844,1122,0,36898,4495,16058,5278,7253,3026,790,5,254,241,5,1,7,68,52,2,1,2,0,80,66,261,18704
1971:Q3,37590,13093,16808,7688,596,5945,1147,1,37590,4616,16385,5392,7300,3085,813,5,263,249,5,1,8,70,53,2,1,2,0,82,68,269,19070
1971:Q4,38275,13370,17085,7819,612,6036,1172,2,38275,4737,16706,5504,7329,3163,836,5,270,256,5,1,8,72,55,2,1,2,0,85,70,276,19274
1972:Q1,38986,13830,17224,7925,653,6125,1147,7,38986,4860,17020,5616,7402,3230,859,5,280,266,5,1,8,72,55,2,1,4,0,79,76,285,19569
1972:Q2,39737,14117,17534,8079,671,6236,1172,7,39737,4999,17372,5736,7466,3282,884,6,287,273,5,1,8,74,57,2,1,4,0,82,79,294,20040
1972:Q3,40677,14465,17915,8290,692,6398,1201,7,40677,5155,17763,5862,7630,3356,912,6,295,280,5,1,9,77,58,2,1,4,0,85,81,303,20461
1972:Q4,41608,14846,18291,8465,714,6520,1232,6,41608,5327,18194,5994,7705,3445,943,6,304,289,5,1,9,80,60,2,1,4,0,88,84,314,20903
1973:Q1,42623,15566,18439,8572,767,6627,1178,47,42623,5516,18665,6132,7790,3542,979,6,323,307,6,1,10,79,61,2,1,3,0,89,93,322,21312
1973:Q2,43848,16053,18935,8815,795,6806,1215,46,43848,5718,19224,6296,7945,3647,1020,7,337,320,6,1,10,82,63,2,1,3,0,93,97,336,21923
1973:Q3,45310,16608,19528,9129,827,7046,1256,46,45310,5931,19872,6487,8200,3755,1065,7,351,334,6,1,10,86,66,2,1,3,0,97,102,351,22580
1973:Q4,46901,17237,20173,9447,862,7283,1302,45,46901,6157,20609,6705,8419,3896,1117,7,367,349,6,1,11,90,70,2,1,3,0,102,107,368,23138
1974:Q1,48578,18030,20874,9660,921,7505,1235,14,48578,6394,21433,6951,8498,4129,1173,7,399,380,6,1,11,92,73,2,1,3,0,111,110,376,23780
1974:Q2,50531,18885,21641,9992,963,7744,1285,13,50531,6636,22351,7212,8658,4441,1233,7,416,397,7,1,12,97,77,2,1,3,0,117,116,397,24273
1974:Q3,52795,19806,22556,10421,1012,8068,1340,13,52795,6882,23361,7488,8994,4771,1299,7,435,414,7,2,12,103,82,3,1,3,0,124,123,420,25136
1974:Q4,54990,20667,23508,10802,1063,8340,1399,14,54990,7133,24464,7777,9232,5012,1372,8,455,433,8,2,13,109,87,3,1,4,0,131,130,445,26364
1975:Q1,57186,21161,25067,10964,1145,8452,1366,-5,57186,7387,25652,8079,9456,5152,1459,8,506,480,10,2,15,115,94,2,1,4,0,148,130,452,26894
1975:Q2,58945,21800,25903,11247,1190,8640,1417,-5,58945,7622,26666,8336,9572,5214,1534,8,530,502,11,2,15,121,99,3,1,4,0,156,137,477,27459
1975:Q3,60533,22340,26665,11534,1231,8843,1460,-5,60533,7838,27501,8547,9776,5269,1603,8,551,522,11,2,16,127,103,3,1,4,0,163,144,499,28124
1975:Q4,61847,22779,27313,11761,1265,9001,1494,-6,61847,8035,28155,8713,9940,5341,1663,9,569,539,12,3,16,132,107,3,1,4,0,170,150,518,28689
1976:Q1,62981,22962,28116,11913,1338,9099,1477,-10,62981,8212,28621,8836,10174,5415,1723,9,621,585,16,2,18,136,113,2,1,2,0,178,147,514,29691
1976:Q2,64174,23370,28722,12094,1372,9214,1508,-11,64174,8430,29216,8992,10265,5492,1780,9,638,601,16,2,19,141,117,2,1,2,0,184,152,533,30393
1976:Q3,65673,23859,29452,12373,1411,9416,1547,-11,65673,8689,29930,9179,10498,5535,1843,9,657,618,17,3,20,147,122,3,1,2,0,191,158,553,31025
1976:Q4,67398,24457,30266,12685,1455,9639,1591,-10,67398,8988,30763,9398,10734,5602,1914,10,679,639,17,3,21,153,127,3,1,2,0,199,165,576,31705
1977:Q1,69384,25355,31184,12833,1501,9745,1587,13,69384,9328,31708,9646,10992,5711,2000,10,744,694,24,3,24,156,132,3,1,3,0,211,162,580,33032
1977:Q2,71415,26079,32141,13183,1552,9994,1638,12,71415,9695,32688,9909,11243,5803,2077,11,771,719,25,3,25,162,137,3,1,3,0,219,168,604,33882
1977:Q3,73439,26821,33112,13495,1598,10206,1691,12,73439,10087,33697,10190,11404,5910,2151,11,796,742,26,3,25,168,142,3,2,3,0,227,175,626,34588
1977:Q4,75591,27582,34152,13844,1645,10454,1745,13,75591,10506,34733,10487,11630,6012,2223,11,821,765,27,3,27,174,147,3,2,3,0,236,180,648,35498
1978:Q1,77899,28684,35159,14025,1646,10600,1780,31,77899,10952,35791,10802,11936,6122,2296,12,876,808,37,3,29,174,149,3,1,2,0,261,164,654,37016
1978:Q2,80499,29595,36383,14492,1702,10949,1841,30,80499,11408,36944,11144,12352,6274,2378,12,905,834,38,3,30,181,155,3,1,2,0,271,171,678,37966
1978:Q3,82995,30545,37556,14864,1759,11200,1905,31,82995,11876,38185,11512,12520,6431,2472,13,939,866,40,3,31,188,161,3,1,3,0,282,178,706,39129
1978:Q4,85801,31586,38833,15352,1830,11548,1974,30,85801,12354,39515,11908,12860,6586,2578,13,978,901,41,3,33,197,168,3,1,3,0,294,185,737,40292
1979:Q1,88695,32894,40087,15703,1952,11813,1939,11,88695,12844,40927,12333,13116,6774,2702,14,1038,942,59,3,34,203,176,3,1,2,0,324,191,752,41293
1979:Q2,91807,34086,41485,16224,2031,12183,2010,11,91807,13339,42399,12770,13464,7007,2830,14,1086,986,62,3,35,213,185,3,1,2,0,339,200,788,42563
1979:Q3,95077,35326,42937,16804,2116,12604,2084,11,95077,13839,43924,13218,13871,7258,2968,15,1137,1032,64,4,37,223,194,3,2,2,0,356,210,827,43834
1979:Q4,98302,36582,44364,17345,2200,12986,2159,11,98302,14345,45503,13679,14140,7520,3117,16,1194,1084,68,4,39,235,203,4,2,2,0,374,220,868,44901
1980:Q1,101688,37480,46224,17964,2375,13472,2118,19,101688,14857,47129,14151,14470,7800,3281,15,1258,1128,87,4,39,239,209,3,1,2,0,406,249,899,46232
1980:Q2,105242,38824,47794,18606,2472,13941,2194,18,105242,15338,48851,14627,14888,8096,3443,16,1320,1183,92,4,41,251,220,4,1,2,0,426,261,944,47827
1980:Q3,108840,40203,49396,19223,2571,14381,2271,18,108840,15789,50662,15107,15251,8425,3607,17,1382,1240,96,4,43,263,230,4,2,2,0,447,274,989,48863
1980:Q4,112659,41610,51106,19925,2680,14895,2350,18,112659,16210,52564,15590,15784,8740,3771,18,1445,1296,100,4,45,275,240,4,2,2,0,467,286,1034,49764
1981:Q1,116386,43111,52563,20695,2928,15410,2358,16,116386,16601,54549,16077,16164,9050,3946,18,1513,1363,101,4,45,276,243,4,2,4,0,490,332,1067,50612
1981:Q2,120108,44479,54230,21384,3041,15909,2434,16,120108,16963,56473,16553,16667,9330,4123,19,1582,1426,106,4,46,288,254,4,2,4,0,511,347,1114,51424
1981:Q3,123629,45762,55846,22006,3147,16352,2507,15,123629,17298,58329,17017,17100,9577,4309,19,1654,1491,111,4,49,301,265,4,2,4,0,535,362,1164,52455
1981:Q4,127107,46998,57469,22625,3251,16796,2578,16,127107,17605,60117,17472,17591,9820,4502,20,1729,1559,115,5,51,314,277,4,2,4,0,558,378,1216,53369
1982:Q1,130482,47973,58887,23632,3566,17460,2606,-10,130482,17884,61831,17917,18115,10025,4710,22,1810,1639,114,5,53,317,279,5,2,9,0,557,463,1248,52760
1982:Q2,133470,48977,60260,24242,3668,17914,2661,-9,133470,18129,63217,18258,18723,10244,4899,23,1881,1703,119,5,55,330,290,5,2,9,0,579,482,1299,53387
1982:Q3,135687,49715,61290,24692,3748,18240,2704,-9,135687,18341,64269,18491,19093,10416,5078,23,1948,1763,123,5,57,342,301,5,2,10,0,601,500,1348,53986
1982:Q4,137325,50187,62049,25100,3818,18548,2734,-11,137325,18519,64985,18616,19449,10507,5249,24,2011,1820,127,5,59,354,311,5,2,10,0,622,517,1394,54369
1983:Q1,138077,49401,62539,26260,4161,19210,2889,-123,138077,18664,65360,18633,19421,10582,5417,25,2009,1817,125,5,64,354,311,5,2,19,0,673,622,1398,53685
1983:Q2,139770,49773,63294,26826,4243,19670,2914,-123,139770,18857,65876,18687,20133,10632,5585,26,2069,1870,129,5,65,365,322,5,2,19,0,695,642,1442,54427
1983:Q3,141542,50233,64147,27285,4323,20018,2945,-123,141542,19100,66525,18778,20668,10712,5759,26,2130,1925,133,5,68,377,332,6,2,20,0,717,663,1489,55182
1983:Q4,143233,50747,65048,27562,4393,20187,2982,-123,143233,19392,67308,18904,20902,10787,5940,27,2194,1982,137,5,70,389,342,6,2,20,0,740,684,1537,56138
1984:Q1,145562,51039,65622,28979,4866,20978,3135,-78,145562,19733,68222,19066,21524,10885,6132,26,2134,1932,129,5,69,391,344,6,3,29,0,878,784,1539,57448
1984:Q2,147874,51731,66787,29434,4965,21285,3183,-77,147874,20063,69245,19249,21978,11009,6329,27,2197,1987,134,5,71,404,356,6,3,30,0,908,811,1591,58457
1984:Q3,150793,52529,68118,30225,5101,21889,3235,-78,150793,20382,70375,19455,22907,11140,6536,27,2259,2042,138,5,74,418,368,6,3,31,0,939,839,1646,59865
1984:Q4,154167,53408,69544,31293,5269,22734,3290,-77,154167,20689,71611,19682,24173,11262,6751,28,2320,2095,143,5,76,433,381,6,3,32,0,973,869,1706,60976
1985:Q1,155913,53783,69974,32182,5774,22945,3463,-26,155913,20985,72941,19932,23629,11440,6986,28,2298,2078,140,5,75,443,391,6,3,50,0,1101,959,1709,63230
1985:Q2,158640,54649,71155,32862,5916,23421,3525,-26,158640,21325,74251,20182,24054,11594,7234,29,2375,2148,145,5,77,459,405,6,3,52,0,1141,994,1771,64739
1985:Q3,161291,55529,72334,33454,6046,23821,3588,-26,161291,21709,75530,20430,24351,11763,7508,30,2476,2241,150,5,80,475,420,7,3,53,0,1181,1030,1834,66067
1985:Q4,164295,56473,73672,34176,6187,24338,3651,-26,164295,22136,76777,20676,24937,11959,7810,31,2600,2357,155,5,83,492,434,7,3,55,0,1223,1066,1898,67337
1986:Q1,167047,57053,74688,35258,6583,24854,3821,48,167047,22606,77981,20919,25234,12156,8151,31,2694,2452,153,6,83,500,441,7,3,60,0,1391,1149,1876,69585
1986:Q2,169980,58009,75985,35938,6726,25327,3886,48,169980,23095,79117,21242,25718,12407,8402,32,2755,2505,158,6,86,517,456,7,3,62,0,1439,1189,1941,70871
1986:Q3,172738,58933,77200,36558,6863,25746,3949,48,172738,23603,80174,21652,26099,12647,8563,32,2723,2464,164,6,90,535,472,8,4,64,0,1489,1230,2008,72579
1986:Q4,175531,59877,78400,37205,7005,26191,4010,49,175531,24130,81152,22154,26537,12925,8631,34,2590,2323,169,6,92,553,488,8,4,67,0,1540,1273,2077,74923
1987:Q1,178150,60219,79379,38551,7517,26856,4179,1,178150,24676,82049,22757,26925,13140,8603,33,2306,2033,168,8,98,560,496,8,4,55,0,1677,1404,2062,76099
1987:Q2,180942,61164,80596,39182,7664,27272,4246,1,180942,25206,83120,22971,27274,13380,8991,34,2479,2197,173,8,101,579,513,8,4,57,0,1734,1452,2132,77696
1987:Q3,184019,62163,81941,39914,7826,27771,4318,1,184019,25720,84363,22768,27718,13623,9828,35,3093,2801,179,8,105,599,531,9,4,59,0,1793,1501,2204,79415
1987:Q4,187272,63180,83382,40710,7997,28317,4396,0,187272,26219,85777,22117,28190,13826,11143,36,4181,3878,186,9,108,619,549,9,4,61,0,1854,1552,2279,81252
1988:Q1,190950,64234,84200,42492,8574,29402,4516,25,190950,26541,87442,25085,28912,14073,8897,35,1654,1327,201,10,116,634,565,9,5,50,0,1945,1720,2281,81984
1988:Q2,194420,65303,85714,43378,8765,30016,4598,25,194420,26929,89022,23957,29474,14291,10747,36,3271,2934,208,10,120,654,584,9,5,51,0,2008,1775,2355,83358
1988:Q3,197843,66376,87241,44201,8956,30566,4679,25,197843,27383,90508,23537,29986,14534,11895,37,4181,3833,214,10,124,675,602,9,5,53,0,2072,1832,2430,85290
1988:Q4,201283,67439,88812,45008,9153,31095,4760,25,201283,27902,91902,23879,30543,14770,12288,38,4330,3971,221,11,128,697,621,9,5,55,0,2137,1890,2507,87242
1989:Q1,204607,68204,89782,46613,9801,31847,4966,9,204607,28487,93193,24710,30996,15014,12206,38,3954,3569,235,10,140,727,655,10,5,45,0,2269,2001,2503,88471
1989:Q2,207921,69256,91285,47371,10000,32325,5046,9,207921,29028,94524,25445,31451,15299,12173,39,3674,3278,242,10,144,749,675,10,5,46,0,2336,2061,2578,90245
1989:Q3,211222,70298,92778,48138,10208,32805,5125,9,211222,29526,95885,25962,31945,15585,12319,40,3577,3170,249,10,149,770,694,10,6,48,0,2403,2120,2652,91645
1989:Q4,214508,71330,94256,48914,10427,33284,5202,9,214508,29980,97275,26327,32478,15870,12579,41,3598,3179,256,11,153,792,713,11,6,49,0,2469,2178,2725,93246
1990:Q1,217506,71748,94963,50789,11419,33949,5420,6,217506,30391,98686,26465,32756,16174,13033,42,3780,3471,191,8,111,842,766,10,6,44,0,2629,2203,2712,94322
1990:Q2,220557,72748,96334,51469,11637,34336,5497,7,220557,30781,100118,26585,33104,16502,13467,43,3986,3669,196,8,114,862,785,10,6,45,61,2633,2257,2779,96349
1990:Q3,223753,73754,97756,52238,11871,34795,5572,5,223753,31150,101562,26766,33610,16856,13810,44,4108,3783,200,8,117,882,804,10,7,47,65,2692,2310,2843,97605
1990:Q4,226716,74659,99109,52943,12098,35199,5646,6,226716,31500,103017,26993,34024,17109,14074,45,4161,3829,205,9,119,902,821,10,7,48,68,2749,2360,2905,98782
1991:Q1,229743,74788,99430,55516,13225,36323,5968,9,229743,31829,104478,27263,34550,17354,14271,47,4112,3748,226,11,128,971,899,10,7,54,75,2879,2327,2891,100056
1991:Q2,232236,75551,100560,56117,13439,36646,6033,9,232236,32145,105708,27371,34863,17622,14528,48,4203,3833,229,11,130,987,914,10,7,55,93,2909,2364,2938,101471
1991:Q3,234445,76196,101550,56691,13615,36991,6085,9,234445,32449,106702,27489,35279,17846,14680,48,4228,3854,232,11,132,999,925,10,7,56,103,2936,2394,2974,102264
1991:Q4,235968,76688,102252,57020,13722,37172,6126,8,235968,32740,107460,27442,35404,18018,14904,49,4362,3985,234,11,133,1007,933,10,7,56,96,2970,2414,3000,103245
1992:Q1,237043,76383,102240,58417,13943,38206,6268,3,237043,33019,107975,27503,35452,18163,14931,51,4505,4056,283,12,155,1114,1050,8,8,68,87,2950,2066,3026,103629
1992:Q2,238795,76946,103018,58828,14067,38450,6311,2,238795,33391,108698,27610,35677,18420,14998,52,4493,4040,285,12,156,1122,1058,8,8,68,95,2965,2082,3049,104419
1992:Q3,240838,77627,103925,59282,14227,38687,6368,4,240838,33858,109624,27766,35853,18629,15108,52,4494,4037,288,12,157,1134,1068,9,8,69,82,3009,2103,3080,105509
1992:Q4,243569,78511,105097,59958,14455,39065,6438,3,243569,34420,110751,27963,36286,18880,15270,53,4519,4056,292,12,159,1149,1082,9,8,70,91,3040,2130,3120,106478
1993:Q1,246542,79853,104995,61635,15517,39553,6565,59,246542,35075,112076,28143,36516,19188,15544,67,4650,4070,365,18,197,1257,1198,8,9,74,88,3200,1829,3165,108950
1993:Q2,249384,80870,106225,62231,15757,39825,6649,58,249384,35709,113444,28398,36616,19470,15747,69,4687,4099,371,18,200,1276,1217,8,9,75,85,3254,1857,3213,109670
1993:Q3,252174,81843,107490,62783,15958,40090,6735,58,252174,36320,114851,28613,36716,19675,15998,69,4773,4176,376,19,203,1295,1235,8,9,76,70,3318,1885,3261,111200
1993:Q4,255400,82882,108962,63499,16157,40521,6821,58,255400,36910,116297,28817,37179,19928,16271,70,4878,4271,382,19,206,1315,1253,8,9,77,89,3350,1913,3309,112720
1994:Q1,258321,83810,110062,64427,16607,40835,6985,22,258321,37478,117779,29113,37251,20242,16458,95,4648,3980,417,24,228,1373,1322,10,8,68,83,3846,1762,3247,114434
1994:Q2,261742,84978,111635,65106,16816,41203,7087,23,261742,38060,119582,29377,37472,20509,16741,96,4743,4066,423,24,231,1394,1342,10,8,70,81,3909,1790,3298,115686
1994:Q3,265568,86336,113288,65921,17061,41657,7203,22,265568,38659,121705,29704,37622,20852,17026,98,4825,4135,431,24,235,1418,1365,10,8,70,85,3973,1820,3354,117401
1994:Q4,269977,87849,115090,67015,17356,42327,7333,23,269977,39273,124147,30050,37984,21169,17354,99,4934,4232,438,25,240,1444,1390,10,8,72,103,4028,1853,3414,119284
1995:Q1,274788,88698,117071,68999,18026,43470,7502,21,274788,39902,126912,30477,38281,21554,17663,136,4717,3992,451,24,250,1568,1517,11,8,63,104,4463,1714,3363,120571
1995:Q2,278938,90187,118774,69958,18307,44018,7633,20,278938,40481,129430,30856,38354,21888,17929,138,4781,4045,458,24,254,1593,1540,11,8,64,125,4513,1741,3415,122461
1995:Q3,282690,91537,120344,70790,18551,44488,7750,20,282690,41011,131703,31192,38449,22187,18148,140,4836,4091,464,25,257,1613,1560,11,8,65,131,4565,1763,3458,123722
1995:Q4,285965,92766,121751,71428,18751,44823,7854,21,285965,41490,133734,31477,38444,22496,18326,141,4887,4134,469,25,260,1628,1574,11,8,66,174,4567,1780,3491,124840
1996:Q1,288893,93219,122812,72858,19436,45323,8100,4,288893,41920,135532,31697,38504,22778,18462,173,4711,3961,460,26,263,1655,1610,11,9,74,175,4953,1655,3439,125834
1996:Q2,291890,94341,124121,73425,19622,45600,8203,4,291890,42385,137553,31950,38398,22980,18624,174,4766,4011,464,26,265,1667,1622,11,9,75,407,4760,1668,3466,127608
1996:Q3,295471,95644,125591,74230,19862,46052,8317,5,295471,42886,139809,32344,38484,23258,18691,175,4709,3947,468,27,268,1682,1637,12,9,75,388,4825,1683,3497,128569
1996:Q4,299053,97023,127019,75006,20111,46453,8443,4,299053,43422,142300,32617,38279,23513,18922,177,4802,4032,473,27,270,1699,1653,12,9,76,450,4815,1699,3532,130014
1997:Q1,303326,98119,127425,77712,21485,47664,8563,70,303326,43993,145048,32928,38388,23830,19138,202,4758,3962,486,28,282,1642,1614,12,9,68,456,5239,1621,3516,130794
1997:Q2,307806,99709,129177,78850,21817,48333,8701,69,307806,44612,147697,33290,38643,24184,19379,205,4822,4016,492,28,286,1662,1634,12,9,69,502,5264,1641,3560,132433
1997:Q3,311952,101207,130879,79796,22134,48823,8839,71,311952,45279,150268,33729,38633,24445,19600,207,4844,4026,499,29,290,1685,1657,13,10,70,544,5300,1664,3608,133145
1997:Q4,316243,102760,132687,80727,22475,49274,8978,69,316243,45993,152762,34103,38641,24808,19937,210,4963,4133,506,29,295,1710,1681,13,10,71,591,5340,1688,3662,134490
1998:Q1,320336,104384,132457,83480,24617,49939,8924,15,320336,46754,155207,34535,38554,25045,20241,221,4938,4083,514,31,310,1737,1691,14,10,59,587,5656,1705,3625,136250
1998:Q2,325008,105965,134395,84634,25018,50551,9066,15,325008,47564,157637,34983,38866,25306,20653,226,5047,4175,524,32,317,1772,1724,14,10,60,595,5772,1739,3697,137609
1998:Q3,329693,107650,136312,85714,25437,51064,9214,16,329693,48422,160082,35459,38893,25709,21129,231,5159,4267,536,32,324,1813,1764,14,10,61,781,5734,1779,3783,139236
1998:Q4,334699,109393,138334,86957,25905,51684,9367,15,334699,49328,162541,35989,39097,26102,21644,237,5250,4334,550,33,333,1861,1811,15,10,63,675,6013,1826,3883,140930
1999:Q1,339672,109951,138439,91287,29176,52534,9578,-5,339672,50282,165035,36554,39142,26465,22195,249,5121,4180,560,31,350,1991,1878,14,11,45,662,6423,1945,3857,142191
1999:Q2,345802,112055,140897,92855,29786,53302,9767,-5,345802,51370,168081,37123,39384,26932,22912,256,5308,4337,578,32,361,2053,1937,15,12,47,610,6695,2006,3977,143839
1999:Q3,352663,114378,143700,94592,30455,54151,9986,-6,352663,52592,171698,37678,39572,27328,23795,264,5619,4617,596,33,373,2120,2000,15,12,48,557,6984,2071,4106,146263
1999:Q4,360799,117077,147015,96713,31226,55251,10236,-5,360799,53947,175888,38334,40055,27847,24728,274,5940,4905,616,34,385,2191,2067,16,12,50,504,7291,2140,4244,148798
2000:Q1,369742,118698,148627,102328,34996,56939,10393,91,369742,55437,180665,39106,40512,28343,25679,277,5973,4887,640,34,413,2398,2193,14,15,60,467,7663,2397,4225,151288
2000:Q2,376534,121019,151330,104094,35708,57786,10600,91,376534,56554,184237,39837,40710,28944,26252,284,6052,4938,656,35,423,2458,2248,14,15,62,409,7925,2456,4331,154353
2000:Q3,381241,122658,153157,105336,36209,58389,10738,91,381241,57298,186619,40516,40934,29432,26441,288,5911,4779,667,35,430,2498,2285,14,16,63,365,8105,2497,4402,157417
2000:Q4,383711,123637,154047,105937,36482,58648,10807,90,383711,57671,187809,41170,40964,29874,26222,291,5526,4386,672,35,433,2518,2303,15,16,63,328,8209,2517,4437,159829
2001:Q1,391611,128277,154236,109170,38838,59383,10949,-71,391611,59481,192026,41834,40994,30312,26964,264,5688,4521,675,37,456,2738,2430,16,15,69,333,8379,2646,4387,160664
2001:Q2,398505,130681,156956,110940,39572,60198,11170,-71,398505,61186,195426,42466,41069,30663,27695,269,6014,4825,688,37,465,2790,2476,16,16,70,380,8498,2697,4471,163197
2001:Q3,402895,132248,158640,112078,40022,60752,11305,-71,402895,62661,197165,42974,41188,30998,27910,270,6140,4946,690,37,467,2801,2486,16,16,70,345,8569,2708,4489,165104
2001:Q4,406498,133595,160002,112972,40357,61200,11414,-71,406498,63464,198899,43424,41198,31381,28133,273,6175,4971,696,38,471,2826,2507,16,16,71,332,8659,2731,4528,167036
2002:Q1,409383,137339,158091,113976,40857,61656,11464,-23,409383,64021,200037,43801,41369,31773,28382,238,6030,4808,688,38,496,3002,2584,15,15,89,317,8782,2701,4611,167983
2002:Q2,412313,138455,159136,114745,41125,62076,11544,-23,412313,65084,200652,44317,41543,32181,28536,240,6041,4810,693,39,499,3021,2600,15,16,90,299,8857,2718,4641,169996
2002:Q3,416100,139813,160528,115783,41462,62669,11652,-24,416100,66153,201762,44861,41806,32537,28981,243,6129,4879,704,39,507,3068,2642,16,16,91,286,9016,2761,4715,172525
2002:Q4,420185,141239,162043,116926,41808,63348,11770,-23,420185,67750,202572,45497,42098,32854,29415,247,6208,4940,715,40,514,3116,2683,16,16,93,273,9173,2804,4788,175203
2003:Q1,423756,146466,159396,117908,41360,64518,12031,-14,423756,69595,202885,46064,42424,33258,29531,216,6169,4885,704,39,541,3345,2686,15,16,112,295,9091,2696,4893,175847
2003:Q2,427199,147686,160614,118912,41633,65152,12127,-13,427199,70726,203821,46413,42789,33554,29897,218,6252,4952,713,40,548,3385,2718,15,16,113,284,9215,2728,4952,177395
2003:Q3,431429,149190,162125,120127,41982,65899,12246,-12,431429,72157,205002,46905,43262,33870,30233,221,6348,5034,720,40,553,3419,2746,15,16,114,272,9323,2756,5003,179569
2003:Q4,436714,151087,164041,121600,42433,66768,12399,-13,436714,74083,206484,47589,43774,34201,30584,223,6409,5080,729,41,560,3461,2779,15,17,116,262,9451,2789,5063,182143
2004:Q1,443496,158603,162871,121962,42017,67491,12455,60,443496,76185,208823,48454,44335,34637,31063,206,6501,5111,737,41,612,3697,2820,15,17,125,253,9606,2754,5070,184612
2004:Q2,450903,161466,165482,123894,42645,68587,12662,62,450903,78353,211309,49366,44847,35448,31580,210,6614,5202,749,41,622,3758,2866,15,17,127,242,9778,2800,5154,187859
2004:Q3,458786,164667,168184,125874,43317,69679,12878,61,458786,80731,213822,50322,45309,36550,32054,212,6739,5306,760,42,631,3811,2906,16,18,129,233,9928,2839,5225,190969
2004:Q4,468653,168597,171585,128411,44190,71065,13156,61,468653,83018,217999,51443,45995,37597,32602,216,6839,5381,773,43,642,3878,2958,16,18,131,224,10117,2889,5318,192883
2005:Q1,477900,178594,170693,128582,44353,71240,12989,30,477900,85156,222140,52595,46677,38119,33213,201,6907,5424,765,44,674,3892,3003,16,20,127,217,10661,2891,5279,195447
2005:Q2,487243,182452,173828,130932,45164,72519,13249,31,487243,87389,226223,53723,47278,38997,33634,203,6979,5477,776,45,682,3944,3043,16,20,129,208,10815,2930,5349,198549
2005:Q3,497419,186642,177274,133472,46064,73879,13530,31,497419,90519,230007,55029,47916,40025,33925,205,7049,5534,782,45,688,3976,3068,16,21,129,200,10914,2954,5393,201957
2005:Q4,508491,191041,181119,136299,47074,75378,13847,32,508491,93110,235241,56342,48664,40746,34389,208,7152,5617,793,46,697,4030,3109,16,21,131,191,11072,2993,5465,204215
2006:Q1,517607,199755,180629,137177,47764,75683,13731,47,517607,95162,239525,57495,49351,41231,34844,196,7199,5687,734,47,732,3928,3096,13,26,150,185,11604,3070,5379,206006
2006:Q2,526773,203675,183630,139422,48578,76875,13969,47,526773,96779,243856,58543,49992,42333,35271,198,7280,5749,743,48,741,3977,3135,13,26,152,177,11759,3109,5446,209011
2006:Q3,535278,207200,186450,141579,49327,78057,14196,48,535278,98055,248150,59519,50665,43133,35757,201,7362,5809,753,48,751,4035,3180,14,27,154,169,11939,3153,5524,211718
2006:Q4,544508,211099,189487,143874,50121,79320,14434,47,544508,99231,252915,60570,51278,44342,36173,204,7419,5848,763,49,761,4086,3220,14,27,156,162,12099,3193,5594,214455
2007:Q1,553669,213976,192651,146819,51139,81226,14454,224,553669,100536,257164,61494,52099,45641,36735,198,7317,5762,801,17,737,4011,3187,12,31,253,156,12453,3483,5635,216102
2007:Q2,560232,216692,194768,148549,51691,82245,14613,223,560232,101175,260439,62134,52811,46463,37209,200,7449,5876,810,18,746,4058,3224,12,31,256,151,12604,3523,5701,218747
2007:Q3,566401,219202,196794,150182,52220,83202,14760,224,566401,101857,263364,62750,53578,47253,37599,202,7556,5968,818,18,753,4097,3255,12,32,258,147,12730,3556,5755,221422
2007:Q4,572448,221672,198813,151741,52751,84090,14900,222,572448,102274,266253,63437,54316,48146,38023,205,7660,6056,827,18,760,4140,3290,12,32,261,143,12871,3594,5816,223576
2008:Q1,579948,221624,201546,156764,55299,86696,14770,14,579948,102328,270838,64081,55252,48990,38459,196,7498,6128,566,38,767,4197,3304,16,34,465,124,12583,3832,6211,224589
2008:Q2,586800,224299,203879,158608,55931,87745,14932,14,586800,102229,275085,64678,56115,49737,38957,199,7605,6217,573,38,777,4251,3346,16,34,471,130,12737,3879,6290,227246
2008:Q3,594010,227111,206413,160472,56595,88776,15102,15,594010,101625,280045,65324,56927,50659,39431,202,7706,6302,580,38,786,4301,3386,16,34,477,131,12888,3926,6364,228762
2008:Q4,598204,228800,207926,161464,56953,89332,15178,15,598204,100784,282782,65640,57564,51774,39658,202,7756,6344,583,39,791,4325,3405,16,34,480,130,12962,3948,6400,230456
2009:Q1,596861,223173,208635,165049,59353,90403,15293,4,596861,100043,281528,65403,57833,52326,39728,202,7754,6350,591,36,777,4426,3427,21,41,654,115,11855,4255,6980,230585
2009:Q2,592264,221271,207150,163840,58861,89838,15141,4,592264,99278,278358,64678,58133,52256,39561,201,7748,6351,588,36,774,4403,3410,21,41,651,112,11797,4233,6945,230237
2009:Q3,589745,220120,206345,163278,58565,89659,15053,3,589745,98746,276881,64133,58493,52163,39329,200,7733,6346,584,36,768,4374,3387,20,40,646,110,11718,4204,6898,230413
2009:Q4,592407,220904,207292,164209,58770,90330,15109,3,592407,99427,277860,64217,59181,52382,39340,199,7771,6384,583,36,768,4370,3384,20,40,646,110,11708,4201,6892,229915
2010:Q1,593638,218832,206861,167933,59436,93279,15219,12,593638,99375,278399,64110,59829,52748,39178,199,7693,6326,587,27,753,4321,3323,28,47,1017,95,10761,4493,7202,229058
2010:Q2,595681,219423,207532,168715,59564,93907,15245,11,595681,98829,279975,63995,60633,53179,39071,199,7684,6321,585,27,751,4307,3312,27,47,1014,94,10728,4479,7180,229031
2010:Q3,597943,220207,208278,169446,59745,94416,15286,12,597943,98939,281096,64098,61226,53543,39042,199,7670,6309,584,27,751,4305,3311,27,47,1013,93,10724,4477,7177,228490
2010:Q4,603129,222102,210057,170958,60256,95291,15411,12,603129,99549,284026,64407,62053,53943,39152,199,7663,6296,587,27,753,4321,3323,28,47,1017,0,10857,4493,7203,228404
2011:Q1,609308,221456,212978,174848,62036,97525,15288,26,609308,99940,287766,64755,62957,54467,39422,193,7429,5894,743,26,766,4278,3277,39,59,749,0,11313,4574,7513,230045
2011:Q2,615897,224001,215224,176644,62698,98495,15451,28,615897,100338,291784,65123,63561,55184,39907,196,7563,6011,751,27,775,4325,3313,39,60,757,0,11437,4623,7596,231872
2011:Q3,621894,226361,217239,178268,63300,99371,15597,27,621894,100718,295319,65334,64096,55947,40481,197,7808,6240,758,27,783,4369,3347,40,60,765,0,11553,4671,7673,234100
2011:Q4,627264,228534,219039,179665,63851,100078,15736,26,627264,101206,298595,65380,64324,56619,41141,199,8166,6584,765,27,790,4409,3378,40,61,772,0,11660,4714,7744,235370
2012:Q1,634568,229276,222013,183245,66051,101580,15614,33,634568,101522,303505,65393,64925,57225,41998,193,8447,6783,817,28,820,4472,3405,60,82,654,0,12002,4579,8104,235535
2012:Q2,640973,231744,224207,184989,66728,102482,15779,33,640973,102305,307338,65946,65304,57841,42240,195,8426,6749,823,28,826,4506,3432,60,83,659,0,12096,4615,8168,237578
2012:Q3,647537,234218,226438,186848,67489,103406,15954,33,647537,103497,310822,67122,65651,58311,42134,197,7922,6225,833,29,836,4560,3472,61,84,667,0,12239,4670,8264,238424
2012:Q4,652477,236104,228059,188281,68142,104047,16093,33,652477,104686,313144,68821,65758,58604,41464,199,6880,5165,842,29,845,4609,3510,61,85,674,0,12372,4720,8354,239349
2013:Q1,658303,237854,229673,190758,70626,104312,15821,19,658303,106626,315234,67198,65826,58988,44431,193,9000,7384,682,30,905,4757,3633,70,95,713,0,12918,4581,8474,240087
2013:Q2,666088,240713,232299,193057,71601,105432,16024,19,666088,108622,318700,69035,66294,59449,43988,195,8090,6454,690,30,916,4820,3680,71,96,723,0,13088,4641,8585,241801
2013:Q3,673693,243517,234831,195328,72584,106521,16223,18,673693,110702,322095,70421,66696,59938,43843,197,7588,5934,698,30,926,4868,3717,72,97,730,0,13218,4687,8670,242434
2013:Q4,683519,247090,238127,198283,73838,107966,16479,19,683519,113151,326767,71567,67265,60555,44215,199,7613,5944,704,31,935,4914,3753,72,98,737,0,13344,4732,8753,243358
2014:Q1,693682,253191,239000,201477,75665,109542,16270,15,693682,115789,331725,72391,67667,61090,45021,192,7757,6014,749,29,966,4967,3847,65,91,595,0,14193,4732,8583,243612
2014:Q2,700448,255788,241181,203466,76593,110422,16451,14,700448,116718,335907,72864,67706,61552,45700,194,8080,6320,755,30,975,5015,3884,66,92,600,0,14328,4777,8665,244205
2014:Q3,709507,259179,244224,206089,77785,111613,16691,15,709507,118758,340535,73788,67917,62054,46455,196,8386,6606,764,30,987,5075,3930,67,93,607,0,14499,4834,8769,245625
2014:Q4,716047,261639,246434,207961,78701,112391,16869,14,716047,119685,344513,74558,67989,62360,46944,199,8482,6682,772,30,997,5127,3971,68,94,613,0,14649,4884,8859,247909
2015:Q1,722801,262480,248318,211984,80698,114333,16953,20,722801,120895,348426,75458,68216,62549,47257,194,8519,6722,662,30,1104,5106,3997,68,93,406,0,15491,4913,8473,248365
2015:Q2,728217,264622,250088,213486,81484,114906,17097,21,728217,121981,351251,76127,68118,63024,47717,196,8575,6761,669,31,1116,5159,4038,69,94,410,0,15652,4964,8561,249815
2015:Q3,734206,266895,252080,215212,82354,115601,17257,20,734206,123640,353794,76798,68131,63426,48417,199,8714,6873,678,31,1132,5234,4096,70,95,416,0,15876,5035,8684,253362
2015:Q4,737715,268241,253217,216238,82958,115926,17355,19,737715,125048,354793,77212,67969,63640,49054,202,8854,6990,687,31,1146,5299,4147,71,96,421,0,16075,5098,8792,255212
2016:Q1,740358,267281,253522,219566,85813,116137,17617,-10,740358,126242,355290,77407,67874,63786,49760,196,9433,7463,655,34,1282,5321,4187,80,101,297,0,16585,5204,8356,253070
2016:Q2,748730,270393,256285,222063,86984,117254,17825,-11,748730,128346,358915,78151,68277,64563,50478,199,9564,7565,664,34,1301,5398,4248,81,102,302,0,16827,5280,8478,255793
2016:Q3,755061,272674,258363,224035,87940,118106,17990,-11,755061,130481,361253,78712,68541,64938,51136,201,9677,7651,673,35,1318,5470,4305,82,103,305,0,17051,5351,8591,258905
2016:Q4,763960,275898,261282,226790,89205,119369,18216,-10,763960,132493,365561,79511,69003,65546,51846,204,9754,7697,683,35,1339,5554,4371,84,105,310,0,17311,5432,8722,260289
2017:Q1,772353,277909,260372,234085,92662,123133,18290,-13,772353,133962,370018,80333,69308,66283,52449,206,10468,7994,1060,34,1381,5546,4408,95,111,238,0,17162,5747,8469,264897
2017:Q2,782244,281498,263582,237177,94077,124560,18541,-13,782244,136191,374803,81290,69771,66977,53213,209,10582,8069,1076,34,1403,5632,4477,96,113,242,0,17428,5836,8601,267838
2017:Q3,792615,285324,266919,240385,95542,126043,18800,-14,792615,138385,380041,82133,70252,67847,53957,211,10829,8287,1089,35,1419,5697,4529,97,114,245,0,17631,5904,8700,269399
2017:Q4,801742,288656,269827,243274,96855,127396,19023,-14,801742,140065,384551,82855,70843,68608,54820,214,11097,8520,1104,35,1439,5776,4591,98,116,248,0,17874,5986,8821,270422
2018:Q1,812368,289461,271625,251287,100659,131555,19074,-4,812368,143359,388477,84041,71582,69643,55268,211,11900,9149,1104,37,1610,5755,4625,90,103,197,0,17518,6297,8574,273840
2018:Q2,823797,293703,275219,254880,102273,133265,19342,-4,823797,145906,393362,85199,72310,70916,56105,214,12008,9211,1123,38,1637,5851,4702,91,105,200,0,17812,6403,8719,277374
2018:Q3,833610,297278,278364,257973,103713,134680,19580,-3,833610,147809,397953,86202,72883,71780,56983,218,12118,9271,1142,39,1666,5954,4784,93,106,203,0,18123,6515,8871,280440
2018:Q4,842828,300728,281308,260796,105079,135919,19798,-4,842828,149401,402355,87116,73375,72813,57767,221,12203,9313,1160,39,1692,6046,4859,94,108,207,0,18405,6616,9009,282739
2019:Q1,854870,303242,282713,268886,110069,139004,19814,30,854870,150997,409073,88105,74223,73484,58989,212,13582,10651,1383,42,1506,6150,4986,67,93,186,0,18062,6886,8766,285695
2019:Q2,866390,307519,286435,272407,111779,140530,20098,30,866390,152661,415208,89105,74541,74539,60337,217,13951,10957,1412,43,1539,6283,5093,68,95,190,0,18451,7035,8955,289593
2019:Q3,875794,310820,289513,275433,113191,141913,20330,28,875794,154698,419422,89990,75009,75205,61471,220,14268,11222,1437,44,1566,6394,5183,70,96,193,0,18776,7159,9113,292473
2019:Q4,882787,313155,291817,277786,114248,143035,20502,29,882787,156371,422460,90726,75400,75642,62189,223,14475,11396,1453,44,1583,6463,5239,70,97,195,0,18979,7236,9211,295031
2020:Q1,892529,313672,290022,288818,118441,149830,20547,18,892529,158102,427237,91780,76043,76169,63200,221,15435,11936,1679,44,1777,6773,5549,59,85,132,0,18190,7817,8942,300603
2020:Q2,900787,316213,292746,291810,119710,151354,20746,18,900787,159645,431238,92401,76942,76388,64174,224,15773,12228,1701,44,1801,6863,5623,60,86,133,0,18432,7921,9061,302712
2020:Q3,910085,319639,295630,294799,121019,152828,20953,18,910085,163146,433565,93349,77660,77505,64861,226,15978,12398,1718,44,1818,6931,5679,61,87,135,0,18615,8000,9151,303165
2020:Q4,922146,323987,299471,298671,122660,154779,21233,18,922146,166607,438142,94555,78796,78341,65705,229,16152,12522,1741,45,1843,7026,5757,61,88,136,0,18871,8110,9276,312593
2021:Q1,934089,331795,297100,305046,125442,158652,20953,148,934089,171365,441212,95767,79664,79945,66136,232,16322,12538,1830,44,1910,7337,6085,129,160,133,0,17911,8853,8976,324617
2021:Q2,954751,339637,303489,311477,128218,161841,21418,149,954751,177469,448408,98030,80889,82170,67787,237,16782,12908,1873,45,1956,7512,6231,132,163,136,0,18339,9064,9190,330905
2021:Q3,979158,348775,311175,319061,131498,165569,21994,148,979158,183761,458565,100764,81962,84227,69881,245,17349,13359,1929,47,2014,7737,6417,136,168,140,0,18888,9336,9465,348789
2021:Q4,1005342,358562,319386,327247,134984,169668,22595,148,1005342,189379,470097,103844,83516,86628,71878,252,17800,13693,1986,48,2074,7965,6606,140,173,144,0,19444,9611,9744,361484
2022:Q1,1035216,379241,322638,333314,138663,172110,22541,23,1035216,197551,482311,107335,85281,89207,73532,262,18219,13818,2132,47,2222,8302,6975,260,302,152,0,18860,10375,9827,373456
2022:Q2,1065055,390722,331767,342544,142617,176732,23195,23,1065055,203781,495781,110473,87174,92185,75662,269,18731,14202,2195,48,2287,8545,7179,267,311,156,0,19411,10679,10114,387679
2022:Q3,1092045,401034,340109,350880,146215,180857,23808,23,1092045,208916,509004,112995,88599,94353,78178,277,19572,14910,2259,49,2354,8796,7390,275,320,161,0,19982,10993,10412,394845
2022:Q4,1107570,407073,344816,355659,148268,183244,24147,23,1107570,210766,517575,114445,89750,95771,79264,281,19811,15081,2292,50,2388,8924,7497,279,325,163,0,20271,11152,10562,403387
2023:Q1,1126852,414231,350806,361791,150848,186370,24574,24,1126852,210786,530392,115738,91087,97437,81412,289,20405,15552,2352,51,2451,9157,7693,286,333,167,0,20801,11444,10838,404652
2023:Q2,1139254,418604,354775,365852,152538,188453,24862,24,1139254,212078,538265,116758,92006,97916,82231,292,20602,15700,2376,52,2476,9250,7771,289,336,169,0,21013,11560,10949,409399
2023:Q3,1152866,423421,359109,370313,154385,190757,25171,23,1152866,215503,544364,118075,93132,98602,83191,295,20834,15873,2404,52,2505,9359,7863,293,340,171,0,21261,11697,11078,414886
2023:Q4,1166815,428356,363547,374887,156279,193120,25488,24,1166815,217275,552461,119259,94281,99275,84264,299,21097,16071,2435,53,2537,9481,7966,296,345,173,0,21538,11849,11222,415474
2024:Q1,1177959,432391,367013,378532,157774,195032,25726,23,1177959,217979,558949,120145,95411,100208,85267,302,21343,16257,2464,54,2568,9595,8061,300,349,175,0,21796,11991,11357,416960
