date,FU885015005.Q,FU885019665.Q,FU885019265.Q,FU885013765.Q,FU885013365.Q,FU885013465.Q,FU835013565.Q,FU105013893.Q,FU365015095.Q,FU885015005.Q,FU155015005.Q,FU105015085.Q,FU115015005.Q,FU315015005.Q,FU215015005.Q,FU795015085.Q,FU715013865.Q,FU705013865.Q,FU765013865.Q,FU755013865.Q,FU745013865.Q,FU475013865.Q,FU515013865.Q,FU545013865.Q,FU575013865.Q,FU225013865.Q,FU405013865.Q,FU675013263.Q,FU615013865.Q,FU665013865.Q,FU735013865.Q,FU155111005.Q
1945:Q4,ND,ND,ND,ND,ND,ND,ND,ND,ND,ND,ND,ND,ND,ND,ND,ND,ND,ND,ND,ND,ND,ND,ND,ND,ND,ND,ND,ND,ND,ND,ND,ND
1946:Q1,ND,ND,ND,ND,ND,ND,ND,ND,ND,ND,ND,ND,ND,ND,ND,ND,ND,ND,ND,ND,ND,ND,ND,ND,ND,ND,ND,ND,ND,ND,ND,ND
1946:Q2,ND,ND,ND,ND,ND,ND,ND,ND,ND,ND,ND,ND,ND,ND,ND,ND,ND,ND,ND,ND,ND,ND,ND,ND,ND,ND,ND,ND,ND,ND,ND,ND
1946:Q3,ND,ND,ND,ND,ND,ND,ND,ND,ND,ND,ND,ND,ND,ND,ND,ND,ND,ND,ND,ND,ND,ND,ND,ND,ND,ND,ND,ND,ND,ND,ND,ND
1946:Q4,6056,7742,-3193,1189,0,826,363,398,-80,6056,5091,5602,1926,-6873,58,249,1,62,61,1,0,0,16,14,1,0,0,0,15,7,133,5135
1947:Q1,ND,ND,ND,ND,ND,ND,ND,ND,ND,ND,ND,ND,ND,ND,ND,ND,ND,ND,ND,ND,ND,ND,ND,ND,ND,ND,ND,ND,ND,ND,ND,ND
1947:Q2,ND,ND,ND,ND,ND,ND,ND,ND,ND,ND,ND,ND,ND,ND,ND,ND,ND,ND,ND,ND,ND,ND,ND,ND,ND,ND,ND,ND,ND,ND,ND,ND
1947:Q3,ND,ND,ND,ND,ND,ND,ND,ND,ND,ND,ND,ND,ND,ND,ND,ND,ND,ND,ND,ND,ND,ND,ND,ND,ND,ND,ND,ND,ND,ND,ND,ND
1947:Q4,14246,12009,780,970,0,742,228,467,17,14246,8171,7811,3715,-6716,1015,257,1,103,103,0,0,0,18,15,-1,0,1,0,0,9,111,7784
1948:Q1,ND,ND,ND,ND,ND,ND,ND,ND,ND,ND,ND,ND,ND,ND,ND,ND,ND,ND,ND,ND,ND,ND,ND,ND,ND,ND,ND,ND,ND,ND,ND,ND
1948:Q2,ND,ND,ND,ND,ND,ND,ND,ND,ND,ND,ND,ND,ND,ND,ND,ND,ND,ND,ND,ND,ND,ND,ND,ND,ND,ND,ND,ND,ND,ND,ND,ND
1948:Q3,ND,ND,ND,ND,ND,ND,ND,ND,ND,ND,ND,ND,ND,ND,ND,ND,ND,ND,ND,ND,ND,ND,ND,ND,ND,ND,ND,ND,ND,ND,ND,ND
1948:Q4,21844,17148,3528,966,0,819,147,186,15,21844,11071,7972,4550,-3957,1932,278,-1,104,103,0,0,1,19,16,0,0,0,0,-1,5,135,7588
1949:Q1,ND,ND,ND,ND,ND,ND,ND,ND,ND,ND,ND,ND,ND,ND,ND,ND,ND,ND,ND,ND,ND,ND,ND,ND,ND,ND,ND,ND,ND,ND,ND,ND
1949:Q2,ND,ND,ND,ND,ND,ND,ND,ND,ND,ND,ND,ND,ND,ND,ND,ND,ND,ND,ND,ND,ND,ND,ND,ND,ND,ND,ND,ND,ND,ND,ND,ND
1949:Q3,ND,ND,ND,ND,ND,ND,ND,ND,ND,ND,ND,ND,ND,ND,ND,ND,ND,ND,ND,ND,ND,ND,ND,ND,ND,ND,ND,ND,ND,ND,ND,ND
1949:Q4,20823,17263,2626,875,0,640,235,66,-8,20823,10112,5250,3565,-1600,3221,279,-1,119,117,1,0,1,22,17,0,0,0,0,1,12,108,8536
1950:Q1,ND,ND,ND,ND,ND,ND,ND,ND,ND,ND,ND,ND,ND,ND,ND,ND,ND,ND,ND,ND,ND,ND,ND,ND,ND,ND,ND,ND,ND,ND,ND,ND
1950:Q2,ND,ND,ND,ND,ND,ND,ND,ND,ND,ND,ND,ND,ND,ND,ND,ND,ND,ND,ND,ND,ND,ND,ND,ND,ND,ND,ND,ND,ND,ND,ND,ND
1950:Q3,ND,ND,ND,ND,ND,ND,ND,ND,ND,ND,ND,ND,ND,ND,ND,ND,ND,ND,ND,ND,ND,ND,ND,ND,ND,ND,ND,ND,ND,ND,ND,ND
1950:Q4,28824,24054,3677,1035,0,829,206,34,22,28824,15388,6100,4616,-1348,3744,330,5,145,141,1,1,2,33,22,1,1,0,0,-2,19,106,11863
1951:Q1,ND,ND,ND,ND,ND,ND,ND,ND,ND,ND,ND,ND,ND,ND,ND,ND,ND,ND,ND,ND,ND,ND,ND,ND,ND,ND,ND,ND,ND,ND,ND,ND
1951:Q2,ND,ND,ND,ND,ND,ND,ND,ND,ND,ND,ND,ND,ND,ND,ND,ND,ND,ND,ND,ND,ND,ND,ND,ND,ND,ND,ND,ND,ND,ND,ND,ND
1951:Q3,ND,ND,ND,ND,ND,ND,ND,ND,ND,ND,ND,ND,ND,ND,ND,ND,ND,ND,ND,ND,ND,ND,ND,ND,ND,ND,ND,ND,ND,ND,ND,ND
1951:Q4,34704,24529,9135,950,0,880,70,-11,100,34704,13406,8126,3169,5185,4417,406,5,135,133,1,0,1,26,16,1,1,-0,0,83,1,138,7241
1952:Q1,9136,5856,2962,311,0,292,19,-14,22,9136,3178,2236,614,2199,831,78,1,21,21,0,0,0,4,4,0,0,0,0,27,-1,23,1563
1952:Q2,9700,6383,2950,360,0,330,30,-14,21,9700,3265,2382,578,2170,1227,79,1,21,21,0,0,0,5,4,0,0,0,0,27,-1,23,1466
1952:Q3,9150,6647,2089,408,0,369,40,-14,21,9150,3239,1879,310,2274,1393,55,1,13,13,-0,0,-0,2,2,0,-0,0,0,24,-3,17,1062
1952:Q4,9789,6715,2603,465,0,417,48,-14,21,9789,3426,2285,544,2314,1150,71,1,18,18,0,0,0,4,3,0,-0,0,0,26,-2,21,1912
1953:Q1,10050,6530,3022,477,0,422,54,-6,28,10050,3479,2518,655,2440,834,124,2,56,54,1,0,1,6,2,1,0,0,0,9,2,47,2524
1953:Q2,10687,7011,3138,517,0,453,64,-6,28,10687,3492,2534,698,2515,1323,126,2,57,55,1,0,1,5,2,1,0,0,0,9,2,48,2324
1953:Q3,10865,7102,3196,546,0,484,61,-6,27,10865,3363,2629,757,2405,1580,132,2,59,57,1,0,1,6,3,0,0,0,0,10,2,50,2117
1953:Q4,10041,6897,2562,561,0,503,58,-6,28,10041,3298,2479,712,2062,1365,125,2,56,54,1,0,1,5,2,0,0,0,0,9,2,49,1856
1954:Q1,9310,6537,2156,549,0,492,57,70,-2,9310,3379,2330,497,1912,1071,122,1,45,44,1,0,1,7,4,0,0,0,0,10,1,54,1439
1954:Q2,9833,7308,1906,551,0,496,55,70,-2,9833,3640,2222,538,1660,1656,118,1,43,42,1,0,1,6,4,0,0,0,0,10,1,53,1454
1954:Q3,10238,7954,1659,557,0,493,64,70,-1,10238,3945,2239,673,1284,1976,121,1,45,43,1,0,1,7,4,0,0,0,0,11,1,53,1405
1954:Q4,10043,7884,1526,565,0,492,73,70,-2,10043,4218,2120,771,1185,1631,119,1,44,43,1,0,1,7,4,0,0,0,0,10,1,52,1842
1955:Q1,9904,7874,1374,555,0,455,100,111,-9,9904,4609,2133,829,941,1226,166,1,66,63,1,0,1,11,7,1,0,0,0,16,3,62,2251
1955:Q2,11169,8587,1874,607,0,499,109,111,-10,11169,4724,2397,1078,935,1849,186,1,73,70,2,0,2,13,8,1,0,0,0,19,4,67,2682
1955:Q3,11739,8918,2051,669,0,559,110,111,-10,11739,4640,2767,1181,816,2130,206,1,81,77,2,0,2,14,9,1,0,0,0,22,5,73,2967
1955:Q4,11423,8417,2141,763,0,658,105,111,-10,11423,4397,3169,1077,784,1779,218,2,85,82,2,0,2,15,9,1,0,0,0,23,5,78,2561
1956:Q1,10764,7968,1868,843,0,756,88,86,-1,10764,4244,3279,928,766,1350,197,2,46,44,1,0,1,16,13,1,0,0,0,14,0,106,1577
1956:Q2,11671,8816,1825,945,0,868,77,86,-1,11671,4282,3514,776,861,2039,201,3,46,44,1,0,1,16,13,1,0,0,0,13,0,109,1501
1956:Q3,12348,9251,1988,1025,0,946,79,86,-1,12348,4177,3755,702,1122,2384,209,3,48,46,1,0,1,17,13,1,0,0,0,14,0,113,1375
1956:Q4,11972,8755,2048,1084,0,997,87,86,-1,11972,4069,3754,635,1327,1981,208,3,48,46,1,0,1,17,13,1,0,0,0,14,-0,113,1619
1957:Q1,11350,8081,2160,1043,0,955,88,67,-2,11350,3926,3801,697,1226,1506,194,4,71,68,1,0,2,14,11,1,0,0,0,12,1,82,2126
1957:Q2,11694,8646,1917,1066,0,967,99,67,-2,11694,3806,3726,616,1072,2284,190,4,69,66,1,0,2,13,11,1,0,0,0,11,1,81,1875
1957:Q3,12441,9062,2236,1080,0,973,107,67,-3,12441,3764,3818,693,1295,2678,193,4,72,68,1,0,2,13,11,1,0,0,0,11,1,82,1620
1957:Q4,11555,8498,1925,1068,0,969,99,67,-3,11555,3711,3442,717,1269,2237,179,4,66,63,1,0,1,12,10,1,0,0,0,10,0,77,1461
1958:Q1,9640,7669,1011,1020,0,936,84,-59,-1,9640,3388,2436,688,1244,1721,164,2,63,60,1,0,2,8,8,0,-0,0,0,14,-3,72,456
1958:Q2,10005,8274,775,1014,0,925,89,-59,0,10005,3343,1981,697,1293,2551,141,2,55,53,1,0,1,6,6,0,-0,0,0,11,-4,65,87
1958:Q3,10608,8995,640,1033,0,942,90,-59,-1,10608,3613,1774,790,1381,2919,132,2,51,50,1,0,1,6,6,0,-0,-0,0,10,-4,61,278
1958:Q4,11228,9190,1020,1078,0,965,113,-59,-1,11228,4094,1999,1022,1597,2375,142,2,56,53,1,0,1,7,7,0,-0,-0,0,12,-4,64,557
1959:Q1,11895,9113,1618,1062,2,932,129,103,-2,11895,4720,2348,1054,1855,1770,148,2,43,41,1,0,1,15,13,1,0,0,0,17,-1,58,1646
1959:Q2,13404,10396,1810,1096,1,958,138,103,-1,13404,4935,2563,1205,1912,2629,161,2,49,46,1,0,2,16,14,1,0,0,0,19,-1,63,1871
1959:Q3,14036,10715,2125,1094,3,962,129,103,-1,14036,4836,2805,1229,2008,2981,178,2,54,51,1,0,2,18,15,1,0,0,0,21,0,68,1979
1959:Q4,12837,9623,2004,1109,7,986,115,103,-1,12837,4648,2836,1093,1706,2376,179,2,54,51,1,0,2,19,16,1,0,0,0,21,0,68,1395
1960:Q1,12796,9376,2235,1070,17,998,55,118,-2,12796,4898,3284,1005,1647,1754,209,2,65,62,2,0,2,13,12,1,-0,0,0,18,3,95,1399
1960:Q2,13078,9703,2135,1125,31,1061,33,118,-3,13078,4399,3381,957,1567,2549,226,2,75,71,2,0,2,14,13,1,-0,0,0,19,4,98,1544
1960:Q3,13114,9860,1927,1212,39,1089,85,118,-2,13114,4162,3143,898,1802,2891,220,2,74,70,2,0,2,14,13,1,-0,0,0,17,4,96,1331
1960:Q4,12360,9490,1493,1261,44,1104,113,118,-1,12360,4098,3022,928,1714,2387,211,2,68,65,1,0,2,12,12,1,-0,0,0,16,3,98,978
1961:Q1,11915,8966,1609,1254,33,1084,138,86,-1,11915,4012,2797,949,2108,1856,192,1,61,58,1,0,2,13,12,1,-0,-0,0,-6,4,108,364
1961:Q2,13040,9805,1807,1343,32,1141,170,86,-1,13040,3998,2932,1066,2060,2786,197,1,65,61,1,0,2,13,13,1,-0,-0,0,-6,5,107,604
1961:Q3,13956,10467,2004,1400,33,1187,180,86,-1,13956,4217,2945,1205,2182,3206,201,1,69,66,1,0,2,13,13,1,-0,-0,0,-6,5,107,833
1961:Q4,13993,10105,2371,1431,38,1228,166,86,-1,13993,4360,3165,1369,2261,2616,222,1,84,80,2,0,2,14,14,1,-0,-0,0,-5,6,109,1248
1962:Q1,13683,9549,2726,1366,30,1212,124,46,-3,13683,4427,3272,1476,2304,1959,245,1,98,93,2,0,3,11,11,1,-0,1,0,11,7,106,1477
1962:Q2,15096,10936,2701,1418,33,1275,110,46,-4,15096,4561,3487,1627,2277,2882,262,1,106,101,2,0,3,12,12,1,-0,1,0,12,7,112,1713
1962:Q3,15766,11419,2834,1472,38,1330,104,46,-4,15766,4500,3539,1680,2450,3337,261,1,101,95,2,0,3,12,12,1,-0,1,0,12,8,115,1733
1962:Q4,14830,10641,2575,1571,49,1407,115,46,-3,14830,4414,3416,1680,2299,2783,239,1,84,78,2,0,3,13,12,1,-0,1,0,11,8,111,2073
1963:Q1,14053,9999,2310,1661,46,1488,127,84,-0,14053,4553,3384,1764,1954,2189,209,0,88,84,2,0,2,8,7,1,0,-0,0,-11,9,108,2130
1963:Q2,16092,11938,2262,1808,66,1592,151,84,1,16092,4910,3652,1979,2033,3306,212,0,78,73,2,0,3,10,9,1,0,-0,0,-11,10,117,2319
1963:Q3,17252,12598,2637,1935,112,1677,147,84,-0,17252,4922,3885,2072,2366,3779,229,0,87,83,2,0,2,11,10,1,0,-0,0,-11,11,120,2362
1963:Q4,16688,11786,2855,1965,98,1725,142,84,-0,16688,5124,4131,2214,1962,2990,267,0,116,111,2,0,3,12,11,1,0,-0,0,-10,12,126,2456
1964:Q1,16534,11576,3002,1903,84,1727,92,51,2,16534,5404,4282,2347,2006,2177,317,0,96,90,2,0,4,29,24,1,0,1,0,25,17,125,2816
1964:Q2,17965,12950,3040,1923,82,1759,81,51,1,17965,5159,4499,2299,1996,3649,364,0,134,127,3,0,4,29,24,1,0,1,0,26,18,131,2995
1964:Q3,18837,13645,3191,1950,79,1785,87,51,1,18837,5087,4782,2292,2010,4266,400,0,163,156,3,0,4,30,24,1,-0,1,0,28,18,136,3284
1964:Q4,17997,12641,3329,1975,75,1806,94,51,1,17997,5138,4989,2279,1902,3272,418,0,177,170,3,0,4,31,25,1,-0,1,0,28,19,138,2660
1965:Q1,17798,11904,3806,2020,58,1835,127,69,-1,17798,5256,5736,2381,1648,2333,445,1,169,162,3,1,4,34,29,2,0,1,0,43,24,144,3923
1965:Q2,19793,13948,3670,2109,82,1879,148,69,-2,19793,5358,6172,2416,1593,3801,453,1,160,153,3,1,4,36,31,2,0,1,0,45,25,155,3686
1965:Q3,21408,14910,4222,2210,101,1938,171,69,-2,21408,5397,6646,2451,1765,4693,456,1,148,141,3,1,4,39,33,1,0,1,0,47,27,161,3956
1965:Q4,21257,14474,4383,2333,121,2030,182,69,-2,21257,5427,7263,2519,1679,3911,460,1,127,119,3,1,4,42,37,1,0,1,0,49,29,174,4361
1966:Q1,21300,13612,5061,2444,114,2119,212,182,-0,21300,5452,7851,2584,2110,2847,456,1,168,161,3,1,4,32,25,2,0,1,0,46,19,164,5009
1966:Q2,22462,14546,5190,2546,137,2194,215,182,-1,22462,5108,8164,2472,1963,4309,448,1,150,143,3,1,4,34,27,2,0,1,0,48,20,167,4144
1966:Q3,23306,14977,5522,2625,163,2255,207,182,-0,23306,4812,8276,2331,2478,4968,442,1,139,132,2,1,4,35,27,2,0,1,0,47,20,170,4467
1966:Q4,21742,13126,5760,2675,188,2288,199,182,-0,21742,4260,8205,2082,2489,4264,443,1,141,134,3,1,4,36,28,2,0,1,0,47,21,167,4234
1967:Q1,19860,11878,5166,2616,156,2281,179,201,-0,19860,4082,7737,1868,2504,3233,436,2,75,69,3,1,4,42,32,2,0,1,0,97,25,160,3693
1967:Q2,21683,13967,4932,2584,151,2278,155,201,-1,21683,4717,7546,1952,2180,4832,457,2,106,99,3,1,4,41,32,2,1,1,0,97,25,153,4307
1967:Q3,22760,15036,4937,2587,140,2280,168,201,-1,22760,5010,7384,1982,2530,5365,489,2,149,142,3,1,3,39,30,1,-0,1,0,95,24,149,4072
1967:Q4,22644,14773,5059,2611,142,2281,188,201,-0,22644,5430,7678,2180,2268,4525,562,2,213,207,3,1,3,40,31,2,0,1,0,98,24,152,3931
1968:Q1,22013,14096,5110,2575,120,2269,187,235,-2,22013,5448,8120,2340,1919,3531,658,2,154,144,4,1,5,41,32,3,1,1,0,208,41,175,4831
1968:Q2,23496,16042,4590,2632,131,2287,213,235,-2,23496,5500,7769,2384,1860,5298,685,2,196,187,4,1,5,40,31,3,1,1,0,205,40,168,5004
1968:Q3,24202,16618,4705,2648,144,2293,210,235,-3,24202,5494,7885,2517,1700,5891,716,2,224,214,4,1,5,40,32,2,0,1,0,208,41,167,5695
1968:Q4,24045,16276,4886,2651,157,2297,197,235,-3,24045,5779,8388,2841,1485,4808,744,2,228,218,4,1,5,43,33,2,0,1,0,217,43,176,5338
1969:Q1,24343,15859,5696,2565,149,2248,168,232,-8,24343,6075,8731,3171,1810,3825,732,2,296,285,4,1,6,42,31,3,1,1,0,112,48,197,5316
1969:Q2,25305,17480,5037,2565,189,2224,152,232,-9,25305,5979,8807,3294,1176,5340,709,2,264,253,4,1,6,44,32,4,1,1,0,113,50,201,5048
1969:Q3,26130,18073,5317,2516,243,2177,97,232,-8,26130,5867,9183,3441,1274,5656,708,2,237,227,4,1,6,47,34,3,0,1,0,117,53,214,4707
1969:Q4,23260,15969,4629,2439,291,2081,67,232,-8,23260,5321,8976,3280,649,4352,682,2,209,199,4,1,6,47,35,3,0,1,0,116,55,214,4431
1970:Q1,22182,14847,4739,2188,281,1884,24,412,-4,22182,5224,8700,3268,951,3380,657,3,168,160,3,1,5,54,41,3,1,2,0,96,65,226,3872
1970:Q2,22834,16044,4374,2009,303,1728,-23,412,-4,22834,4950,8529,3178,766,4747,664,3,172,164,3,0,4,55,41,3,1,2,0,95,66,227,3964
1970:Q3,23595,17141,4192,1854,295,1613,-53,412,-4,23595,5088,8337,3248,515,5715,693,3,208,200,3,1,4,54,41,3,1,2,0,95,65,223,3924
1970:Q4,22403,16982,3338,1674,263,1484,-72,412,-4,22403,5770,7389,3403,595,4548,698,3,252,245,3,1,4,48,37,3,0,2,0,87,60,208,2504
1971:Q1,21551,16817,2679,1572,197,1423,-49,485,-1,21551,6399,7431,3676,-271,3538,778,8,267,254,4,1,8,49,41,4,1,2,0,55,69,284,4539
1971:Q2,24538,19745,2766,1542,210,1391,-59,485,-0,24538,7433,7605,4115,-355,4899,840,8,318,305,5,1,8,51,42,4,1,1,0,56,72,290,4742
1971:Q3,26097,21242,2823,1548,225,1373,-49,485,-1,26097,8034,7571,4307,-80,5415,850,8,323,311,4,1,7,51,43,4,1,1,0,55,73,292,4945
1971:Q4,25965,21171,2684,1627,255,1399,-26,485,-2,25965,8578,7940,4531,-559,4631,844,9,299,286,5,1,8,54,45,4,1,2,0,56,77,300,5637
1972:Q1,27270,21330,3757,1762,238,1481,42,428,-7,27270,9466,8836,4976,-287,3475,804,5,274,263,4,1,7,37,32,4,0,2,0,35,74,343,5879
1972:Q2,29509,22851,4413,1824,251,1510,63,428,-7,29509,9704,9152,5073,232,4566,782,5,244,233,4,1,7,37,32,4,0,2,0,36,75,348,6181
1972:Q3,29907,23769,3949,1768,259,1470,39,428,-7,29907,9903,9301,5159,-558,5312,790,5,245,234,4,1,7,38,33,4,0,2,0,36,77,351,6570
1972:Q4,32032,24433,5407,1770,244,1520,6,428,-6,32032,10780,10227,5699,-241,4675,892,6,316,304,5,1,7,40,34,4,0,2,0,41,80,369,7467
1973:Q1,33746,24427,7139,1850,247,1579,24,376,-47,33746,11442,10998,6164,378,3718,1046,7,328,308,7,1,11,63,59,4,0,4,0,125,87,371,9237
1973:Q2,35333,25402,7780,1820,270,1557,-7,376,-46,35333,11021,11880,6141,164,4928,1198,7,433,412,7,1,12,67,63,4,0,4,0,134,93,395,8506
1973:Q3,35401,26129,7215,1728,295,1474,-42,376,-46,35401,10752,12239,5987,-520,5633,1311,7,521,500,8,2,13,69,65,5,0,4,0,136,95,409,7734
1973:Q4,33525,24499,7030,1665,325,1406,-66,376,-45,33525,10141,12315,5531,-725,4870,1393,7,603,582,7,1,13,70,66,5,0,4,0,135,97,408,6574
1974:Q1,31942,22557,7379,1681,308,1333,40,339,-14,31942,9281,12383,4849,-199,4131,1498,8,558,530,9,2,17,83,79,2,0,6,0,197,84,481,5632
1974:Q2,33872,24417,7521,1608,314,1279,16,339,-13,33872,8934,12662,4376,183,6127,1590,8,638,610,9,2,17,84,80,2,0,5,0,200,84,489,6051
1974:Q3,34085,24074,8199,1485,365,1143,-22,339,-13,34085,8907,12754,3995,109,6648,1673,8,711,682,10,2,17,86,82,2,1,6,0,204,87,487,6521
1974:Q4,29909,20703,7521,1359,431,1006,-78,339,-14,29909,7550,12127,3103,190,5241,1699,8,733,704,10,2,17,88,85,2,1,6,0,201,90,488,3163
1975:Q1,24197,17474,4984,1406,488,983,-66,329,5,24197,7159,9862,2368,-53,3244,1618,12,656,622,13,3,19,119,114,1,0,5,0,177,81,454,3640
1975:Q2,25425,19616,4151,1324,465,949,-90,329,5,25425,7741,8727,2112,-308,5583,1570,12,666,633,12,3,18,112,109,1,0,4,0,169,74,424,4211
1975:Q3,29789,22914,5195,1346,416,997,-68,329,5,29789,8761,8655,2152,659,7973,1589,12,705,673,12,3,18,108,105,1,0,4,0,170,69,415,5886
1975:Q4,29991,22612,5535,1510,394,1112,4,329,6,29991,9609,8960,2228,811,6774,1610,12,736,703,12,3,18,105,103,1,0,4,0,171,66,411,6851
1976:Q1,29592,21893,5339,1839,341,1315,184,511,10,29592,11066,9813,2563,715,3783,1653,11,797,758,17,3,20,98,98,1,1,2,0,178,71,397,7907
1976:Q2,33375,25319,5414,2120,386,1447,287,511,11,33375,11841,10365,2690,640,6189,1651,11,778,738,17,3,20,101,101,1,1,2,0,181,74,402,7804
1976:Q3,35677,26506,6356,2294,422,1498,375,511,11,35677,11698,11203,2677,909,7533,1657,12,756,714,18,3,21,105,105,0,0,2,0,187,77,414,8080
1976:Q4,36883,27067,6902,2393,454,1519,420,511,10,36883,14036,11891,3162,819,5343,1633,12,707,664,19,3,22,108,108,0,0,3,0,192,81,422,8692
1977:Q1,37181,25387,8576,2539,377,1657,506,692,-13,37181,15052,13485,3526,927,2562,1629,10,727,682,22,2,22,102,101,1,-0,2,0,200,93,393,9391
1977:Q2,44953,32480,9226,2568,342,1730,497,692,-12,44953,17760,14563,4211,1147,5617,1656,10,721,673,23,3,22,104,103,1,-0,2,0,210,94,412,9762
1977:Q3,47896,34842,9757,2618,299,1831,488,692,-12,47896,18117,15408,4442,1107,7102,1722,11,767,717,24,3,23,104,103,0,-1,3,0,218,94,423,10156
1977:Q4,47591,33151,11131,2630,283,1913,434,692,-13,47591,18164,16752,4784,754,5242,1895,12,893,840,25,3,25,107,106,0,-1,3,0,233,99,444,10795
1978:Q1,45384,30736,10890,2849,364,2107,379,940,-31,45384,18569,16811,5067,627,2262,2050,7,901,824,41,3,33,140,136,1,0,3,0,265,106,492,9013
1978:Q2,57295,39539,13849,2997,433,2214,350,940,-30,57295,20210,20556,6446,1136,6450,2498,9,1148,1059,48,4,38,163,158,1,0,3,0,306,124,588,12249
1978:Q3,63544,44965,14404,3267,515,2367,384,940,-31,63544,20626,22083,7350,1564,9174,2748,9,1295,1202,50,4,40,177,171,2,0,3,0,320,132,640,11214
1978:Q4,64735,44701,15588,3537,606,2470,461,940,-30,64735,20544,23586,8350,1747,7526,2983,10,1427,1329,53,4,41,191,184,1,0,3,0,337,142,688,11342
1979:Q1,61058,39226,17019,4001,638,2663,700,823,-11,61058,19513,24622,9268,1389,2984,3281,6,1307,1180,79,4,45,262,243,3,1,2,0,329,293,837,10727
1979:Q2,65339,44269,16054,4203,715,2749,739,823,-11,65339,19129,24419,9702,1575,7126,3388,6,1392,1267,77,4,45,268,249,3,1,2,0,321,297,848,9182
1979:Q3,72349,49769,17419,4348,785,2861,702,823,-11,72349,19142,26313,10232,2381,10543,3737,6,1618,1486,81,4,47,286,266,3,1,2,0,334,313,908,9969
1979:Q4,69137,48038,15837,4450,865,3038,547,823,-11,69137,18207,26378,9640,1805,9144,3963,6,1819,1689,80,4,46,294,274,3,1,2,0,324,318,924,8464
1980:Q1,64201,42441,16105,4530,808,3157,566,1144,-19,64201,16477,27445,8489,2523,4930,4338,13,1754,1562,129,5,58,291,266,4,1,2,0,391,398,1219,7685
1980:Q2,56563,39205,11804,4429,862,3175,392,1144,-18,56563,11372,24045,6012,2371,8564,4199,11,1793,1619,117,5,53,275,252,3,1,2,0,342,378,1143,1410
1980:Q3,60173,42895,11659,4494,944,3294,256,1144,-18,60173,12203,24175,6310,2424,10682,4380,12,1930,1754,119,5,54,281,258,4,1,2,0,344,389,1161,3499
1980:Q4,63012,44965,12178,4744,1026,3523,195,1144,-18,63012,14630,25095,7691,2538,8462,4597,12,2034,1852,122,5,55,295,271,4,1,2,0,353,405,1220,5122
1981:Q1,61046,41247,13152,5325,954,3655,717,1338,-16,61046,14076,26322,8815,2611,4450,4772,19,1972,1781,129,5,56,323,291,4,1,2,0,306,467,1388,6579
1981:Q2,66005,45346,13732,5604,991,3758,855,1338,-16,66005,13398,27567,9470,3221,7362,4987,19,2044,1848,133,5,58,340,307,5,1,2,0,315,484,1471,4579
1981:Q3,68291,46470,14637,5862,1079,3969,815,1338,-15,68291,11663,28889,9337,3444,9715,5244,20,2168,1964,138,6,60,356,321,5,1,2,0,326,504,1542,6101
1981:Q4,66189,45124,13451,6293,1220,4090,984,1338,-16,66189,9756,30807,8778,3626,7612,5612,21,2333,2126,141,6,61,383,345,6,2,2,0,328,524,1670,1683
1982:Q1,55967,37633,10321,6019,1186,3994,839,1984,10,55967,9045,28351,7177,3007,2855,5532,23,1898,1689,139,6,65,413,370,7,1,5,0,276,684,1857,3893
1982:Q2,55188,38811,8314,6070,1221,4082,767,1984,9,55188,8749,25144,5673,3815,6429,5379,21,1982,1789,128,5,60,388,348,6,1,4,0,231,655,1744,3906
1982:Q3,53516,38990,6303,6230,1176,4296,758,1984,9,53516,8894,22053,4423,3631,9274,5241,19,2129,1952,118,5,55,357,320,6,1,3,0,191,622,1595,3969
1982:Q4,51257,37422,5500,6340,1103,4450,788,1984,11,51257,10698,20057,3909,4118,7242,5233,18,2343,2179,109,5,51,332,298,5,1,3,0,157,589,1489,6402
1983:Q1,49611,36545,4891,6078,1027,4328,724,1974,123,49611,14724,18053,4087,4640,2900,5207,10,1391,1251,91,4,46,373,334,9,2,22,0,782,809,1476,8078
1983:Q2,57457,41487,7254,6620,1250,4541,829,1974,123,57457,17928,18366,4647,4839,6259,5418,10,1632,1491,91,4,47,368,329,8,1,22,0,807,833,1408,12085
1983:Q3,69502,49768,10194,7443,1573,4909,961,1974,123,69502,21125,21151,5777,5564,9982,5905,11,1898,1749,97,4,49,390,349,8,1,24,0,859,893,1472,14265
1983:Q4,75239,49002,15654,8487,1801,5584,1102,1974,123,75239,22899,25628,7002,6169,6973,6567,13,2215,2047,109,4,56,422,378,8,1,26,0,956,972,1577,17193
1984:Q1,75934,49048,16785,8327,1596,5568,1163,1697,78,75934,23955,27673,7858,5975,3639,6835,8,1855,1688,106,4,57,468,418,13,3,40,0,1227,1060,1745,19276
1984:Q2,86985,56827,19199,9185,1812,6117,1255,1697,77,86985,24766,31324,9033,6392,8086,7385,8,2065,1886,114,4,61,501,448,14,3,43,0,1303,1128,1873,20542
1984:Q3,93088,61757,19792,9764,2080,6400,1285,1697,78,93088,24387,33239,9739,5753,12203,7768,9,2243,2059,117,4,63,522,466,14,3,44,0,1342,1179,1946,19321
1984:Q4,93464,59211,22407,10072,2345,6474,1254,1697,77,93464,24417,34201,10497,6892,9363,8093,9,2437,2252,119,4,63,535,477,15,3,45,0,1375,1221,1978,20933
1985:Q1,89711,56595,21346,10395,2118,7245,1031,1350,26,89711,24230,33931,11094,7278,4868,8311,21,2041,1820,141,5,75,734,651,20,3,62,0,1364,1344,2072,22553
1985:Q2,97576,62657,22698,10845,2233,7580,1032,1350,26,97576,24245,33972,11528,8527,10693,8611,21,2336,2116,140,5,75,734,651,19,3,62,0,1376,1353,2057,22266
1985:Q3,100906,66704,21746,11081,2169,7838,1075,1350,26,100906,24760,31591,11358,10149,14471,8578,20,2591,2385,132,5,70,705,626,19,3,59,0,1310,1298,1949,26346
1985:Q4,99371,64264,22406,11325,2245,7884,1196,1350,26,99371,25879,32586,11670,9604,10559,9073,20,3022,2813,133,5,71,714,633,19,3,60,0,1326,1314,1965,22116
1986:Q1,93300,61090,18382,10891,1970,7638,1283,2985,-48,93300,27704,30509,11295,8240,6452,9102,23,2125,1901,142,5,77,773,686,23,4,77,0,1726,1673,1993,22559
1986:Q2,98957,65547,19567,10907,2063,7406,1438,2985,-48,98957,30353,27538,11187,8913,12005,8961,21,2406,2196,133,5,73,714,634,21,4,73,0,1706,1594,1790,24959
1986:Q3,103718,69250,20605,10925,2047,7382,1497,2985,-48,103718,31420,25379,10998,10872,16125,8925,20,2650,2451,126,5,69,683,606,20,4,71,0,1658,1540,1676,32289
1986:Q4,99393,65066,20320,11070,2110,7464,1496,2985,-49,99393,32167,25055,11230,10273,11483,9185,19,2922,2725,125,5,68,683,606,20,4,70,0,1658,1543,1660,28870
1987:Q1,89175,59684,17131,10569,1893,7391,1286,1792,-1,89175,32531,20642,10803,9567,6887,8745,22,2707,2505,124,6,72,679,612,22,5,44,0,1345,1681,1631,22215
1987:Q2,97382,66237,18575,10779,2093,7488,1197,1792,-1,97382,33344,21011,11072,10905,12249,8802,22,2683,2480,125,6,73,688,620,22,5,45,0,1362,1715,1642,25459
1987:Q3,103849,71770,19356,10932,2300,7499,1133,1792,-1,103849,33614,22662,11165,11296,16369,8743,23,2429,2222,127,6,74,715,645,23,5,46,0,1383,1773,1703,28777
1987:Q4,98876,69281,16607,11196,2500,7570,1126,1792,-0,98876,34231,22608,10718,10568,12719,8031,22,1807,1610,121,5,71,717,647,24,5,44,0,1315,1771,1681,24451
1988:Q1,89772,59894,17543,10394,2230,6957,1207,1966,-25,89772,34108,20206,10858,7545,7289,9766,16,3601,3343,159,7,92,707,658,22,6,38,0,1456,1622,1640,27425
1988:Q2,99516,68842,18295,10438,2418,7002,1018,1966,-25,99516,34856,23036,11141,7477,13974,9032,16,2703,2439,162,8,94,727,677,23,6,39,0,1490,1667,1684,26698
1988:Q3,102106,71514,18055,10597,2684,6992,920,1966,-25,102106,34765,23467,10773,6952,17520,8629,16,2360,2101,159,8,92,721,672,23,7,38,0,1478,1669,1647,24107
1988:Q4,100991,68326,19434,11290,2977,7017,1296,1966,-25,100991,35238,24974,10659,7100,13960,9060,16,2710,2449,160,7,93,729,681,23,7,38,0,1504,1703,1651,25824
1989:Q1,95164,62027,19736,10871,2950,6761,1159,2540,-9,95164,34855,25646,10900,6143,8281,9341,20,2311,2041,165,7,98,925,862,24,6,39,0,1946,1524,1685,24684
1989:Q2,100851,66502,20463,11356,3468,6669,1219,2540,-9,100851,33283,25698,10410,6181,14643,10637,20,3505,3235,165,7,99,936,872,24,7,39,0,1984,1565,1685,24513
1989:Q3,108603,71474,22592,12006,4026,6665,1316,2540,-9,108603,33058,28721,10336,6690,18946,10852,21,3392,3112,171,7,102,982,913,25,7,41,0,2049,1651,1771,25973
1989:Q4,99565,66460,17940,12635,4427,6831,1377,2540,-9,99565,31514,28859,8829,5335,15576,9452,20,2267,2007,159,6,95,964,899,25,7,38,0,1929,1611,1692,21173
1990:Q1,97269,63639,19991,11921,3725,6921,1275,1724,-6,97269,32185,31265,7667,6221,10403,9529,21,3158,2997,99,4,58,1073,1014,21,9,30,0,1738,1037,1429,26213
1990:Q2,97652,67206,16456,12271,3773,7185,1313,1724,-7,97652,30020,30054,5827,6775,16573,8404,19,2393,2248,90,4,52,1045,990,21,9,28,90,1503,969,1338,20213
1990:Q3,98433,67344,17451,11919,3345,7181,1392,1724,-5,98433,27561,31170,4498,6206,20784,8213,19,2294,2149,89,4,52,1036,982,20,9,28,88,1504,930,1305,17826
1990:Q4,87387,58099,15567,12002,3689,6884,1430,1724,-6,87387,24751,29099,2934,5510,17763,7331,18,1698,1565,82,3,48,996,948,19,8,25,94,1439,893,1193,13697
1991:Q1,71756,47142,11417,10741,3022,6519,1200,2466,-9,71756,22438,27038,1473,4266,10306,6233,24,1792,1694,60,3,34,894,914,15,8,18,107,791,737,934,10259
1991:Q2,78723,54643,10192,11431,3047,7139,1246,2466,-9,78723,24141,25423,1167,5504,16826,5661,23,1477,1390,54,3,31,862,892,14,8,16,352,480,691,847,9677
1991:Q3,81056,57607,9825,11167,2935,6894,1338,2466,-9,81056,26079,23209,455,3923,21795,5596,22,1684,1605,49,2,28,818,854,13,7,15,188,622,645,729,11009
1991:Q4,74905,53380,7202,11866,3099,7365,1402,2466,-8,74905,27077,22887,-278,3010,17527,4684,21,915,844,44,2,25,797,840,13,7,14,-150,933,625,670,8419
1992:Q1,70570,50182,6474,10548,2923,6275,1351,3369,-3,70570,29855,22352,-837,3109,11746,4346,28,1942,1780,103,4,56,966,994,12,10,3,-162,286,-577,845,12691
1992:Q2,83706,58626,11022,10692,3021,6229,1442,3369,-2,83706,32281,26104,-765,3550,17384,5152,30,2445,2262,115,5,63,1013,1038,12,10,5,145,84,-554,925,13029
1992:Q3,89038,62348,12736,10589,3229,5897,1464,3369,-4,89038,32224,27858,-510,3289,21192,4986,31,2135,1943,121,5,66,1044,1064,12,10,6,-274,539,-550,969,14541
1992:Q4,89238,60513,14400,10959,3559,5846,1555,3369,-3,89238,34193,30261,497,3177,15309,5801,33,2687,2482,129,6,71,1096,1112,13,11,7,169,161,-534,1048,16144
1993:Q1,80740,52701,16619,9807,2998,5218,1592,1671,-59,80740,33732,30266,1607,1615,7990,5529,105,116,158,-26,-2,-14,642,690,13,14,56,-87,2568,918,497,14585
1993:Q2,91300,60860,19031,9797,3087,5071,1639,1671,-58,91300,34390,30442,2632,1278,15726,6831,108,1202,1237,-22,-1,-12,661,707,13,14,59,-35,2643,950,511,18543
1993:Q3,98762,69959,17788,9403,3187,4542,1673,1671,-58,98762,36860,30634,3214,397,21834,5824,109,182,220,-24,-2,-13,666,708,13,14,59,-270,2888,951,506,19071
1993:Q4,103594,69996,22829,9156,3128,4305,1724,1671,-58,103594,40120,34980,4127,362,17392,6613,116,467,490,-14,-1,-8,717,754,14,15,64,405,2430,1035,598,21567
1994:Q1,95457,61547,23304,8515,2785,3985,1746,2113,-22,95457,41795,35484,3651,-1815,9021,7322,121,1016,1060,-28,-2,-15,1011,997,12,9,58,-268,3615,378,373,21448
1994:Q2,107101,72975,23445,8591,2755,4019,1817,2113,-23,107101,44289,36670,4180,-1524,16501,6985,122,565,609,-28,-2,-15,1043,1026,13,9,58,26,3331,387,405,22481
1994:Q3,115446,78606,25692,9058,2789,4363,1906,2113,-22,115446,42914,38379,4414,-215,23123,6832,125,276,320,-28,-2,-15,1056,1042,13,10,60,108,3341,396,405,23209
1994:Q4,113262,72971,29093,9107,2620,4460,2028,2113,-23,113262,41317,43232,5359,-1416,17395,7374,134,304,333,-18,-1,-10,1114,1095,14,10,64,417,3301,449,474,26523
1995:Q1,110812,65990,34665,8917,2287,4492,2138,1261,-21,110812,38997,49049,6827,-818,9981,6775,244,776,834,-36,-2,-20,996,956,15,10,39,-142,2938,381,564,22623
1995:Q2,116394,72597,33055,9501,2415,4764,2322,1261,-20,116394,36082,49359,7120,-1033,18565,6301,245,297,358,-39,-2,-21,1004,966,15,11,38,437,2330,379,580,22038
1995:Q3,123511,81205,30662,10403,2728,5188,2488,1261,-20,123511,38044,48759,7747,-1661,24245,6378,245,383,451,-42,-2,-24,1011,976,16,11,38,148,2591,376,584,24379
1995:Q4,120906,76782,31986,10898,2970,5432,2497,1261,-21,120906,39539,50111,7821,-2308,19063,6679,251,431,495,-40,-2,-22,1050,1013,16,11,40,862,1994,399,611,25496
1996:Q1,120516,71999,36427,11701,2895,6165,2641,393,-4,120516,41972,52183,7686,160,10848,7668,224,1355,1244,68,4,39,306,350,14,10,61,-137,4330,447,710,25940
1996:Q2,135630,85805,36617,12819,3338,6645,2837,393,-4,135630,45798,54027,7966,-527,19702,8664,231,1996,1871,77,5,44,342,385,14,10,63,4242,114,483,785,27963
1996:Q3,146789,92974,39573,13855,3821,7074,2960,393,-5,146789,46631,57765,8174,-1274,25971,9521,243,2287,2140,90,6,52,393,435,15,10,67,-127,4772,538,889,27704
1996:Q4,142974,89691,37994,14902,4653,7474,2775,393,-4,142974,46022,60598,8508,-2226,21109,8963,251,1336,1174,100,6,57,444,483,16,11,70,1304,3451,583,1015,28619
1997:Q1,135995,81202,37272,16016,5520,7794,2703,1574,-70,135995,46692,62160,9100,-3965,12903,9106,243,2905,2628,169,10,98,483,493,16,11,42,-359,3859,650,763,31530
1997:Q2,149216,90925,39955,16831,6220,7862,2749,1574,-69,149216,48023,64148,9672,-2767,21501,8640,251,2142,1855,175,10,102,511,520,16,11,44,832,2832,676,806,27820
1997:Q3,167482,101802,46322,17855,6946,8192,2716,1574,-71,167482,49892,69981,10702,-1637,28664,9879,270,2590,2261,201,12,117,593,595,17,11,48,802,3225,762,968,33134
1997:Q4,159260,96470,42769,18516,7831,7834,2850,1574,-69,159260,51698,66416,10347,-2214,22549,10464,266,3313,2994,195,11,113,590,590,17,12,47,830,3080,751,969,35098
1998:Q1,155641,88165,47281,17976,6626,8317,3033,2235,-15,155641,54512,67944,10462,-3411,13984,12152,229,2154,1724,258,16,156,999,861,20,13,50,-316,5709,1370,1064,34530
1998:Q2,175308,105667,48395,19026,7315,8787,2924,2235,-15,175308,58419,69517,11466,-2111,23647,14370,238,4003,3553,271,16,163,1048,904,22,14,52,357,5141,1432,1161,40472
1998:Q3,188513,117238,48431,20625,8271,9479,2875,2235,-16,188513,61385,70617,11586,-520,31823,13623,238,3287,2844,267,16,161,1057,911,22,14,52,3279,2168,1437,1159,42504
1998:Q4,187755,112420,51105,22011,9288,9783,2940,2235,-15,187755,63824,72083,12698,-1690,24709,16131,244,5377,4920,275,17,166,1105,949,22,14,54,-1513,7184,1487,1208,50104
1999:Q1,182411,104253,54792,20246,7585,9748,2913,3116,5,182411,63789,75085,13750,-2772,16832,15728,353,4427,4020,242,14,151,1114,884,19,14,40,-607,6933,1595,957,48163
1999:Q2,199232,115684,56954,23473,10132,10588,2754,3116,5,199232,65157,78396,14695,-623,26034,15575,358,3928,3517,245,14,153,1172,927,18,14,41,-720,7188,1646,1003,54608
1999:Q3,211006,123460,58726,25699,11505,11363,2832,3116,6,211006,65512,81196,15416,-405,33870,15418,363,3535,3121,246,14,154,1212,957,18,14,42,-778,7347,1685,1026,55988
1999:Q4,203136,119180,54038,26797,11823,12029,2945,3116,5,203136,65808,79272,15777,507,28313,13460,355,2121,1738,228,13,142,1172,924,18,14,41,-813,7038,1643,949,54646
2000:Q1,200874,113135,57599,25327,9518,12599,3210,4905,-91,200874,67289,84699,16929,-2332,20470,13820,121,4019,3725,173,9,112,1039,856,14,16,39,-897,6276,2041,297,68083
2000:Q2,217429,125386,61089,26141,10178,12609,3354,4905,-91,217429,67537,91424,17471,-1103,29076,13024,129,2717,2400,187,10,120,1095,893,15,17,41,-967,6596,2133,357,60505
2000:Q3,224459,133968,58846,26830,9917,13645,3269,4905,-91,224459,66978,93027,17215,-1713,36362,12591,131,2358,2040,188,10,121,1084,892,16,18,41,-704,6260,2145,350,59758
2000:Q4,218724,128556,56857,28497,10910,14402,3185,4905,-90,218724,68209,92923,16412,-584,28960,12805,130,2635,2318,187,10,121,1101,907,16,18,41,-606,6034,2158,372,58339
2001:Q1,198741,115525,51668,25819,9004,13982,2833,5658,71,198741,68804,83806,15298,-2060,20615,12278,9,3298,2930,213,12,144,1216,841,15,14,35,45,4645,2023,137,57544
2001:Q2,203703,133971,40439,23565,7446,13693,2427,5658,71,203703,70300,73938,14393,163,34165,10745,-1,3077,2761,182,10,123,1075,734,15,14,31,1017,2932,1876,-26,53284
2001:Q3,200321,140631,32708,21254,6008,12959,2288,5658,71,200321,71515,68095,14047,-139,37413,9391,-5,2449,2157,169,10,115,995,672,15,14,30,-606,4132,1799,-104,52415
2001:Q4,182735,127829,30252,18925,4245,12377,2303,5658,71,182735,71141,56049,13335,1431,32493,8286,-18,2241,2018,129,7,87,851,558,13,12,25,-194,3483,1621,-305,67433
2002:Q1,133897,90130,19528,17972,3712,11740,2521,6245,23,133897,74888,45687,-17939,753,23134,7375,-91,1042,788,143,8,103,659,219,4,4,42,-343,4499,746,595,61024
2002:Q2,189852,136840,28469,18275,3650,11923,2702,6245,23,189852,78091,38915,27151,3876,33728,8091,-94,2114,1889,127,7,91,625,192,4,4,40,-293,4275,688,538,59280
2002:Q3,196112,148007,23130,18706,4060,11707,2940,6245,24,196112,78108,35004,27796,5315,42014,7876,-98,2233,2036,111,6,80,598,165,2,2,37,-229,4045,634,487,62457
2002:Q4,176277,124898,28142,16969,1917,12033,3019,6245,23,176277,80703,32016,19130,5391,33304,5733,-105,1128,980,83,5,60,440,46,2,2,33,-218,3625,515,265,56116
2003:Q1,130591,89276,17141,17458,2577,11660,3221,6702,14,130591,83898,33554,-18601,4189,22914,4636,-67,1603,1378,124,7,95,1202,57,3,3,22,441,1323,297,-247,52782
2003:Q2,199837,144508,30196,18418,2695,12110,3613,6702,13,199837,85506,39772,29788,6018,34041,4712,-66,1317,1070,135,7,104,1244,76,3,4,24,-224,2220,331,-216,59044
2003:Q3,221171,170446,24040,19971,4226,12158,3587,6702,12,221171,93232,41790,29673,6403,43674,6399,-64,2474,2202,149,8,115,1369,139,3,4,26,-214,2386,388,-110,64836
2003:Q4,206486,145298,34390,20082,4560,12082,3441,6702,13,206486,98871,43032,17468,6304,33546,7266,-65,3185,2903,155,9,119,1401,149,3,4,27,-207,2460,403,-94,63505
2004:Q1,157460,105151,26286,20244,5175,11781,3288,5841,-60,157460,101984,37732,-17662,5131,22950,7325,-15,3344,3002,182,10,151,561,188,29,32,44,-199,3538,621,-818,64539
2004:Q2,234513,171108,38009,19618,4777,11703,3137,5841,-62,234513,108683,41726,32521,6758,35541,9285,-13,4776,4402,198,11,165,589,205,29,33,47,-190,3948,667,-805,61700
2004:Q3,254589,193149,34551,21110,6093,11852,3166,5841,-61,254589,111259,47037,35005,8383,42620,10284,-9,5129,4710,223,12,184,702,278,31,34,52,-183,4212,753,-714,63055
2004:Q4,234989,161446,46748,21016,5910,11736,3370,5841,-61,234989,114228,51364,18995,7661,32442,10300,-8,4771,4326,236,13,196,733,297,32,36,54,-174,4470,794,-704,66292
2005:Q1,186207,118942,37206,24382,6125,14228,4030,5707,-30,186207,118412,56253,-25356,6598,21422,8878,-70,4751,4529,115,7,101,29,-27,21,29,55,-168,4972,447,-1161,63607
2005:Q2,273833,191045,52010,25102,6978,14010,4113,5707,-31,273833,122658,59358,39572,8036,35430,8778,-69,4210,3964,127,7,112,90,15,22,30,58,-162,5200,497,-1113,67029
2005:Q3,293201,215586,47124,24816,6787,13949,4080,5707,-31,293201,127225,63457,41262,8927,43669,8660,-69,3581,3304,143,8,126,136,49,22,31,62,-155,5527,549,-1073,66864
2005:Q4,266201,182029,56123,22374,5851,12525,3999,5707,-32,266201,128192,63575,25865,7917,32864,7788,-69,2759,2466,151,9,133,121,30,24,33,64,-150,5527,554,-1104,55955
2006:Q1,219140,136327,53162,23939,5918,13945,4076,5759,-47,219140,128797,71939,-20964,8260,22845,8263,-5,3956,3478,232,15,232,-52,-98,9,19,55,-143,4835,1032,-1347,63608
2006:Q2,294881,200763,64016,24388,6007,14556,3826,5759,-47,294881,119982,75158,43753,9414,39023,7551,-3,3123,2610,249,16,248,-26,-79,9,22,59,-137,4844,1076,-1338,59463
2006:Q3,291318,204710,54196,26701,6451,16708,3542,5759,-48,291318,109277,78122,40342,8124,47195,8257,-1,3688,3149,262,17,261,1,-55,10,23,62,-134,4876,1120,-1331,59392
2006:Q4,253355,158466,60320,28858,7050,18383,3425,5759,-47,253355,100986,78053,20790,8558,35150,9817,0,5139,4582,271,17,270,32,-30,10,23,64,-133,4870,1158,-1317,58732
2007:Q1,190915,109941,46597,28418,8016,17014,3389,6181,-224,190915,92409,79848,-24564,7529,23909,11786,27,4243,3942,155,4,143,283,54,16,46,89,-129,5065,2213,-121,60079
2007:Q2,271276,175005,61816,28498,7715,17680,3103,6181,-223,271276,84718,84490,39256,10254,40619,11941,31,4187,3852,173,4,159,298,65,17,50,96,-124,5153,2275,-105,58997
2007:Q3,273892,185221,54666,28047,7992,17289,2766,6181,-224,273892,74460,85879,40304,10027,50819,12404,35,4619,4254,188,4,173,327,82,18,54,102,-119,5026,2330,-68,57767
2007:Q4,242252,141935,64400,29957,8802,18729,2427,6181,-222,242252,62593,87160,31551,9423,39137,12389,38,4565,4180,198,5,183,366,110,19,57,106,-115,4878,2386,-21,56488
2008:Q1,167593,88967,44658,29361,9087,17977,2298,4621,-14,167593,51743,87486,-15253,8539,24938,10140,-40,7130,6777,146,9,198,348,2,27,50,-6,-111,421,1313,1006,47404
2008:Q2,225580,139657,51205,30113,9459,18848,1806,4621,-14,225580,46515,86259,31371,11838,41635,7963,-41,5333,4982,145,10,196,334,-11,27,52,-8,-107,89,1302,993,41026
2008:Q3,220278,149094,39104,27475,9405,16772,1298,4621,-15,220278,40874,78172,30206,12456,52682,5889,-44,3888,3557,137,9,186,287,-50,28,52,-15,-104,-327,1247,927,29628
2008:Q4,164036,107548,26992,24889,7739,16143,1007,4621,-15,164036,29903,61936,21210,12998,37491,499,-51,588,336,104,7,142,91,-192,26,50,-36,-99,-1512,1010,624,7223
2009:Q1,53410,46549,-16029,16355,4807,10936,612,6539,-4,53410,20140,33378,-29789,9905,23248,-3472,-19,1185,1039,61,4,81,89,-148,21,31,-368,-96,-6776,2221,388,6795
2009:Q2,96002,78600,-9334,20202,6162,13378,662,6539,-4,96002,14423,20370,10253,12779,41073,-2895,-23,2249,2167,35,2,45,45,-178,19,26,-378,-93,-6920,2041,316,4832
2009:Q3,111950,90184,-7047,22277,7207,14249,821,6539,-3,111950,18045,16647,14705,13503,51727,-2677,-23,2239,2174,28,2,37,76,-156,19,24,-378,-89,-6779,2019,371,14204
2009:Q4,90706,54280,3317,26573,9088,16481,1004,6539,-3,90706,17452,16449,10151,12795,35113,-1253,-21,3116,3048,29,2,38,169,-89,19,22,-377,-87,-6619,2088,527,9763
2010:Q1,25111,5366,-2560,20379,6969,12118,1293,1938,-12,25111,14813,17310,-35476,11490,18133,-1159,-57,1569,1742,-74,-4,-96,-506,-510,27,28,-117,-83,-1481,507,-536,9107
2010:Q2,107722,61742,24525,19529,5569,11910,2050,1938,-11,107722,19087,28715,11119,14219,35607,-1025,-55,924,1062,-59,-3,-76,-479,-489,28,30,-90,-80,-924,595,-485,14455
2010:Q3,119216,67114,28697,21479,6328,12748,2403,1938,-12,119216,12119,37847,7754,14350,47616,-470,-50,501,604,-44,-2,-57,-391,-425,29,31,-63,-77,-415,729,-338,16984
2010:Q4,113620,44831,43114,23749,7003,14292,2454,1938,-12,113620,13948,43685,10369,13450,32486,-318,-48,179,262,-36,-2,-46,-333,-379,30,32,-48,0,-331,815,-233,23139
2011:Q1,46671,-1081,23430,22790,7280,13482,2028,1558,-26,46671,13470,40386,-33740,10192,15818,546,-77,266,499,-113,-4,-117,-301,-304,30,23,39,0,725,123,21,23961
2011:Q2,116317,51434,39106,24246,8846,13790,1610,1558,-28,116317,15286,47650,10393,10734,31536,719,-75,-72,134,-100,-4,-103,-222,-250,32,26,58,0,816,222,184,20961
2011:Q3,143741,72119,44016,26074,10759,13884,1432,1558,-27,143741,17525,60822,9595,10828,42461,2511,-71,393,544,-74,-2,-76,-82,-154,35,30,93,0,1402,404,462,20567
2011:Q4,141827,54226,58125,27944,12315,14190,1439,1558,-26,141827,19637,68664,12289,8974,28921,3343,-69,555,678,-60,-2,-61,7,-94,37,32,112,0,1611,512,639,24353
2012:Q1,95008,23694,40627,25364,10861,12636,1867,5356,-33,95008,25426,74934,-29031,6409,12409,4861,-31,686,793,-52,-2,-52,277,112,71,65,176,0,3192,-335,648,32491
2012:Q2,166112,75927,59014,25848,11963,12145,1741,5356,-33,166112,26525,80983,17401,7162,28395,5646,-28,747,823,-38,-1,-38,362,169,73,69,194,0,3513,-263,812,29380
2012:Q3,168648,90162,48224,24940,11323,11991,1625,5356,-33,168648,27957,76883,12446,7392,37767,6204,-31,1726,1824,-49,-2,-49,304,129,72,67,185,0,3370,-321,704,30445
2012:Q4,166250,67321,67071,26535,12787,12240,1508,5356,-33,166250,32849,75454,21426,4688,23191,8643,-30,3757,3848,-45,-2,-45,350,160,74,69,191,0,3594,-294,774,34675
2013:Q1,102957,23194,46929,28343,12449,14176,1719,4510,-19,102957,41101,72925,-24901,1364,8323,4146,-65,-1471,-1311,-67,-3,-90,551,470,-23,-45,259,0,4732,149,-412,37474
2013:Q2,176210,85689,60808,25222,9487,14141,1594,4510,-19,176210,43340,72714,30060,1160,25062,3875,-68,-953,-765,-79,-4,-105,412,374,-25,-47,244,0,4531,38,-633,35264
2013:Q3,190910,110253,49546,26619,10391,14839,1390,4510,-18,190910,44890,78236,24741,2027,36365,4650,-68,-301,-124,-75,-4,-100,465,417,-25,-47,255,0,4436,79,-562,35638
2013:Q4,183000,81467,70844,26197,10515,14612,1070,4510,-19,183000,43048,84201,27980,324,22195,5251,-67,-513,-358,-65,-3,-87,537,472,-25,-47,273,0,4936,146,-463,36095
2014:Q1,112133,38103,43179,25193,10118,13442,1633,5672,-15,112133,41538,92969,-31026,-2783,6588,4846,-38,-502,-297,-88,-3,-114,294,286,-14,-35,227,0,5454,254,-1081,36329
2014:Q2,208988,106775,69314,27241,10909,14552,1780,5672,-14,208988,45416,103840,29247,-744,25219,6012,-36,-70,108,-76,-3,-99,374,350,-14,-34,245,0,5844,333,-980,44242
2014:Q3,228252,128316,65338,28941,11782,15324,1835,5672,-15,228252,47909,109182,28196,-326,37060,6231,-34,-564,-405,-69,-3,-88,445,406,-13,-35,258,0,6265,400,-897,46769
2014:Q4,226462,108328,81042,31434,11307,18257,1870,5672,-14,226462,52212,108905,36057,-640,23622,6306,-35,-133,36,-72,-3,-94,418,395,-14,-35,258,0,6029,377,-953,47905
2015:Q1,144100,60010,45895,28060,9737,16289,2034,10154,-20,144100,54868,102611,-27280,-2234,8512,7621,-32,69,-292,133,6,222,1069,838,7,-16,154,0,5899,781,-1147,47988
2015:Q2,236312,131573,66254,28352,9443,16782,2127,10154,-21,236312,59276,99078,39773,-450,29707,8928,-34,1606,1254,130,6,216,1046,821,7,-17,152,0,5788,759,-1200,52671
2015:Q3,248781,149373,59476,29798,9724,17910,2164,10154,-20,248781,63411,97776,34473,709,42487,9924,-35,2695,2353,126,6,210,1020,805,7,-17,150,0,5824,735,-1258,51221
2015:Q4,225660,110102,72579,32844,11487,19063,2295,10154,-19,225660,65203,94126,30954,570,25056,9751,-37,3086,2769,117,6,195,999,791,7,-17,145,0,5373,711,-1308,49500
2016:Q1,151983,66960,37920,34456,11924,20137,2396,12636,10,151983,70358,92459,-34491,-188,13338,10507,-18,2840,2371,156,8,306,952,859,23,7,77,0,4837,1359,-427,54896
2016:Q2,241191,137327,53131,38087,13033,22547,2508,12636,11,241191,70898,95506,32789,471,31519,10009,-18,2796,2334,153,8,301,956,875,24,7,76,0,4359,1381,-445,53840
2016:Q3,250978,156202,41791,40338,14633,23029,2676,12636,11,250978,70958,99154,27014,726,42658,10469,-18,3350,2878,157,8,308,996,905,25,8,78,0,4099,1435,-410,55426
2016:Q4,236633,127668,54209,42112,16153,23256,2703,12636,10,236633,73750,98656,25743,334,28271,9880,-18,2793,2315,159,8,311,1033,931,26,9,79,0,3941,1478,-392,56062
2017:Q1,163300,80244,30476,40091,15315,21930,2846,12476,13,163300,77643,97235,-34019,-229,14023,8647,-1,4265,3570,298,10,388,849,811,23,20,17,0,1156,1738,-230,52197
2017:Q2,263381,154833,55626,40433,16781,20870,2783,12476,13,263381,75355,101808,42981,1687,33818,7731,-1,3084,2366,307,10,401,901,840,24,21,18,0,1229,1803,-187,51386
2017:Q3,271090,167598,48148,42855,17800,22295,2760,12476,14,271090,75293,101555,38627,2116,45455,8043,1,3114,2383,313,10,408,946,882,24,21,19,0,1332,1859,-155,55185
2017:Q4,269694,140725,70789,45691,19152,23756,2783,12476,14,269694,79871,109792,36710,3804,30863,8654,3,3054,2277,333,11,434,1031,950,26,23,22,0,1647,1964,-66,65277
2018:Q1,196397,96959,40827,45722,19187,23478,3058,12885,4,196397,80647,123289,-35468,3466,15583,8880,-29,2684,1710,391,14,570,1002,930,-59,-70,28,0,2741,1901,-248,65466
2018:Q2,300569,174536,62764,50380,21303,25978,3100,12885,4,300569,83452,125838,38759,4331,38733,9457,-29,3317,2332,395,14,577,1043,975,-60,-71,28,0,2521,1965,-233,63029
2018:Q3,306549,186706,55322,51634,22621,25977,3036,12885,3,306549,81270,126192,32748,5656,50721,9964,-30,4038,3056,394,14,575,1047,977,-61,-72,28,0,2320,1978,-262,60760
2018:Q4,282892,139206,75913,54885,23265,28715,2906,12885,4,282892,77945,122732,33081,8274,28582,12279,-31,6433,5460,391,13,570,1044,990,-62,-73,27,0,2281,1972,-303,58606
2019:Q1,198745,90165,43711,50183,17661,29719,2803,14715,-30,198745,78306,113640,-30546,7330,16440,13575,-22,6525,4624,897,27,977,1130,1160,-30,-51,21,0,2490,2425,-73,54373
2019:Q2,307108,175539,63416,53467,18409,32377,2682,14715,-30,307108,80110,117002,47407,5624,41824,15140,-23,8118,6175,916,28,998,1141,1183,-31,-52,21,0,2373,2492,-82,57911
2019:Q3,320348,201133,48099,56430,19623,34066,2741,14715,-28,320348,81311,118283,43256,8953,53425,15120,-23,8674,6725,920,28,1001,1127,1178,-31,-52,20,0,1811,2537,-120,61136
2019:Q4,289163,160140,53678,60659,21686,36016,2957,14715,-29,289163,81122,111241,38872,11371,31958,14599,-24,8878,6964,903,28,984,1120,1177,-32,-53,18,0,1148,2535,-168,61459
2020:Q1,198067,117936,8196,56984,20689,33337,2958,14969,-18,198067,87770,97927,-27494,9613,19396,10855,20,6305,5193,534,14,565,2285,2120,-17,-31,-21,0,-2840,3476,-443,42399
2020:Q2,211978,151202,-5789,51614,18969,30831,1814,14969,-18,211978,67595,60633,28432,14587,40258,473,5,-233,-992,364,10,385,1782,1728,-19,-35,-30,0,-4614,2874,-987,37464
2020:Q3,276573,190521,14572,56529,19283,36660,586,14969,-18,276573,92599,74959,36528,14665,50555,7267,10,4692,3808,424,11,449,1992,1922,-19,-35,-27,0,-3549,3096,-815,106170
2020:Q4,290225,168931,41393,64950,22788,41714,448,14969,-18,290225,109251,83927,38598,16496,33056,8897,14,5319,4354,463,12,490,2186,2103,-18,-35,-26,0,-3310,3341,-678,105151
2021:Q1,212647,118800,14202,68461,25261,42666,535,11332,-148,212647,118933,91458,-34159,10627,15855,9934,29,4542,3964,280,7,292,1840,2105,347,413,-19,0,-2349,3224,-199,117710
2021:Q2,320483,202971,32657,73671,27943,45195,534,11332,-149,320483,115048,102141,44797,13000,34776,10721,32,5040,4438,291,7,304,1936,2209,359,427,-19,0,-2476,3379,-166,142244
2021:Q3,322531,218388,18721,74238,27469,45851,919,11332,-148,322531,114605,101864,43749,13197,42759,6357,28,1802,1282,252,6,263,1814,2133,362,429,-22,0,-3097,3260,-351,104666
2021:Q4,302362,178944,35841,76394,27371,47627,1396,11332,-148,302362,121858,101354,37204,15101,22468,4378,27,119,-385,244,6,254,1796,2143,369,439,-24,0,-3335,3269,-425,114372
2022:Q1,224815,116548,9981,83155,30690,50650,1815,15155,-23,224815,127892,109113,-37421,11811,6080,7340,31,3021,2362,320,7,333,1851,2225,278,340,-27,0,-3325,3109,-162,114139
2022:Q2,331601,198073,32913,85485,30754,51997,2735,15155,-23,331601,116145,121226,47331,13627,25672,7601,32,3218,2542,328,7,341,1883,2268,285,349,-28,0,-3394,3167,-180,100421
2022:Q3,330103,199084,28877,87010,32588,51306,3116,15155,-23,330103,98151,124416,45324,12450,42261,7502,32,3068,2372,337,7,352,1942,2300,294,361,-29,0,-3540,3252,-178,97903
2022:Q4,289694,141417,44780,88365,32631,52953,2782,15155,-23,289694,82587,123794,32679,17820,24717,8097,32,3922,3236,332,7,347,1929,2303,296,366,-30,0,-3764,3253,-210,86116
2023:Q1,202573,89953,5618,91872,34787,54186,2899,15155,-24,202573,82256,127909,-40798,14884,10026,8297,33,4261,3554,343,7,357,1970,2334,303,382,-30,0,-4095,3329,-191,99991
2023:Q2,320010,181563,30579,92738,33412,56092,3234,15155,-24,320010,80619,130199,40637,17226,41028,10303,35,6180,5451,353,8,368,1972,2353,304,388,-30,0,-4057,3342,-184,94951
2023:Q3,342340,214152,19932,93125,33704,56635,2785,15155,-23,342340,82290,130649,41017,18127,61001,9256,35,5518,4812,342,8,356,1949,2337,306,392,-31,0,-4348,3327,-227,91970
2023:Q4,332083,183014,36981,96958,36122,58215,2622,15155,-24,332083,83891,135161,37476,21857,44621,9079,37,5211,4481,354,7,369,2026,2404,314,404,-32,0,-4551,3445,-177,90849
2024:Q1,241225,123953,-643,102784,37504,62212,3069,15155,-23,241225,94644,133741,-39882,18710,24448,9565,38,5576,4839,357,8,372,2065,2466,318,407,-32,0,-4609,3514,-178,83489
