date,FL544090075.Q,FL543020075.Q,FL543034075.Q,FL542051075.Q,LM544022075.Q,FL543069175.Q,LM543061175.Q,LM543061775.Q,LM543062075.Q,LM543063075.Q,FL544023075.Q,FL543069075.Q,FL543065075.Q,LM543092375.Q,LM543064175.Q,LM543092173.Q,FL543092473.Q,LM543064275.Q,FL543040075.Q,FL543050075.Q,FL543070075.Q,FL543090075.Q,FL544194075.Q,FL544190075.Q,FL542151073.Q,FL543169373.Q,LM543192375.Q,FL543140075.Q,FL543150075.Q,FL543170075.Q,FL543178075.Q,FL543190075.Q,FL543181105.Q,LM543164175.Q,LM543192173.Q,FL543194603.Q
1945:Q4,43946,780,0,0,32611,0,20589,0,722,11300,8598,1962,6636,4,999,93,0,0,0,0,0,861,41773,41555,0,0,57,35967,2700,0,26,2805,218,0,218,0
1946:Q1,ND,ND,ND,ND,ND,ND,ND,ND,ND,ND,ND,ND,ND,ND,ND,ND,ND,ND,ND,ND,ND,ND,ND,ND,ND,ND,ND,ND,ND,ND,ND,ND,ND,ND,ND,ND
1946:Q2,ND,ND,ND,ND,ND,ND,ND,ND,ND,ND,ND,ND,ND,ND,ND,ND,ND,ND,ND,ND,ND,ND,ND,ND,ND,ND,ND,ND,ND,ND,ND,ND,ND,ND,ND,ND
1946:Q3,ND,ND,ND,ND,ND,ND,ND,ND,ND,ND,ND,ND,ND,ND,ND,ND,ND,ND,ND,ND,ND,ND,ND,ND,ND,ND,ND,ND,ND,ND,ND,ND,ND,ND,ND,ND
1946:Q4,47460,774,0,0,35354,0,21635,0,614,13105,9049,1894,7155,4,1249,97,0,0,0,0,0,933,45105,44886,0,0,57,38602,3100,0,22,3105,219,0,219,0
1947:Q1,ND,ND,ND,ND,ND,ND,ND,ND,ND,ND,ND,ND,ND,ND,ND,ND,ND,ND,ND,ND,ND,ND,ND,ND,ND,ND,ND,ND,ND,ND,ND,ND,ND,ND,ND,ND
1947:Q2,ND,ND,ND,ND,ND,ND,ND,ND,ND,ND,ND,ND,ND,ND,ND,ND,ND,ND,ND,ND,ND,ND,ND,ND,ND,ND,ND,ND,ND,ND,ND,ND,ND,ND,ND,ND
1947:Q3,ND,ND,ND,ND,ND,ND,ND,ND,ND,ND,ND,ND,ND,ND,ND,ND,ND,ND,ND,ND,ND,ND,ND,ND,ND,ND,ND,ND,ND,ND,ND,ND,ND,ND,ND,ND
1947:Q4,50900,1020,0,0,36774,0,20040,0,609,16125,10612,1937,8675,4,1390,101,0,0,0,0,0,999,48526,48306,0,0,57,41147,3600,0,2,3500,220,0,220,0
1948:Q1,ND,ND,ND,ND,ND,ND,ND,ND,ND,ND,ND,ND,ND,ND,ND,ND,ND,ND,ND,ND,ND,ND,ND,ND,ND,ND,ND,ND,ND,ND,ND,ND,ND,ND,ND,ND
1948:Q2,ND,ND,ND,ND,ND,ND,ND,ND,ND,ND,ND,ND,ND,ND,ND,ND,ND,ND,ND,ND,ND,ND,ND,ND,ND,ND,ND,ND,ND,ND,ND,ND,ND,ND,ND,ND
1948:Q3,ND,ND,ND,ND,ND,ND,ND,ND,ND,ND,ND,ND,ND,ND,ND,ND,ND,ND,ND,ND,ND,ND,ND,ND,ND,ND,ND,ND,ND,ND,ND,ND,ND,ND,ND,ND
1948:Q4,54520,915,0,0,38042,0,16812,0,872,20358,12890,2057,10833,4,1428,105,0,0,0,0,0,1136,52023,51802,0,0,58,43777,4200,0,2,3765,221,0,221,0
1949:Q1,ND,ND,ND,ND,ND,ND,ND,ND,ND,ND,ND,ND,ND,ND,ND,ND,ND,ND,ND,ND,ND,ND,ND,ND,ND,ND,ND,ND,ND,ND,ND,ND,ND,ND,ND,ND
1949:Q2,ND,ND,ND,ND,ND,ND,ND,ND,ND,ND,ND,ND,ND,ND,ND,ND,ND,ND,ND,ND,ND,ND,ND,ND,ND,ND,ND,ND,ND,ND,ND,ND,ND,ND,ND,ND
1949:Q3,ND,ND,ND,ND,ND,ND,ND,ND,ND,ND,ND,ND,ND,ND,ND,ND,ND,ND,ND,ND,ND,ND,ND,ND,ND,ND,ND,ND,ND,ND,ND,ND,ND,ND,ND,ND
1949:Q4,58390,908,0,0,39281,0,15298,0,1052,22931,15146,2240,12906,4,1718,109,0,0,0,0,0,1224,55750,55527,0,0,58,46444,4825,0,47,4153,223,0,223,0
1950:Q1,ND,ND,ND,ND,ND,ND,ND,ND,ND,ND,ND,ND,ND,ND,ND,ND,ND,ND,ND,ND,ND,ND,ND,ND,ND,ND,ND,ND,ND,ND,ND,ND,ND,ND,ND,ND
1950:Q2,ND,ND,ND,ND,ND,ND,ND,ND,ND,ND,ND,ND,ND,ND,ND,ND,ND,ND,ND,ND,ND,ND,ND,ND,ND,ND,ND,ND,ND,ND,ND,ND,ND,ND,ND,ND
1950:Q3,ND,ND,ND,ND,ND,ND,ND,ND,ND,ND,ND,ND,ND,ND,ND,ND,ND,ND,ND,ND,ND,ND,ND,ND,ND,ND,ND,ND,ND,ND,ND,ND,ND,ND,ND,ND
1950:Q4,62599,1005,0,0,39390,0,13486,0,1152,24752,18515,2413,16102,5,2103,114,0,0,0,0,0,1467,59468,59243,0,0,59,49080,5600,0,76,4428,225,0,225,0
1951:Q1,ND,ND,ND,ND,ND,ND,ND,ND,ND,ND,ND,ND,ND,ND,ND,ND,ND,ND,ND,ND,ND,ND,ND,ND,ND,ND,ND,ND,ND,ND,ND,ND,ND,ND,ND,ND
1951:Q2,ND,ND,ND,ND,ND,ND,ND,ND,ND,ND,ND,ND,ND,ND,ND,ND,ND,ND,ND,ND,ND,ND,ND,ND,ND,ND,ND,ND,ND,ND,ND,ND,ND,ND,ND,ND
1951:Q3,ND,ND,ND,ND,ND,ND,ND,ND,ND,ND,ND,ND,ND,ND,ND,ND,ND,ND,ND,ND,ND,ND,ND,ND,ND,ND,ND,ND,ND,ND,ND,ND,ND,ND,ND,ND
1951:Q4,66633,1085,0,0,39647,0,11034,0,1142,27471,21904,2590,19314,5,2221,121,0,0,0,0,0,1650,63449,63221,0,0,59,51635,6575,0,133,4819,228,0,228,0
1952:Q1,67779,1015,0,0,40192,0,10818,0,1133,28241,22516,2627,19889,5,2236,121,0,0,0,0,0,1694,64520,64292,0,0,59,52288,6845,0,165,4935,228,0,228,0
1952:Q2,68730,1077,0,0,40480,0,10363,0,1123,28994,23010,2661,20349,5,2301,123,0,0,0,0,0,1734,65657,65428,0,0,59,52976,7129,0,148,5116,229,0,229,0
1952:Q3,70039,1065,0,0,41317,0,10455,0,1163,29699,23509,2697,20812,5,2245,125,0,0,0,0,0,1773,66847,66618,0,0,60,53707,7417,0,159,5275,229,0,229,0
1952:Q4,71472,1146,0,0,41974,0,10252,0,1153,30569,23964,2713,21251,5,2446,130,0,0,0,0,0,1807,68078,67837,0,0,63,54480,7700,0,149,5445,241,0,241,0
1953:Q1,72555,990,0,0,42691,0,10120,0,1203,31368,24499,2758,21741,5,2396,132,0,0,0,0,0,1842,69277,69035,0,0,63,55246,7980,0,139,5607,242,0,242,0
1953:Q2,73669,948,0,0,43255,0,10090,0,1218,31947,25059,2806,22253,5,2395,134,0,0,0,0,0,1873,70438,70194,0,0,63,55988,8259,0,125,5759,244,0,244,0
1953:Q3,74822,1030,0,0,43746,0,9987,0,1258,32501,25586,2850,22736,5,2413,136,0,0,0,0,0,1906,71579,71334,0,0,64,56701,8539,0,160,5870,245,0,245,0
1953:Q4,76513,1215,0,0,44402,0,9829,0,1298,33275,26236,2914,23322,6,2573,139,0,0,0,0,0,1942,72734,72482,0,0,65,57388,8825,0,231,5973,252,0,252,0
1954:Q1,77851,1060,0,0,45097,0,9720,0,1463,33914,26789,2972,23817,6,2773,141,0,0,0,0,0,1985,73908,73655,0,0,66,58093,9113,0,185,6198,253,0,253,0
1954:Q2,79180,1101,0,0,45513,0,9399,0,1657,34457,27464,3032,24432,6,2920,144,0,0,0,0,0,2032,75119,74864,0,0,66,58831,9401,0,140,6426,255,0,255,0
1954:Q3,80504,1111,0,0,45899,0,9138,0,1791,34970,28167,3084,25083,6,3093,147,0,0,0,0,0,2081,76335,76079,0,0,67,59600,9695,0,168,6549,256,0,256,0
1954:Q4,82188,1240,0,0,46294,0,9070,0,1846,35378,29103,3127,25976,6,3268,149,0,0,0,0,0,2128,77556,77273,0,0,73,60389,10000,0,183,6628,283,0,283,0
1955:Q1,83468,1061,0,0,46861,0,9136,0,1984,35741,29956,3188,26768,6,3261,152,0,0,0,0,0,2171,78770,78486,0,0,74,61170,10322,0,189,6731,284,0,284,0
1955:Q2,84870,1089,0,0,47167,0,9086,0,1984,36097,30743,3225,27518,6,3499,155,0,0,0,0,0,2211,80030,79744,0,0,74,61931,10663,0,156,6920,286,0,286,0
1955:Q3,86384,1160,0,0,47656,0,9164,0,2016,36476,31544,3267,28277,6,3606,158,0,0,0,0,0,2254,81325,81038,0,0,75,62688,11004,0,198,7073,287,0,287,0
1955:Q4,87851,1265,0,0,47741,0,8576,0,2038,37127,32735,3290,29445,6,3633,161,0,0,0,0,0,2310,82661,82351,0,0,80,63459,11325,0,222,7265,310,0,310,0
1956:Q1,89198,1050,0,0,48058,0,8077,0,2193,37788,33742,3346,30396,7,3800,163,0,0,0,0,0,2378,83960,83649,0,0,81,64251,11624,0,204,7489,311,0,311,0
1956:Q2,90346,1086,0,0,48330,0,7954,0,2186,38190,34706,3414,31292,7,3591,166,0,0,0,0,0,2460,85228,84916,0,0,81,65070,11895,0,154,7716,312,0,312,0
1956:Q3,91670,1084,0,0,48852,0,7834,0,2251,38767,35562,3450,32112,7,3453,169,0,0,0,0,0,2543,86472,86159,0,0,81,65875,12175,0,244,7784,313,0,313,0
1956:Q4,93194,1281,0,0,49107,0,7555,0,2273,39279,36508,3519,32989,7,3503,172,0,0,0,0,0,2616,87714,87397,0,0,82,66626,12500,0,262,7927,317,0,317,0
1957:Q1,94264,1074,0,0,49675,0,7478,0,2289,39908,37274,3595,33679,7,3378,175,0,0,0,0,0,2681,88937,88620,0,0,83,67324,12868,0,261,8084,317,0,317,0
1957:Q2,95874,1142,0,0,50173,0,7348,0,2322,40503,37859,3678,34181,7,3773,178,0,0,0,0,0,2742,90130,89812,0,0,83,67969,13279,0,185,8296,318,0,318,0
1957:Q3,97013,1150,0,0,50844,0,7289,0,2348,41207,38461,3766,34695,7,3570,181,0,0,0,0,0,2800,91339,91020,0,0,83,68606,13700,0,224,8407,319,0,319,0
1957:Q4,98190,1292,0,0,51356,0,7029,0,2376,41951,39105,3869,35236,7,3391,185,0,0,0,0,0,2854,92598,92289,0,0,80,69277,14100,0,264,8568,309,0,309,0
1958:Q1,99511,1170,0,0,52099,0,7087,0,2460,42552,39663,3970,35693,8,3479,187,0,0,0,0,0,2905,93906,93596,0,0,80,69991,14475,0,387,8663,310,0,310,0
1958:Q2,100834,1210,0,0,52766,0,7075,0,2534,43157,40087,4058,36029,8,3626,191,0,0,0,0,0,2946,95258,94948,0,0,80,70755,14826,0,300,8987,310,0,310,0
1958:Q3,102424,1217,0,0,53619,0,7295,0,2613,43711,40563,4125,36438,8,3831,194,0,0,0,0,0,2992,96578,96268,0,0,80,71533,15189,0,335,9131,310,0,310,0
1958:Q4,104266,1366,0,0,54283,17,7183,50,2681,44352,41250,4188,37062,8,4109,198,0,0,0,0,0,3052,97840,97497,0,0,89,72294,15600,0,348,9166,343,0,343,0
1959:Q1,105475,1218,0,0,55051,124,7212,61,2828,44826,41734,4273,37461,8,4133,202,0,0,0,0,0,3129,99098,98755,0,0,89,73063,16068,0,380,9155,343,0,343,0
1959:Q2,107121,1206,0,0,55888,215,7228,74,2991,45380,42216,4367,37849,8,4375,205,0,0,0,0,0,3223,100417,100073,0,0,89,73834,16602,0,339,9209,344,0,344,0
1959:Q3,108266,1158,0,0,56375,200,7183,82,3148,45762,42887,4474,38413,8,4309,209,0,0,0,0,0,3320,101860,101516,0,0,90,74667,17129,0,418,9212,344,0,344,0
1959:Q4,109999,1309,0,0,56686,118,6868,72,3200,46428,43815,4618,39197,9,4561,212,0,0,0,0,0,3407,103469,103111,0,0,93,75606,17575,0,434,9403,358,0,358,0
1960:Q1,111045,1127,0,0,57148,137,6828,73,3284,46826,44691,4786,39905,9,4368,216,0,0,0,0,0,3486,105013,104654,0,0,93,76524,17946,0,376,9715,359,0,359,0
1960:Q2,112582,1188,0,0,57481,176,6574,100,3357,47274,45484,4966,40518,9,4642,220,0,0,0,0,0,3558,106420,106060,0,0,94,77383,18248,0,337,9998,360,0,360,0
1960:Q3,113742,1183,0,0,58052,249,6577,105,3510,47611,46188,5112,41076,9,4456,224,0,0,0,0,0,3630,107685,107323,0,0,94,78133,18532,0,383,10181,362,0,362,0
1960:Q4,115811,1330,0,0,58555,294,6427,101,3588,48145,47002,5231,41771,9,4981,228,0,0,0,0,0,3706,108859,108485,0,0,97,78758,18850,0,418,10362,374,0,374,0
1961:Q1,117811,1232,0,0,59235,360,6543,91,3693,48548,47694,5373,42321,9,5621,232,0,0,0,0,0,3788,110103,109728,0,0,98,79425,19191,0,424,10590,375,0,375,0
1961:Q2,119209,1270,0,0,59762,324,6408,81,3728,49221,48464,5523,42941,10,5593,235,0,0,0,0,0,3875,111511,111135,0,0,98,80196,19544,0,357,10940,376,0,376,0
1961:Q3,120753,1309,0,0,60490,332,6428,103,3808,49819,49015,5634,43381,10,5729,239,0,0,0,0,0,3961,113029,112652,0,0,98,81095,19900,0,379,11180,377,0,377,0
1961:Q4,122809,1392,0,0,60932,193,6134,110,3888,50607,49936,5733,44203,10,6258,244,0,0,0,0,0,4037,114616,114198,0,0,109,82112,20250,0,386,11341,418,0,418,0
1962:Q1,124284,1219,0,0,61952,513,6307,121,4039,50972,50454,5848,44606,10,6290,248,0,4,0,0,0,4107,116137,115718,0,0,109,83115,20591,0,495,11408,419,0,419,0
1962:Q2,124401,1213,0,0,62616,521,6279,115,4024,51677,51114,5995,45119,10,5017,253,0,11,0,0,0,4167,117615,117195,0,0,109,84072,20920,0,429,11665,420,0,420,0
1962:Q3,126516,1289,0,0,63401,643,6331,142,4073,52212,51794,6124,45670,10,5520,258,0,18,0,0,0,4226,119109,118688,0,0,109,84951,21258,0,471,11899,421,0,421,0
1962:Q4,129184,1457,0,0,63722,347,6170,105,4026,53074,53136,6234,46902,11,6280,261,0,22,0,0,0,4295,120660,120259,0,0,104,85754,21625,0,440,12336,401,0,401,0
1963:Q1,130989,1230,0,0,64571,599,6022,100,4029,53821,53875,6348,47527,11,6642,266,0,22,0,0,0,4372,122241,121779,0,0,104,86678,22016,0,613,12368,462,60,402,0
1963:Q2,132679,1246,0,0,65049,487,5746,118,3939,54759,54785,6472,48313,11,6843,271,0,17,0,0,0,4457,123827,123349,0,0,104,87667,22427,0,452,12699,478,76,402,0
1963:Q3,134632,1350,0,0,65704,619,5841,121,3876,55247,55773,6567,49206,11,6960,276,0,14,0,0,0,4544,125489,125007,0,0,104,88729,22856,0,443,12875,482,80,402,0
1963:Q4,136802,1466,0,0,66083,380,5813,139,3852,55899,57199,6655,50544,11,7118,281,0,17,0,0,0,4627,127283,126776,0,0,110,89860,23300,0,434,13072,507,85,422,0
1964:Q1,138773,1294,0,0,66778,506,5788,121,3843,56520,58232,6777,51455,12,7433,285,0,33,0,0,0,4706,129012,128509,0,0,110,90916,23764,0,538,13181,503,81,422,0
1964:Q2,140593,1279,0,0,67190,297,5715,136,3802,57240,59400,6911,52489,12,7581,290,0,60,0,0,0,4781,130797,130282,0,0,110,91979,24250,0,474,13469,515,92,423,0
1964:Q3,142626,1314,0,0,67759,373,5840,139,3822,57585,60553,7029,53524,12,7747,296,0,87,0,0,0,4858,132602,132100,0,0,110,93062,24748,0,556,13624,502,78,424,0
1964:Q4,144942,1488,0,0,67963,248,5594,129,3774,58218,62292,7140,55152,12,7834,301,0,104,0,0,0,4948,134493,133966,0,0,117,94172,25250,0,552,13875,527,77,450,0
1965:Q1,147055,1286,0,0,68718,474,5639,136,3746,58723,63586,7269,56317,12,7985,307,0,113,0,0,0,5048,136421,135901,0,0,117,95239,25837,0,566,14142,520,69,451,0
1965:Q2,148567,1279,0,0,69144,579,5358,151,3674,59382,64766,7419,57347,13,7778,311,0,116,0,0,0,5160,138444,137926,0,0,117,96438,26341,0,483,14547,518,68,450,0
1965:Q3,151504,1296,0,0,69914,741,5298,179,3595,60101,65974,7561,58413,13,8597,317,0,117,0,0,0,5276,140470,139951,0,0,117,97677,26818,0,534,14805,519,70,449,0
1965:Q4,154203,1503,0,0,70152,293,5119,167,3530,61043,67691,7678,60013,13,9006,323,0,120,0,0,0,5395,142416,141888,0,0,116,98863,27325,0,532,15052,528,80,448,0
1966:Q1,156369,1073,0,0,71412,286,5171,191,3539,62225,69093,7861,61232,13,8977,329,0,124,0,0,0,5348,144115,143547,0,0,116,100007,27846,0,636,14942,568,121,447,0
1966:Q2,157915,1097,0,0,71533,219,4921,232,3366,62795,70682,8173,62509,14,8799,334,0,128,0,0,0,5328,146207,145661,0,0,117,101120,28367,0,537,15520,546,98,448,0
1966:Q3,159146,1159,0,0,71867,298,4852,241,3320,63156,72222,8657,63565,14,8109,340,0,133,0,0,0,5302,148479,147954,0,0,117,102251,28892,0,566,16128,525,75,450,0
1966:Q4,162265,1547,0,0,72193,380,4921,236,3260,63396,73726,9117,64609,14,8692,346,0,140,0,0,0,5607,150336,149829,0,0,111,103448,29425,0,592,16253,507,79,428,0
1967:Q1,166075,1308,0,0,73128,553,4855,237,3217,64266,74865,9396,65469,14,9935,354,0,150,0,0,0,6321,152530,151985,0,0,112,104689,29976,0,803,16405,545,116,429,0
1967:Q2,168036,1384,0,0,73907,865,4690,242,3157,64953,75796,9670,66126,15,10051,362,0,163,0,0,0,6358,154788,154141,0,0,112,105902,30617,0,481,17029,647,217,430,0
1967:Q3,170726,1431,0,0,75169,1138,4717,238,3129,65947,76507,9860,66647,15,10671,371,0,177,0,0,0,6385,157167,156551,0,0,112,107124,31276,0,512,17527,616,185,431,0
1967:Q4,172609,1576,0,0,75730,480,4683,230,3145,67192,77575,10059,67516,15,10687,379,0,190,0,0,0,6457,159604,158921,0,0,118,108333,31939,0,481,18050,683,231,452,0
1968:Q1,173853,1164,0,0,77153,676,4678,266,3175,68358,78309,10336,67973,16,10053,388,0,199,0,0,0,6571,161792,161164,0,0,118,109533,32612,0,643,18258,628,175,453,0
1968:Q2,177196,1225,0,0,77814,670,4447,252,3173,69272,79118,10697,68421,16,11713,397,0,201,0,0,0,6712,164008,163372,0,0,118,110725,33300,0,553,18676,636,181,455,0
1968:Q3,179975,1434,0,0,78704,801,4528,263,3169,69943,79949,11042,68907,16,12385,407,0,211,0,0,0,6869,166085,165449,0,0,119,111922,33797,0,629,18982,636,180,456,0
1968:Q4,183022,1682,0,0,79362,526,4456,294,3194,70892,81281,11306,69975,17,12986,415,0,244,0,0,0,7035,174852,168092,0,0,124,113135,34696,0,643,19494,6760,6285,475,0
1969:Q1,185017,1347,0,0,80683,854,4339,317,3230,71943,82107,11725,70382,17,12893,425,0,301,0,0,0,7244,177067,170296,0,0,124,114361,35300,0,806,19705,6771,6294,477,0
1969:Q2,186543,1217,0,0,80849,698,4129,345,3224,72453,83219,12361,70858,18,12966,435,0,382,0,0,0,7457,178416,172595,0,0,125,115594,36003,0,636,20237,5821,5342,479,0
1969:Q3,188610,1279,0,0,81478,1019,4088,382,3224,72765,84550,13182,71368,18,12751,445,0,470,0,0,0,7619,184314,174919,0,0,125,116841,36718,0,723,20512,9395,8913,482,0
1969:Q4,191241,1634,0,0,81719,1365,4124,390,3221,72619,85852,13825,72027,18,13157,456,0,550,0,0,0,7855,185945,177404,0,0,117,118107,37561,0,698,20921,8541,8089,452,0
1970:Q1,193637,1477,0,0,82608,1715,4080,448,3235,73130,87217,14544,72673,19,13164,466,0,634,0,0,0,8052,188721,179833,0,0,118,119379,38343,0,884,21109,8888,8434,454,0
1970:Q2,192796,1381,0,0,82887,1655,4014,445,3229,73544,88418,15191,73227,19,10634,477,0,734,0,0,0,8246,189558,182240,0,0,118,120642,39123,0,686,21671,7318,6862,456,0
1970:Q3,197496,1430,0,0,84143,2519,4147,488,3272,73717,89285,15703,73582,20,12875,487,0,817,0,0,0,8439,192673,184779,0,0,119,121947,39971,0,785,21957,7894,7437,457,0
1970:Q4,200867,1758,0,0,84100,2142,4042,532,3306,74078,90439,16064,74375,20,14571,499,0,849,0,0,0,8631,195437,187611,0,0,121,123341,40960,0,823,22366,7826,7360,466,0
1971:Q1,205572,1549,0,0,86101,3018,4004,539,3314,75226,90829,16296,74533,21,16889,510,0,831,0,0,0,8842,199467,190668,0,0,122,124823,42102,0,948,22673,8799,8332,467,0
1971:Q2,207818,1482,0,0,87498,3679,3722,539,3339,76219,91040,16531,74509,21,17425,522,0,763,0,0,0,9067,202412,193958,0,0,122,126389,43385,0,815,23247,8454,7984,470,0
1971:Q3,211379,1507,0,0,89247,4078,3751,613,3366,77439,91563,16812,74751,22,18539,534,0,677,0,0,0,9290,206953,197404,0,0,123,128000,44749,0,895,23637,9549,9077,472,0
1971:Q4,215116,1763,0,0,90117,2770,3828,627,3363,79529,92561,17065,75496,22,20007,547,0,600,0,0,0,9499,210529,200931,0,0,137,129621,46131,0,796,24246,9598,9071,527,0
1972:Q1,219621,1164,0,0,92829,3952,3990,716,3351,80820,92665,17267,75398,23,22123,559,0,526,0,0,0,9732,214849,204663,0,0,138,131260,47585,0,940,24740,10186,9657,529,0
1972:Q2,222176,1328,0,0,94143,3564,3722,699,3351,82807,92926,17522,75404,23,22773,572,0,435,0,0,0,9976,218103,208701,0,0,138,132927,49169,0,739,25728,9402,8871,531,0
1972:Q3,226751,1422,0,0,96936,4799,3875,750,3362,84150,93359,17771,75588,24,23848,585,0,357,0,0,0,10220,224124,212680,0,0,138,134620,50718,0,835,26369,11444,10911,533,0
1972:Q4,232264,1981,0,0,97413,2981,3827,735,3367,86503,94951,18003,76948,24,26528,599,0,317,0,0,0,10451,229755,216227,0,0,156,136343,52063,0,811,26854,13528,12927,601,0
1973:Q1,235243,1524,0,0,100836,5237,3824,764,3332,87679,95450,18284,77166,25,25801,613,0,321,0,0,0,10673,231149,220015,0,0,157,138104,53212,0,993,27549,11134,10532,602,0
1973:Q2,236741,1501,0,0,101842,4479,3572,815,3374,89602,96695,18713,77982,25,24798,628,0,366,0,0,0,10886,232360,223342,0,0,158,139911,54172,0,786,28315,9018,8409,609,0
1973:Q3,243498,1435,0,0,103134,4100,3466,909,3396,91263,98784,19597,79187,26,27955,642,0,425,0,0,0,11097,238087,226539,0,0,160,141728,55084,0,873,28694,11548,10933,615,0
1973:Q4,244626,2070,0,0,103077,3004,3444,884,3412,92333,101568,20199,81369,27,25448,656,0,470,0,0,0,11310,239733,229933,0,0,183,143515,56089,0,847,29299,9800,9095,705,0
1974:Q1,250251,1493,0,0,106234,4414,3596,932,3485,93807,102823,20643,82180,27,26889,672,0,512,0,0,0,11601,242016,233236,0,0,185,145264,57019,0,1024,29744,8780,8069,711,0
1974:Q2,251210,1451,0,0,106953,3882,3349,937,3577,95208,104530,21305,83225,28,25073,687,0,560,0,0,0,11928,242974,236260,0,0,171,146969,57733,0,809,30578,6714,6055,659,0
1974:Q3,248362,1502,0,0,107782,3874,3327,989,3618,95974,106602,22175,84427,28,18863,704,0,603,0,0,0,12278,244426,239577,0,0,158,148697,58695,0,885,31142,4849,4243,606,0
1974:Q4,254866,1998,0,0,108467,4070,3372,1065,3667,96293,109096,22862,86234,29,21291,720,0,628,0,0,0,12637,249032,243759,0,0,123,150519,60372,0,835,31910,5273,4799,474,0
1975:Q1,263970,1613,0,0,111577,4682,3585,1110,3696,98504,110572,23326,87246,30,25778,736,0,635,0,0,0,13029,255284,248693,0,0,131,152422,62694,0,990,32456,6591,6086,505,0
1975:Q2,271378,1546,0,0,113551,4768,3712,1179,3783,100109,111675,23708,87967,30,29722,754,0,626,0,0,0,13474,261562,254264,0,0,139,154392,65593,0,757,33383,7298,6762,536,0
1975:Q3,272395,1294,0,0,117518,6394,3821,1282,4165,101856,112430,24099,88331,31,25842,771,0,611,0,0,0,13898,266092,260356,0,0,147,156412,68877,0,812,34108,5736,5169,567,0
1975:Q4,279488,1924,0,0,120829,4813,4736,1419,4508,105353,113635,24467,89168,32,27450,788,0,600,0,0,0,14230,272836,266848,0,0,155,158463,72349,0,745,35136,5988,5391,597,0
1976:Q1,289429,1295,155,0,126227,5247,5072,1642,5014,109252,114190,24763,89427,33,31541,806,0,594,0,0,0,14588,280331,273663,0,0,167,160550,76120,0,938,35888,6668,6028,640,0
1976:Q2,295337,1420,89,0,130501,6053,4956,1648,5196,112648,114842,25136,89706,33,32124,826,0,587,0,0,0,14915,287670,281096,0,0,178,162676,80343,0,735,37164,6574,5890,684,0
1976:Q3,302565,1081,99,0,136153,6264,5419,2090,5406,116974,115696,25494,90202,34,32833,845,0,581,0,0,0,15243,295773,288646,0,0,189,164844,84666,0,863,38084,7127,6399,728,0
1976:Q4,310851,1697,305,0,140700,5224,5368,2318,5594,122196,117389,25834,91555,35,33685,864,0,576,0,0,0,15600,303272,295812,0,0,201,167059,88740,0,878,38934,7460,6689,771,0
1977:Q1,315973,956,490,0,146941,6724,5542,2547,5712,126416,118092,26248,91844,36,31835,884,0,578,0,0,0,16161,310082,302913,0,0,212,169307,92446,0,956,39992,7169,6354,815,0
1977:Q2,324362,1119,329,0,152135,6985,5337,2685,5805,131323,119643,26709,92934,37,32878,904,0,584,0,0,0,16733,317391,309795,0,0,217,171572,95847,0,1060,41099,7596,6763,833,0
1977:Q3,331055,1232,324,0,157493,7927,5719,3040,6030,134777,121311,27141,94170,37,31839,926,0,592,0,0,0,17301,324776,316864,0,0,221,173908,99313,0,1171,42251,7912,7060,852,0
1977:Q4,339576,1883,396,0,161167,4896,5315,4002,6051,140903,124405,27556,96849,38,32299,947,0,600,0,0,0,17841,332260,324527,0,0,220,176369,103217,0,1268,43453,7733,6887,846,0
1978:Q1,347418,1123,481,0,168776,7784,5075,4605,6002,145310,125929,28007,97922,40,31190,979,0,605,0,0,0,18295,340179,332625,0,0,225,178972,107458,0,1360,44610,7554,6690,864,0
1978:Q2,358384,1285,429,0,173710,7462,4924,4895,5943,150486,128478,28616,99862,41,34051,1013,0,606,0,0,0,18771,347884,341152,0,0,238,181734,111959,0,1457,45764,6732,5819,913,0
1978:Q3,371537,1178,571,0,180191,9027,5113,5831,6073,154147,131419,29250,102169,42,37208,1048,0,613,0,0,0,19267,357221,349955,0,0,250,184531,116692,0,1541,46941,7266,6303,963,0
1978:Q4,377998,1857,911,0,182255,6349,4822,6543,6402,158139,136313,30146,106167,44,35062,1084,0,637,0,0,0,19835,365825,358882,0,0,263,187237,121630,0,1597,48155,6943,5930,1013,0
1979:Q1,389860,869,799,0,189063,8080,5357,7121,6090,162415,139492,31165,108327,45,37316,1121,0,679,0,0,0,20476,375462,367965,0,0,276,189887,126736,0,1630,49436,7497,6435,1062,0
1979:Q2,399893,1212,965,0,193773,9041,5204,7988,6089,165451,143109,32139,110970,47,37698,1159,0,739,0,0,0,21191,385436,377225,0,0,310,192517,131964,0,1645,50789,8211,7021,1190,0
1979:Q3,411905,842,1213,0,198462,10126,5150,9023,6240,167923,147170,33061,114109,48,40247,1199,0,805,0,0,0,21919,394702,386707,0,0,343,195111,137504,0,1638,52111,7995,6676,1319,0
1979:Q4,418854,2095,1573,0,198291,7957,4888,9381,6428,169637,153247,34825,118422,50,38890,1240,0,865,0,0,0,22603,403819,396452,0,0,394,197650,143546,0,1600,53262,7367,5853,1514,0
1980:Q1,426475,1063,1510,0,202875,7302,4917,9870,6462,174324,159290,36895,122395,52,36239,1282,0,919,0,0,0,23245,412679,406483,0,0,427,200140,150151,0,1676,54089,6196,4553,1643,0
1980:Q2,439686,1733,1622,0,204813,8196,5135,9739,6338,175405,164941,39377,125564,54,40387,1326,0,967,0,0,0,23843,423574,416828,0,0,480,202584,157384,0,1805,54575,6746,4902,1844,0
1980:Q3,452727,1196,2314,0,210284,10978,5338,10303,6466,177199,168268,40206,128062,55,43757,1372,0,1021,0,0,0,24460,433979,427340,0,0,507,204983,164801,0,1930,55119,6639,4688,1951,0
1980:Q4,463659,2643,2423,0,212104,10142,5838,11144,6701,178279,172492,41411,131081,57,46271,1419,0,1093,0,0,0,25157,444919,437873,0,0,577,207333,171960,0,1996,56007,7046,4829,2217,0
1981:Q1,475970,1765,3020,0,219418,12795,7206,12256,6832,180329,176128,43211,132917,59,47055,1468,0,1168,0,0,0,25889,455746,448046,0,0,584,209657,178243,0,2002,57560,7700,5452,2248,0
1981:Q2,486939,1984,4253,0,224740,14088,6952,13667,6956,183077,179598,44939,134659,61,46958,1518,0,1231,0,0,0,26596,465561,457736,0,0,612,211972,183634,0,1951,59567,7825,5472,2353,0
1981:Q3,494754,2557,5351,0,230364,17278,7192,14322,7044,184528,183078,47042,136036,64,43006,1569,0,1329,0,0,0,27436,475603,468328,0,0,635,214202,189900,0,1894,61697,7275,4834,2441,0
1981:Q4,506888,3161,6673,0,232678,17564,8167,14293,7151,185503,186453,48706,137747,66,46160,1623,0,1507,0,0,0,28567,490218,482191,0,0,739,216270,199792,0,1882,63508,8027,5186,2841,0
1982:Q1,514966,794,7186,0,242105,19084,11071,15157,7501,189292,188843,50013,138830,64,42509,966,0,1791,0,0,0,30708,502196,495328,0,0,742,218152,209369,0,1915,65150,6868,5178,1690,0
1982:Q2,526316,1592,8123,0,249074,20631,10952,16274,7876,193341,191042,51370,139672,38,40768,1000,0,2208,0,0,0,32471,515519,509631,0,0,833,219822,220367,0,1988,66621,5888,4032,1856,0
1982:Q3,543525,1651,8611,0,256874,22359,12705,17307,8241,196262,192900,52423,140477,16,45464,1011,0,2607,0,0,0,34391,532229,525934,0,0,818,221457,233354,0,2062,68243,6295,4461,1834,0
1982:Q4,566758,3439,7819,0,267514,21735,16529,18634,9047,201569,194950,52961,141989,-3,52890,1078,0,2837,0,0,0,36234,546159,539147,0,0,667,223233,242900,0,2099,70248,7012,4893,2119,0
1983:Q1,584452,1305,8087,0,279443,24737,19715,19319,9219,206453,196756,53427,143329,-25,57377,1085,0,2904,0,0,0,37520,560346,552557,0,0,658,225118,252335,0,2100,72346,7789,5640,2149,0
1983:Q2,603866,1778,6967,0,289194,25122,22088,20265,9852,211867,198436,53711,144725,-38,63874,1149,0,2816,0,0,0,39690,577691,569746,0,0,688,227081,265284,0,2069,74624,7945,5808,2137,0
1983:Q3,618421,1344,6286,0,299305,26722,24513,22151,10022,215897,201216,53860,147356,-44,63867,1194,0,2697,0,0,0,42556,589030,581154,0,0,721,229072,272354,0,2033,76974,7876,5752,2124,0
1983:Q4,631755,2527,6195,0,307788,25162,28636,25863,9986,218141,205062,54063,150999,-57,62193,1425,0,2671,0,0,0,43951,603734,594718,0,0,712,231043,281650,0,2017,79296,9016,6556,2460,0
1984:Q1,641625,1248,6566,0,320955,28696,30886,28094,9014,224265,205485,54184,151301,-77,59286,1418,0,2683,0,0,0,44061,613502,605415,0,0,668,232215,287889,0,2017,82626,8087,5749,2338,0
1984:Q2,655192,1843,6685,0,332194,30312,31752,30538,8712,230880,207856,54325,153531,-98,56945,1445,0,2673,0,0,0,45649,626044,618311,0,0,709,233281,295754,0,2019,86548,7733,5456,2277,0
1984:Q3,676179,1189,8003,0,344830,31871,35035,33223,8444,236257,209811,54439,155372,-111,61533,1491,0,2749,0,0,0,46684,647057,638292,0,0,686,234584,310503,0,2036,90483,8765,6566,2199,0
1984:Q4,696034,3059,8561,0,357730,29306,41204,36870,8713,241637,211204,54505,156699,-105,60311,1648,0,3019,0,0,0,50607,670622,660799,0,0,913,235996,328343,0,2078,93469,9823,6974,2849,0
1985:Q1,717567,1519,8445,0,373212,31975,42665,39898,8891,249783,212950,54480,158470,-103,65348,1591,0,3526,0,0,0,51079,689751,678912,0,0,882,238070,340677,0,2146,97137,10839,8101,2738,0
1985:Q2,741928,1622,8876,0,387558,31560,45019,42861,8914,259204,216542,54428,162114,-123,68622,1702,0,3979,0,0,0,53150,712738,701241,0,0,921,240444,356665,0,2236,100975,11497,8699,2798,0
1985:Q3,758216,2454,8522,0,404020,32737,46615,47568,9044,268056,219111,54351,164760,-107,64158,1701,0,4171,0,0,0,54186,724645,713339,0,0,1032,243201,363585,0,2345,103176,11306,8178,3128,0
1985:Q4,794640,7546,6651,0,419013,29063,51700,49368,9708,279174,226166,54369,171797,-74,73983,1708,0,3514,0,0,0,56133,764730,749264,0,0,1380,246421,260441,0,2470,238552,15466,10386,5080,0
1986:Q1,822832,6055,7007,0,436879,28699,53627,53500,10023,291030,229364,54368,174996,-49,79514,1628,0,6894,0,0,0,55540,792272,775260,0,0,1326,250317,273503,0,2624,247490,17012,12276,4736,0
1986:Q2,851824,6957,6940,0,450657,29451,52798,55885,10791,301732,234865,54369,180496,-31,83286,1265,0,9525,0,0,0,58360,819969,803948,0,0,1375,254412,295200,0,2818,250143,16021,11172,4849,0
1986:Q3,871523,7212,6972,0,468009,33428,55032,56720,11648,311181,240325,54345,185980,-27,75634,1337,0,11032,0,0,0,61029,837729,820538,0,0,1700,258907,305164,0,3007,251760,17191,11170,6021,0
1986:Q4,904150,9535,6253,0,484824,34484,59033,59976,11659,319672,247897,54055,193842,-30,76385,1908,0,14460,0,0,0,62918,873567,854002,0,0,1917,263623,327834,0,3145,257483,19565,12505,7060,0
1987:Q1,943981,7981,5370,0,504141,35168,61253,62756,10658,334306,249454,53711,195743,-26,95617,1915,0,13587,0,0,0,65942,912177,891501,0,0,2162,270561,341745,0,3234,273799,20676,13337,7339,0
1987:Q2,970240,7682,4488,0,519343,33215,57641,64744,10944,352799,253917,53535,200382,-18,100356,1919,0,13018,0,0,0,69535,936443,915362,0,0,2267,276454,349746,0,3272,283623,21081,13453,7628,0
1987:Q3,1008780,8192,3879,0,541932,36511,57246,67654,10208,370313,257940,53677,204263,-13,108905,1948,0,12078,0,0,0,73919,972491,950853,0,0,2527,282729,363030,0,3304,299263,21638,14137,7501,0
1987:Q4,921785,8117,3194,0,528600,25326,52235,63369,10635,377035,266794,54576,212218,-7,40807,2314,0,5415,0,0,0,66551,878035,861883,0,0,1630,285313,357311,0,3446,214183,16152,10973,5179,0
1988:Q1,957154,6070,4182,0,552059,27198,52185,65032,10526,397118,270319,54150,216169,7,43901,2385,0,5837,0,0,0,72394,911453,893739,0,0,1584,291024,379211,0,3536,218384,17714,12239,5475,0
1988:Q2,987016,5985,4567,0,572150,28165,53420,67596,9995,412974,275482,54738,220744,12,45845,2341,0,6697,0,0,0,73937,937606,919284,0,0,1504,296613,394567,0,3634,222966,18322,13075,5247,0
1988:Q3,1012215,5146,5291,0,591711,30235,53656,69227,9470,429123,280764,55122,225642,13,44602,2433,0,7591,0,0,0,74664,959320,939923,0,0,1640,301837,408797,0,3753,223896,19397,13824,5573,0
1988:Q4,1036634,4944,6283,0,612161,28833,53682,72326,9093,448227,289190,55464,233726,39,41248,2785,0,8121,0,0,0,71863,988874,970039,0,0,1577,308925,428170,0,3910,227457,18835,13334,5501,0
1989:Q1,1055673,4853,5406,0,630413,31876,51887,78072,8783,459795,294053,56207,237846,52,39580,2673,0,7921,0,0,0,70722,1008732,986937,0,0,1995,312075,434969,0,4116,233782,21795,15806,5989,0
1989:Q2,1083323,5638,4223,0,652515,30220,49532,85921,8756,478086,300135,57114,243021,57,39834,2570,0,7355,0,0,0,70996,1038993,1013463,0,0,2004,319462,448984,0,4378,238635,25530,19596,5934,0
1989:Q3,1104400,6339,3348,0,666787,30731,46990,92267,8902,487897,306256,57726,248530,59,40520,2391,0,6867,0,0,0,71833,1059319,1031926,0,0,2037,324621,456599,0,4643,244026,27393,21078,6315,0
1989:Q4,1128791,10228,876,0,685735,33409,46921,97139,8936,499330,314403,58505,255898,121,39227,3451,0,6817,0,0,0,67933,1087787,1059413,0,0,2045,334600,467211,0,4850,250707,28374,20645,7729,0
1990:Q1,1153463,10505,2588,0,707137,32261,52932,100961,9225,511758,324478,62263,262215,129,36894,3523,0,7382,0,0,0,60827,1109300,1082216,0,0,2119,340630,482404,0,5005,252058,27084,19025,8059,0
1990:Q2,1193935,9303,3824,0,731167,35896,52341,104634,10890,527406,331372,64353,267019,125,39978,3513,0,8225,0,0,0,66428,1149230,1121551,0,0,2081,347620,513395,0,5098,253357,27679,19778,7901,0
1990:Q3,1203040,7475,5668,0,754854,37754,52910,110942,11752,541496,330253,61820,268433,160,32774,3873,0,9192,0,0,0,58791,1154387,1130702,0,0,2056,353857,516183,0,5200,253406,23685,15744,7941,0
1990:Q4,1225190,5423,7775,0,768370,35342,51779,116683,12248,552318,333335,62798,270537,121,37827,3083,1,6281,0,0,0,62974,1179101,1154564,0,0,2308,359610,532430,0,5371,254845,24537,16308,8229,0
1991:Q1,1264890,4795,8608,0,793615,39741,54891,124168,13951,560864,337733,66123,271610,134,42351,3221,1,5901,0,0,0,68531,1215224,1186477,0,0,2240,366668,546260,0,5600,265709,28747,20173,8574,0
1991:Q2,1290513,4918,8646,0,822998,41258,56077,140366,11178,574119,340902,66713,274189,110,40328,3234,1,5634,0,0,0,63742,1236876,1208001,0,0,2384,373611,549888,0,5879,276239,28875,20338,8537,0
1991:Q3,1310394,5214,8686,0,838620,43396,62630,143119,11744,577731,340587,68037,272550,102,41142,3079,1,5237,0,0,0,67726,1254891,1223269,0,0,2546,377504,555583,0,6187,281449,31622,21952,9670,0
1991:Q4,1309040,5264,8730,0,842934,35229,67482,158291,9999,571933,329734,67776,261958,137,43502,4577,1,5136,0,0,0,69025,1262383,1227569,0,0,1843,381589,552154,0,6507,285476,34814,25827,8987,0
1992:Q1,1327411,5227,8768,0,865237,36793,69592,165564,9888,583400,329348,68345,261003,187,43533,4701,8,4907,0,0,0,65495,1280901,1245659,0,1,1862,388679,556966,0,6840,291311,35242,25956,9286,0
1992:Q2,1346644,5106,8806,0,887635,36814,71135,170484,10014,599188,326520,69465,257055,200,43933,4874,24,4782,0,0,0,64764,1302461,1264833,0,4,1971,392129,569302,0,7193,294234,37628,27974,9654,0
1992:Q3,1367466,4885,8846,0,911057,35169,74522,179162,10467,611737,322754,70971,251783,194,45175,4843,24,4456,0,0,0,65232,1328281,1287034,0,50,1904,401103,578437,0,7564,297976,41247,31701,9546,0
1992:Q4,1384433,4624,8886,0,931535,32063,76534,186184,11097,625657,318419,73679,244740,220,46180,4605,24,4148,0,0,0,65792,1360907,1309927,0,7,2064,407212,592275,0,7949,300420,50980,40569,10411,0
1993:Q1,1416547,4651,8922,0,965548,34162,83366,192136,11200,644684,316836,74514,242322,241,47190,4670,30,4090,0,0,0,64369,1387512,1333500,0,40,1936,413941,601013,0,8354,308216,54012,44543,9469,0
1993:Q2,1445305,4675,8958,0,995544,36271,88467,201805,12249,656752,315625,75525,240100,268,47636,4400,33,3877,0,0,0,64289,1406707,1354952,0,188,2142,421176,608746,0,8804,313896,51755,41834,9921,0
1993:Q3,1470288,4697,8997,0,1026161,34684,95083,209167,13616,673611,312864,77439,235425,245,48544,4378,34,3767,0,0,0,60601,1433540,1375834,0,153,2271,428661,615362,0,9240,320147,57706,47580,10126,0
1993:Q4,1483362,4716,9037,0,1044687,33763,95961,214981,14455,685527,305836,79539,226297,397,50488,6738,37,3542,0,0,0,57884,1447457,1388656,0,252,3186,436084,613342,0,9608,326184,58801,44977,13824,0
1994:Q1,1509949,4807,9067,0,1066910,35410,92475,220920,14315,703790,303825,80965,222860,491,49633,6743,48,3401,0,0,0,65024,1464203,1406963,0,261,3237,441945,620183,0,9907,331430,57240,42966,14274,0
1994:Q2,1513535,4901,9106,0,1076063,35314,95263,219347,12702,713437,304150,83426,220724,505,49628,6989,50,3312,0,0,0,58831,1468789,1413379,0,267,3237,447549,616772,0,10131,335423,55410,41108,14302,0
1994:Q3,1546810,4992,9143,0,1098231,37475,98802,220155,12261,729538,303719,85266,218453,504,50961,6873,51,3401,0,0,0,68935,1493894,1439044,0,276,3290,464287,619971,0,10350,340870,54850,40312,14538,0
1994:Q4,1556936,5085,9181,0,1114611,37466,92886,226561,12509,745189,304391,87068,217323,366,50265,6368,86,3325,0,0,0,63258,1504681,1455094,0,608,2372,469507,623178,0,10651,348778,49587,38542,11045,0
1995:Q1,1588603,4979,9219,0,1143643,39778,95836,233798,11328,762903,305579,88395,217184,367,51600,6392,82,3381,0,0,0,63361,1535868,1479887,0,600,2325,480243,625324,0,11024,360371,55981,44664,11317,0
1995:Q2,1621131,4875,9263,0,1171949,39628,95248,234833,12752,789488,307436,89937,217499,381,53644,6639,83,3435,0,0,0,63426,1566816,1507498,0,639,2360,492324,630315,0,11457,370403,59318,47860,11458,0
1995:Q3,1641187,4772,9310,0,1182132,41125,94424,237870,12260,796453,311730,92136,219594,374,55991,6529,84,3445,0,0,0,66820,1584385,1521689,0,626,2406,498993,631636,0,11917,376111,62696,50915,11781,0
1995:Q4,1653849,4669,9359,0,1190057,33622,89478,232439,11389,823129,315317,100099,215218,369,56647,8273,75,3319,0,0,0,65764,1603741,1530626,0,527,2750,506545,626401,0,12327,382076,73115,55442,17673,0
1996:Q1,1662451,4369,9383,0,1198401,39298,87158,228403,11833,831709,316684,101806,214878,358,58090,8502,110,3284,0,0,0,63270,1601031,1528640,0,1175,2877,508749,620120,0,12432,383287,72391,54651,17740,0
1996:Q2,1666222,4173,9421,0,1196155,40259,82143,224035,11618,838100,317811,102987,214824,363,59609,8680,121,3234,0,0,0,66655,1602152,1529377,0,1247,2914,514487,612562,0,12545,385622,72775,54966,17809,0
1996:Q3,1689087,3979,9454,0,1225758,38129,82915,231701,11879,861134,316300,105891,210409,394,60631,8902,123,3162,0,0,0,60384,1619213,1542325,0,1143,2942,527473,606494,0,12696,391577,76888,58672,18216,0
1996:Q4,1763089,3546,10559,0,1276191,36876,73175,235022,12988,918130,314680,104276,210404,449,69675,10199,166,3147,0,0,0,74477,1672328,1579494,0,1644,3539,540930,540497,0,7974,484910,92834,67314,25520,0
1997:Q1,1772937,2833,10387,0,1297579,42399,73040,233568,13196,935376,314463,105859,208604,479,69355,10908,168,3015,0,0,0,63750,1675395,1582358,0,1835,3834,551120,544841,0,7927,472801,93037,66967,26070,0
1997:Q2,1835636,3303,10311,0,1338393,45158,73246,235994,13479,970516,316864,107800,209064,484,75176,11026,173,3180,0,0,0,76726,1731651,1623882,0,1868,4446,562898,559317,0,7883,487470,107769,78619,29150,0
1997:Q3,1878450,2998,10217,0,1362651,50833,76180,239609,13953,982076,315601,108767,206834,474,80027,10886,400,3228,0,0,0,91968,1770394,1648874,0,1914,4527,576074,566836,0,7843,491680,121520,91449,30071,0
1997:Q4,1874574,6742,10189,0,1369873,52783,64570,216197,16754,1019569,316010,108297,207713,597,79061,14609,179,3011,0,0,0,74303,1789057,1647087,0,1828,5481,583224,560616,0,7806,488132,141970,97443,44527,0
1998:Q1,1906708,1838,10239,0,1390429,53250,62356,213950,17415,1043458,315301,108591,206710,661,84624,15187,175,3289,0,0,0,84965,1822283,1669478,0,1829,5573,586054,549961,0,8109,517952,152805,108114,44691,0
1998:Q2,1924240,3053,10314,0,1400466,52856,59602,210105,17974,1059929,318189,110218,207971,808,86862,15934,161,3309,0,0,0,85144,1844073,1681961,0,1674,5768,591553,550931,0,8425,523610,162112,116868,45244,0
1998:Q3,1943546,2727,10309,0,1415953,60052,56652,205794,18513,1074942,319461,111403,208058,743,78245,15296,181,2997,0,0,0,97634,1834452,1702729,0,2092,5907,597595,564767,0,8740,523628,131723,86340,45383,0
1998:Q4,1952671,4296,10434,0,1423560,55475,53771,201979,19120,1093215,326013,111029,214984,930,87868,20320,207,3391,0,0,0,75652,1864324,1703903,0,2545,6182,615441,542765,0,9059,527911,160421,102021,58400,0
1999:Q1,1978679,1458,10575,0,1434251,53215,52915,204247,19342,1104532,326566,106556,220010,1181,90490,20437,267,3406,0,0,0,90048,1895853,1736384,0,3376,6710,622159,544500,0,9250,550389,159469,100874,58595,0
1999:Q2,1991410,2692,10778,0,1432655,49946,51023,204871,19403,1107412,332060,105844,226216,1329,93515,20779,301,3539,0,0,0,93762,1919591,1753526,0,4141,7607,632642,538363,0,9457,561316,166065,98563,67502,0
1999:Q3,1994166,2596,10870,0,1430848,54357,48868,204321,19349,1103953,334357,106323,228034,1455,92467,21309,356,3338,0,0,0,96570,1903462,1768444,0,4424,8022,637081,537619,0,9663,571635,135018,67610,67408,0
1999:Q4,2079380,4071,10969,1,1418361,59569,46289,201741,19100,1091662,340140,107307,232833,1057,97249,17612,342,3721,46467,24633,10965,103792,2001485,1856723,0,3285,7802,695816,550785,15986,9861,573188,144762,72403,72359,0
2000:Q1,2103292,2642,11238,2,1433035,54661,45617,204658,19199,1108900,338205,107199,231006,1023,99350,18464,259,3933,47316,24927,11239,111659,2017882,1869497,0,3093,8041,703865,527098,16621,9868,600911,148385,74300,74085,0
2000:Q2,2130246,4291,11367,2,1441793,58308,44692,205777,19079,1113937,342444,108403,234041,1020,101166,18897,259,3850,48165,25221,11515,120256,2058120,1886670,0,2816,8400,708669,538204,17258,9882,601441,171450,94520,76930,0
2000:Q3,2164924,2271,11504,2,1461351,62147,44048,208423,19094,1127639,346355,110415,235940,1078,103690,19275,364,3901,49014,25514,11788,128817,2116246,1913050,0,2727,10659,718522,550148,17892,9895,603207,203196,117180,86016,0
2000:Q4,2172659,3705,11853,2,1467788,58488,42954,210026,19042,1137278,348030,111249,236781,998,98391,17113,365,3644,49862,25808,12063,133037,2132094,1925915,0,2544,9824,728319,569526,18528,9909,587265,206179,134197,71982,0
2001:Q1,2256156,17780,11395,1567,1494119,45792,42922,213203,19092,1173110,348174,112525,235649,1048,89313,17679,344,3263,52211,26773,12707,179783,2142862,1988423,2720,1934,10789,754996,619826,19802,13262,565094,154439,63917,73509,17013
2001:Q2,2316445,23589,11588,3279,1530180,45808,42756,215849,19078,1206689,350503,112850,237653,1014,94778,17702,236,3425,54559,27739,13354,184499,2202404,2037947,2458,1957,11206,765962,621075,21081,12257,601951,164457,71782,75637,17038
2001:Q3,2371186,25185,11452,1837,1578584,52819,42681,219125,19104,1244855,353427,114229,239198,1048,90529,17874,262,3002,56906,28704,13998,188378,2263166,2096326,2898,2843,11612,774819,684179,22355,12212,585408,166840,73308,76528,17004
2001:Q4,2375807,26416,10552,1402,1588564,33691,46501,219960,18902,1269510,357037,114185,242852,772,79862,10683,276,4436,59254,29668,14642,192243,2276048,2108487,1311,3197,9728,783186,661842,23629,11561,614033,167561,98473,53455,15633
2002:Q1,2460601,24555,12095,7133,1653546,32707,53697,238284,19597,1309261,358072,114694,243378,806,78779,10790,302,4620,61502,30607,15873,201921,2358779,2187745,16287,3813,10012,801016,641193,26585,11006,677833,171034,101224,54701,15109
2002:Q2,2529215,24008,13119,9188,1708286,35828,60771,255159,20113,1336415,359818,114877,244941,981,77794,12573,363,4374,63752,31547,17104,206308,2425146,2251966,17755,4130,9459,819811,689750,29544,9575,671942,173180,100361,55722,17097
2002:Q3,2613417,33225,14499,11479,1771840,32250,69073,274921,20799,1374797,360972,115472,245500,993,73905,12958,397,4014,65999,32484,18335,212317,2484581,2326924,15277,4635,9136,846230,744996,32500,9454,664696,157657,82767,56801,18089
2002:Q4,2666755,24602,12932,4930,1824085,36098,75191,292726,21279,1398791,366259,116618,249641,1155,75280,11642,495,4371,68247,33423,19567,219767,2508254,2350906,14252,5277,11422,836131,787546,35458,10364,650456,157348,85608,52153,19587
2003:Q1,2770278,33363,15655,12613,1888965,30031,75688,300729,22969,1459548,367061,116290,250771,1075,78397,11698,576,4539,71199,34599,20508,230030,2599105,2443771,20213,6414,10914,856611,822983,36924,8374,681338,155334,82412,52668,20254
2003:Q2,2849553,33052,16025,10130,1952385,27843,73896,307964,24668,1518014,370905,116805,254100,1144,85081,11995,768,5375,74152,35773,21444,231324,2663415,2498915,20295,6793,10491,870160,818683,38389,8513,725591,164500,91302,51356,21842
2003:Q3,2904293,34531,18657,8855,1990480,29226,72714,310176,26018,1552346,373631,116481,257150,1162,87489,12174,1010,5820,77102,36949,22384,234049,2710746,2539877,23446,7602,9861,884981,820404,39857,8839,744887,170869,97170,51498,22201
2003:Q4,2929433,33171,13471,2338,2018121,22186,66329,312781,27431,1589394,378148,116934,261214,1225,87562,17280,1147,6624,80054,38123,23325,228844,2743712,2552080,15078,8248,8946,887180,825923,41324,8410,756971,191632,108180,60044,23408
2004:Q1,3017323,31308,16938,3996,2074989,22249,66985,319458,28851,1637446,379152,117073,262079,1224,92215,17099,1206,6805,85162,40329,25095,241805,2825590,2624495,15731,8148,9091,889797,854683,45038,10179,791828,201095,116513,59967,24615
2004:Q2,3078214,35061,17537,3800,2118022,19885,65773,324543,30177,1677644,381819,118119,263700,1303,92522,17968,1230,6810,90272,42535,26865,242470,2891905,2673305,17975,8844,10481,904748,874138,48754,9503,798862,218600,122232,72441,23927
2004:Q3,3139841,34235,20274,3350,2164484,21564,65371,329271,31516,1716762,386696,119443,267253,1358,93973,18800,1236,6794,95379,44740,28634,239888,2944640,2723529,17276,8870,10805,918849,903797,52469,9227,802236,221111,119606,76050,25455
2004:Q4,3192859,33514,18729,3942,2193259,15937,63720,332483,32753,1748366,393163,120465,272698,1213,97614,20013,1704,7338,100487,46945,30404,244534,2998265,2757167,13846,11363,11592,932514,910396,56185,10317,810954,241098,127957,87262,25879
2005:Q1,3231219,27049,20393,11131,2220330,8841,68258,339271,33761,1770199,394500,120808,273692,1220,96642,20370,1533,7381,102383,48170,31107,249010,3045715,2807609,20440,8614,11571,943253,934177,57846,9622,822086,238106,124527,87815,25764
2005:Q2,3246019,34987,17446,8933,2223101,8068,72211,337901,34214,1770707,399239,122571,276668,1216,91205,20967,1487,7692,104278,49392,31810,254266,3091041,2837557,20385,9183,10763,955947,931344,59508,9775,840652,253484,138717,89723,25044
2005:Q3,3267082,36695,17091,6201,2235033,10370,76883,337292,34748,1775740,401817,123089,278728,1372,91836,22350,1485,8176,106174,50616,32514,255722,3138149,2865054,21198,9271,11448,968728,926127,61170,8957,858155,273095,149718,90284,33093
2005:Q4,3248604,31284,15010,2922,2222169,11555,78992,334068,34929,1762625,408266,125258,283008,1273,89836,23261,1470,8478,108068,51838,33219,251510,3135290,2860618,21394,9390,10965,975950,941056,62833,8614,830416,274672,159289,81472,33911
2006:Q1,3293666,32812,17154,2171,2252601,12810,77661,341756,36250,1784124,413413,127221,286192,1212,96074,23807,1473,8223,113285,55694,34273,241474,3188407,2908333,24599,10109,10947,996258,925011,65965,9037,866407,280074,164026,82548,33500
2006:Q2,3322163,32805,18712,2035,2249804,12766,74435,337579,37075,1787949,423932,130567,293365,1133,94183,23402,1387,7436,118501,59548,35328,253957,3216410,2945820,23999,10454,12504,999221,927088,69098,8339,895117,270590,149037,88478,33075
2006:Q3,3361635,32770,22591,2261,2246447,13920,72182,338011,37920,1784414,431656,133342,298314,1153,99760,24864,1405,7041,123717,63404,36380,268186,3260525,2982080,20843,11093,12890,1016051,917374,72231,8853,922745,278445,149383,92176,36886
2006:Q4,3376425,37465,26019,2859,2193083,14021,68418,331363,37932,1741349,437739,135726,302013,1120,140146,27319,1524,6790,128932,67258,37435,268736,3270459,2988832,21769,12238,12570,1030922,890348,75364,11552,934069,281627,153442,91560,36625
2007:Q1,3396270,40316,24686,2240,2203739,15426,65464,333819,39462,1749568,443686,139179,304507,1121,142294,29500,1587,7210,130775,69285,37361,262470,3296046,3011757,18291,13498,11929,1041838,884300,78090,10170,953641,284289,156331,90217,37741
2007:Q2,3431117,37876,24612,3130,2210517,16219,62637,336145,40948,1754568,454291,143560,310731,1042,149967,32126,1724,7874,132619,71311,37289,266739,3348277,3045264,18843,16725,12308,1055786,882424,80815,9144,969219,303013,166510,96800,39703
2007:Q3,3473285,42506,22670,3239,2222901,16277,59601,339276,42572,1765175,462957,147067,315890,1056,151536,34467,1974,8352,134460,73338,37215,276614,3386771,3088973,19618,22897,12230,1065931,872792,83542,9493,1002470,297798,162675,94968,40155
2007:Q4,3477741,41766,24615,3107,2210830,20003,55983,338708,43677,1752459,474025,149107,324918,1265,145096,34990,2124,8420,136303,75363,37143,282694,3383055,3098190,20663,26282,12653,1080408,872392,86269,10115,989408,284865,156464,86363,42038
2008:Q1,3470510,47141,31204,3463,2162634,23689,66023,332783,44411,1695728,484204,154157,330047,1319,121770,32012,2236,7887,141598,78218,38065,318759,3428566,3169901,21862,29266,12779,1093614,903663,90267,9576,1008874,258665,141180,76126,41359
2008:Q2,3435805,55150,34795,3633,2107744,24216,76607,325822,44986,1636113,493999,158320,335679,1344,122305,30027,2419,7910,146892,81074,38988,309525,3436813,3203533,24066,30581,12115,1111975,922269,94267,7568,1000692,233280,126110,66078,41092
2008:Q3,3382505,57088,31729,4175,2021803,18930,85624,315223,45106,1556920,507039,166726,340313,1211,108472,24696,2686,7111,152185,83928,39912,340470,3437015,3222286,21975,39395,11041,1140677,981068,98267,5256,924607,214729,121992,56987,35750
2008:Q4,3378661,65560,42974,8731,1943334,19406,101016,302424,44855,1475633,506888,169633,337255,1107,86837,18595,3035,5891,157479,86782,40835,410613,3424659,3267441,13202,50424,11274,1164810,1010274,102267,5950,909240,157218,80838,46416,29964
2009:Q1,3434108,53159,46454,13572,2046447,25615,112621,299821,51292,1557098,498823,164120,334703,1246,45503,16687,3064,5038,159419,85386,41246,418064,3394841,3273844,13538,50863,11298,1187726,1001847,102557,5660,900355,120997,47046,42218,31733
2009:Q2,3490781,48824,44768,11768,2128893,31221,114633,304204,57442,1621393,492521,160090,332431,1449,52314,22094,3082,5275,161359,83989,41656,392789,3428489,3266684,11141,48822,12636,1197160,971331,102847,6058,916689,161805,71754,54150,35901
2009:Q3,3584169,47642,41426,12612,2231707,33159,116063,305468,64095,1712922,486673,155611,331062,1580,57764,27765,3005,5516,163297,82592,42069,380521,3492032,3286683,14622,46106,13657,1204103,938620,103139,6146,960290,205349,96111,66358,42880
2009:Q4,3670104,36378,37122,11220,2344720,36580,117253,309592,71048,1810247,469938,144259,325679,1548,72512,28196,2748,5219,165237,81195,42480,371591,3510105,3302482,12760,46662,13053,1222071,928972,103430,7600,967934,207623,97378,68140,42105
2010:Q1,3714719,32638,33118,12527,2385010,20681,121607,308788,79630,1854304,464151,143291,320860,1550,77739,33299,2750,5122,163613,79124,42010,382068,3551587,3314244,9389,46174,13906,1228672,931373,102040,7121,975569,237343,118589,73941,44813
2010:Q2,3776911,42258,29525,12206,2446242,23801,126339,307980,89313,1898809,460621,143327,317294,1617,72619,33241,2759,4469,161991,77051,41541,390771,3572693,3355745,10105,44917,14233,1238766,959774,100648,7167,980135,216948,101696,66734,48518
2010:Q3,3850616,43301,26255,12239,2514267,30068,131490,307356,100108,1945245,461959,144101,317858,1715,80824,42149,2811,4604,160367,74980,41075,384070,3626142,3389270,11260,44686,14740,1257972,969002,99261,8427,983922,236872,107365,77122,52385
2010:Q4,3892040,34531,23843,12335,2574437,24089,137078,306797,112340,1994133,461529,144148,317381,1990,77863,48714,2747,4582,158743,72907,40605,377214,3683237,3406667,10532,44573,14940,1265691,967823,97871,8239,996998,276570,123549,88445,64576
2011:Q1,3958551,30144,22651,8967,2638275,22671,142603,312039,118345,2042617,461576,143134,318442,1976,75344,52118,2802,5057,157189,73908,40998,387546,3735732,3447015,13103,45417,14813,1283965,942298,95299,8249,1043871,288717,128210,94185,66322
2011:Q2,4024620,31748,20950,9275,2683564,20737,147295,315466,123923,2076143,469152,145799,323353,2105,79492,53367,2594,5363,155635,74910,41390,395075,3777141,3488484,12858,45467,16124,1303947,953800,92727,8088,1055473,288657,116462,102205,69990
2011:Q3,4139937,42171,19941,9632,2746880,25097,155620,319918,130160,2116085,479278,149922,329356,2045,79698,45333,2595,5044,154080,75909,41784,435547,3830547,3581100,11836,45782,16316,1342312,1004428,90156,6909,1063361,249447,86315,86070,77062
2011:Q4,4193075,44525,33424,7017,2786176,11096,166743,323013,136064,2149260,485834,152129,333705,2224,78756,49457,2004,5614,152526,76910,42178,426430,3885346,3609923,12432,46112,18377,1364322,983128,87586,7394,1090572,275423,97470,102855,75098
2012:Q1,4251373,43058,29550,9917,2832005,12604,166659,325618,141021,2186103,488469,150186,338283,2741,81904,57094,1974,5634,156103,78360,44889,419675,4015400,3637025,14532,47376,17205,1373709,991157,90896,8251,1093899,378375,111279,112201,154895
2012:Q2,4263700,47068,32660,10132,2815018,19595,164057,320838,142860,2167668,493886,151343,342543,2934,75367,55567,2018,4980,159678,79808,47601,436983,3980073,3631399,15279,50923,17326,1367248,976511,94206,8433,1101473,348674,78612,108659,161403
2012:Q3,4329746,43740,31815,10640,2870625,24315,164509,324355,148487,2208959,498502,152647,345855,3034,79141,61564,2022,4719,163254,81257,50312,429121,3969591,3673313,16861,50852,17713,1379696,982643,97516,8890,1119142,296278,84489,115578,96211
2012:Q4,4378152,44813,31435,9328,2906950,32090,166256,325181,153062,2230361,503813,155615,348198,3223,79661,67211,2041,4261,166829,82705,53026,422856,3950340,3695013,14792,49554,16668,1393646,998105,100828,8603,1112817,255327,125548,113878,15901
2013:Q1,4357534,46560,24416,5590,2881135,28908,157483,317546,152158,2225040,500600,152509,348091,2688,80656,68538,1935,4505,172013,84176,51929,432793,3997297,3717993,22945,50503,16300,1402017,1000149,99143,8413,1118523,279304,141127,121845,16332
2013:Q2,4339695,37238,22749,6340,2858282,29429,150622,310234,151353,2216644,506890,154306,352584,2886,81566,66789,1942,4501,177194,85646,50831,436841,4049515,3742828,23528,51740,15632,1415905,1013847,97459,6512,1118205,306687,171083,119748,15856
2013:Q3,4341705,46760,25134,6545,2829075,34076,144573,301604,149765,2199057,514760,153875,360885,2645,82866,72989,2064,4838,182378,87114,49737,434800,4097965,3779922,23144,50817,15064,1434234,1033550,95776,7139,1120198,318043,181043,120782,16218
2013:Q4,4344690,40804,23840,3382,2812811,40978,138237,294905,148964,2189727,523998,157045,366953,2582,82405,78173,2866,5000,187559,88584,48640,444046,4159728,3820858,21473,51495,13402,1449443,1047863,94092,7280,1135810,338870,210288,117870,10712
2014:Q1,4426636,47066,23686,3164,2859717,35363,143507,298813,153087,2228947,529045,160283,368762,3458,84515,80463,2896,5193,188577,86771,49365,462720,4205509,3873191,21505,51874,13160,1464911,1062455,95097,7414,1156775,332318,206169,115203,10946
2014:Q2,4484972,45811,23487,2954,2919471,31826,149485,303629,158660,2275871,535703,162207,373496,3494,88239,85217,2967,5482,189597,84958,50089,447503,4244802,3901566,23834,52481,13173,1483758,1072463,96101,7123,1152633,343236,213655,118045,11536
2014:Q3,4556230,48978,25197,2987,2964585,30487,155401,306859,163527,2308311,545829,166408,379421,3690,87401,83752,2993,5517,190614,83144,50816,460727,4274795,3940805,23162,52816,13976,1503240,1082946,97109,6730,1160826,333990,206753,115767,11470
2014:Q4,4630611,46330,30476,3409,2994643,30602,161065,308416,167486,2327074,557405,169748,387657,3622,85600,84230,2955,5683,191632,81331,51541,491754,4329737,3993552,22502,53355,13061,1527223,1098587,98113,6773,1173938,336185,210743,113949,11493
2015:Q1,4587566,46946,30209,3232,2943896,28621,159873,300666,167807,2286929,555038,170333,384705,3547,86035,84268,3076,5737,195866,82621,55232,491863,4299910,3977578,22760,55581,13769,1512540,1083385,102079,7876,1179588,322332,192857,117697,11778
2015:Q2,4575645,39247,29207,2968,2930529,26037,159881,295939,169766,2278906,562441,167541,394900,3343,89138,80305,3427,5657,200100,83912,58927,486444,4325035,3996993,23074,57797,13525,1524804,1108433,106044,7963,1155353,328042,203549,112749,11744
2015:Q3,4625616,51133,35000,3405,2930146,29603,162221,291776,172023,2274523,569615,165619,403996,2686,87429,68244,3452,5229,204333,85201,62618,517125,4364616,4074685,23032,58825,12774,1541402,1144031,110011,6650,1177960,289931,178315,99658,11958
2015:Q4,4626736,58666,31399,2914,2923842,25651,162828,288130,175090,2272143,586546,165736,420810,2753,84801,64816,3406,5298,208567,86490,66312,500926,4394417,4099039,21995,59738,12237,1554159,1168664,113978,7569,1160699,295378,182767,100707,11904
2016:Q1,4808298,57085,30456,3058,3052736,28736,164344,295707,182868,2381081,597523,171363,426160,2256,88040,57473,3505,5533,219517,85739,72512,532865,4490612,4201667,22060,62840,13331,1578275,1189081,118897,8674,1208509,288945,161935,114229,12781
2016:Q2,5014532,78709,27164,2945,3180515,29969,172221,301152,189380,2487793,603777,168802,434975,2213,90183,58886,3585,5853,230465,84988,78712,566537,4616244,4324340,22104,67535,13968,1609756,1219438,123815,8349,1259375,291904,159752,118609,13543
2016:Q3,5066229,71980,24584,2869,3226377,32296,174872,302162,191051,2525996,612276,169383,442893,2158,91380,63425,3766,6283,241414,84236,84911,550570,4677106,4365805,22162,69890,14713,1628548,1234787,128735,7072,1259898,311301,173403,123987,13911
2016:Q4,4913017,57874,20221,2554,3103791,30444,172440,289102,181171,2430634,619028,162838,456190,2139,91708,63141,3766,6505,252362,83485,91111,515332,4694381,4340443,22229,70197,14964,1637607,1212122,133654,8650,1241020,353938,212539,128264,13135
2017:Q1,4991007,56754,22689,2558,3151862,30904,175444,292851,184926,2467737,627968,160848,467120,2358,92530,69623,4051,6733,260914,85443,93882,513642,4751704,4395027,22279,73205,15030,1655010,1225975,143031,8202,1252295,356677,208769,134397,13511
2017:Q2,5079810,62605,24122,2428,3199287,29719,178041,296515,188503,2506509,641775,161009,480766,2146,97028,75512,3982,6844,269465,87400,96655,510561,4814172,4444758,22892,73245,15252,1666424,1228648,152410,6845,1279042,369414,214412,140860,14142
2017:Q3,5158302,60204,26280,2360,3243556,29274,180206,299957,192081,2542038,652527,164287,488240,2224,99546,80036,3987,7005,278016,89357,99426,513778,4879634,4494555,22311,74095,15229,1686146,1235642,161788,7428,1291916,385079,223012,147539,14528
2017:Q4,5194715,65183,26240,2107,3279124,26482,180317,302408,195165,2574752,661262,163928,497334,2031,99365,86119,4157,7250,286566,91314,102199,481798,4947775,4540958,21974,76903,15592,1704305,1244189,171167,8836,1297992,406817,230465,160684,15668
2018:Q1,5163519,58548,24119,2033,3218332,24421,179287,299597,195498,2519529,672910,162629,510281,2706,97397,84833,4503,7545,277528,115620,102010,495435,4990148,4607808,21356,81037,14618,1714692,1280714,174693,8625,1312073,382340,212758,154582,15000
2018:Q2,5180313,65250,27681,2020,3188503,23280,180209,292941,193707,2498366,687588,162446,525142,2409,98587,73025,4509,7898,268491,139927,101824,512601,5032508,4654846,21448,82026,13240,1725534,1318326,178220,7864,1308188,377662,208265,154528,14869
2018:Q3,5237449,53388,23199,2242,3212658,24821,181951,291269,191602,2523015,701784,161085,540699,2339,101434,72588,4582,7757,259452,164231,101636,530159,5107317,4711824,24150,81841,12637,1734006,1347721,181746,7591,1322132,395493,221052,159388,15053
2018:Q4,5261556,61301,27395,2270,3209215,24214,159761,283884,187431,2553925,717178,162891,554287,2303,95713,61035,4650,6763,250413,188537,101449,533334,5091315,4766635,24705,83350,11731,1744883,1401564,185271,5991,1309140,324680,188419,131593,4668
2019:Q1,5458991,60327,27641,3452,3377086,24547,158539,290652,195345,2708003,730216,163871,566345,1313,98495,73075,4742,7808,252096,190476,103074,529190,5176434,4813166,24195,84494,11905,1756169,1407021,188653,6679,1334050,363268,201500,156677,5091
2019:Q2,5663161,67698,31792,4817,3530164,25117,159989,295505,200962,2848591,737086,164083,573003,1339,101411,77047,4745,8140,253779,192415,104697,548031,5273894,4879783,23812,84534,12390,1768044,1426668,192035,5864,1366436,394111,218409,170200,5502
2019:Q3,5852209,77789,37432,5855,3643963,23612,166470,297871,206001,2950009,753140,167459,585681,793,103374,78517,5046,8340,255462,194353,106324,581821,5368350,4977437,21349,88578,12924,1787198,1455636,195420,5656,1410676,390913,203709,181472,5732
2019:Q4,5896647,69807,34411,6538,3684874,21098,170600,299185,210670,2983321,767929,166880,601049,990,106401,85388,5214,8023,257143,196291,107950,565688,5406314,4991003,18015,91246,12814,1794828,1462384,198803,6582,1406331,415311,211286,198262,5763
2020:Q1,6021038,118151,55420,9823,3601990,29988,188975,309794,209346,2863887,777696,171418,606278,524,105857,67608,6018,6379,258545,219679,113569,679779,5550033,5264536,26066,110547,12790,1844205,1520715,220977,9169,1520067,285497,122772,162725,0
2020:Q2,6313500,120206,53600,8703,3885616,25087,189322,292050,216258,3162899,777596,168699,608897,805,101218,78441,6985,7364,259947,243065,119179,650775,5623070,5290658,21929,111133,12817,1844422,1514915,243144,10418,1531880,332412,130731,201681,0
2020:Q3,6386316,100743,42662,10894,3960752,29586,196034,287387,221259,3226486,778568,168848,609720,498,105162,80720,7274,7167,261346,266451,124793,639286,5707337,5354393,26172,106433,12838,1866099,1542717,265312,6918,1527904,352944,132602,220342,0
2020:Q4,6515808,92833,37292,8418,4025545,21486,192193,274343,227658,3309865,788478,168030,620448,466,113605,93858,7759,7844,262748,289837,130404,656721,5870354,5444836,19064,106742,12560,1884834,1565215,287480,7688,1561253,425518,166581,258937,0
2021:Q1,6387793,85947,35266,7874,3862655,19597,180625,259113,226135,3177185,792269,168955,623314,530,122333,93901,8539,7811,268298,312006,132912,657452,5958885,5478011,17272,115327,12417,1893456,1562736,304180,8941,1563682,480874,211663,269211,0
2021:Q2,6600070,102094,42782,8506,3978120,20695,187280,254894,228810,3286441,801145,169690,631455,381,129773,94330,8677,8303,273846,334176,135417,682520,6076917,5565309,18214,111647,11688,1922220,1597555,320879,6514,1576592,511608,216910,294698,0
2021:Q3,6664715,96368,41234,9707,4009798,23136,188800,249026,226865,3321971,815857,171622,644235,121,142670,88648,8738,7469,279396,356345,137927,670437,6156373,5650466,20351,110216,11566,1947987,1632023,337579,6450,1584294,505907,219616,286291,0
2021:Q4,6733118,87962,38426,10041,4026162,23485,179953,237269,227845,3357610,830206,172099,658107,-323,137387,86689,9073,7879,284943,378513,140433,695727,6258291,5724198,20601,113643,11394,1959989,1647746,354278,7189,1609358,534093,224622,309471,0
2022:Q1,6486301,77418,35546,8126,3734431,20506,160161,217242,207539,3128983,848531,170984,677547,-580,144812,68271,9630,7607,283535,404629,139467,724878,6296248,5800145,23481,125068,10139,1968805,1666028,358354,6271,1641999,496103,236836,259267,0
2022:Q2,6292155,79759,38457,6260,3485260,17327,147218,203546,196357,2920812,866617,171038,695579,-280,133463,44664,9080,7169,282127,430745,138503,770331,6263448,5885914,24970,132447,8373,1983422,1710954,362429,5249,1658070,377534,198147,179387,0
2022:Q3,6178078,78558,39740,5902,3314107,18327,139523,193262,182996,2779999,878962,174242,704720,-347,118940,31327,8468,8164,280718,456860,137535,819144,6332848,5988649,32680,135559,7512,1994030,1755093,366503,5313,1691959,344199,199347,144852,0
2022:Q4,6314655,77072,40876,4663,3402734,16798,137248,187216,183814,2877658,890352,173574,716778,-224,120625,25106,8052,9153,279309,482975,136566,837396,6376461,6010992,36399,135728,6607,1996316,1780908,370575,6045,1678414,365469,230587,134882,0
2023:Q1,6473718,78492,43985,4821,3498560,17574,138853,186553,185404,2970176,899091,174711,724380,-101,127068,34777,7773,9018,290709,505722,138602,835201,6473166,6132158,35870,139021,6261,2025571,1847002,393934,6525,1677974,341008,201226,139782,0
2023:Q2,6498345,90684,53634,5368,3428929,19792,137602,183440,180061,2908034,909101,174450,734651,-317,124952,37224,8373,8556,302109,528469,140640,860623,6581831,6225421,38074,135537,5930,2038632,1897975,417296,5710,1686267,356410,211742,144668,0
2023:Q3,6427282,79894,49829,5644,3282757,21042,131080,181747,169758,2779130,922822,175706,747116,-255,126578,40472,8733,8018,313507,551214,142678,895391,6659075,6302861,38051,138282,5716,2045551,1933615,440656,6602,1694388,356214,225002,131212,0
2023:Q4,6685774,101150,66466,5644,3464792,21273,140578,188527,177536,2936878,923775,172993,750782,-160,129927,40786,8832,7273,324906,573960,144714,893709,6743188,6363483,36063,138125,5293,2042154,1954450,464015,7171,1716212,379705,241489,138216,0
2024:Q1,6745008,103305,60998,5726,3490511,21607,142146,190946,173625,2962187,937118,176670,760448,-53,130165,41080,9329,7844,328827,582670,149049,898439,6898458,6475391,36609,143290,4119,2066798,1973242,476449,7746,1767138,423067,270165,152902,0
