date,FL224090045.Q,FL223020043.Q,FL223030043.Q,FL223034043.Q,FL222051043.Q,LM224022045.Q,FL223069143.Q,LM223061143.Q,LM223061743.Q,LM223062043.Q,LM223063045.Q,FL223065043.Q,LM223064145.Q,LM223064243.Q,FL223090045.Q,FL223073045.Q,LM223093043.Q,FL224190043.Q
1945:Q4,12983,69,0,0,0,2508,0,1519,0,849,140,18,7,0,10381,10381,0,12983
1946:Q1,ND,ND,ND,ND,ND,ND,ND,ND,ND,ND,ND,ND,ND,ND,ND,ND,ND,ND
1946:Q2,ND,ND,ND,ND,ND,ND,ND,ND,ND,ND,ND,ND,ND,ND,ND,ND,ND,ND
1946:Q3,ND,ND,ND,ND,ND,ND,ND,ND,ND,ND,ND,ND,ND,ND,ND,ND,ND,ND
1946:Q4,15150,77,0,0,0,2766,0,1671,0,935,160,21,8,0,12278,12278,0,15150
1947:Q1,ND,ND,ND,ND,ND,ND,ND,ND,ND,ND,ND,ND,ND,ND,ND,ND,ND,ND
1947:Q2,ND,ND,ND,ND,ND,ND,ND,ND,ND,ND,ND,ND,ND,ND,ND,ND,ND,ND
1947:Q3,ND,ND,ND,ND,ND,ND,ND,ND,ND,ND,ND,ND,ND,ND,ND,ND,ND,ND
1947:Q4,17776,85,0,0,0,3087,0,1860,0,1037,190,25,10,0,14569,14569,0,17777
1948:Q1,ND,ND,ND,ND,ND,ND,ND,ND,ND,ND,ND,ND,ND,ND,ND,ND,ND,ND
1948:Q2,ND,ND,ND,ND,ND,ND,ND,ND,ND,ND,ND,ND,ND,ND,ND,ND,ND,ND
1948:Q3,ND,ND,ND,ND,ND,ND,ND,ND,ND,ND,ND,ND,ND,ND,ND,ND,ND,ND
1948:Q4,20365,91,0,0,0,3506,0,2073,0,1166,267,35,13,0,16720,16720,0,20366
1949:Q1,ND,ND,ND,ND,ND,ND,ND,ND,ND,ND,ND,ND,ND,ND,ND,ND,ND,ND
1949:Q2,ND,ND,ND,ND,ND,ND,ND,ND,ND,ND,ND,ND,ND,ND,ND,ND,ND,ND
1949:Q3,ND,ND,ND,ND,ND,ND,ND,ND,ND,ND,ND,ND,ND,ND,ND,ND,ND,ND
1949:Q4,23047,101,0,0,0,4008,0,2257,0,1349,402,52,20,0,18866,18866,0,23048
1950:Q1,ND,ND,ND,ND,ND,ND,ND,ND,ND,ND,ND,ND,ND,ND,ND,ND,ND,ND
1950:Q2,ND,ND,ND,ND,ND,ND,ND,ND,ND,ND,ND,ND,ND,ND,ND,ND,ND,ND
1950:Q3,ND,ND,ND,ND,ND,ND,ND,ND,ND,ND,ND,ND,ND,ND,ND,ND,ND,ND
1950:Q4,25881,119,0,0,0,4632,0,2498,0,1549,585,75,29,0,21026,21026,0,25882
1951:Q1,ND,ND,ND,ND,ND,ND,ND,ND,ND,ND,ND,ND,ND,ND,ND,ND,ND,ND
1951:Q2,ND,ND,ND,ND,ND,ND,ND,ND,ND,ND,ND,ND,ND,ND,ND,ND,ND,ND
1951:Q3,ND,ND,ND,ND,ND,ND,ND,ND,ND,ND,ND,ND,ND,ND,ND,ND,ND,ND
1951:Q4,28206,138,0,0,0,5331,0,2918,0,1712,701,105,41,0,22591,22591,0,28208
1952:Q1,28702,143,0,0,0,5572,0,3070,5,1751,746,113,44,0,22830,22830,0,28705
1952:Q2,29535,148,0,0,0,5749,0,3148,10,1794,797,122,47,0,23469,23469,0,29538
1952:Q3,30368,153,0,0,0,6089,0,3313,15,1838,923,131,49,0,23946,23946,0,30371
1952:Q4,31201,158,0,0,0,6287,0,3374,20,1883,1010,141,56,0,24559,24559,0,31204
1953:Q1,31986,164,0,0,0,6561,0,3465,22,1933,1141,152,59,0,25050,25050,0,31989
1953:Q2,32771,173,0,0,0,6932,0,3655,23,1986,1268,163,63,0,25440,25440,0,32774
1953:Q3,33557,182,0,0,0,7291,0,3830,24,2042,1395,175,68,0,25841,25841,0,33560
1953:Q4,34343,189,0,0,0,7514,0,3860,25,2103,1526,188,75,0,26377,26377,0,34346
1954:Q1,35319,193,0,0,0,7898,0,4043,28,2166,1661,202,82,0,26944,26944,0,35322
1954:Q2,36294,195,0,0,0,8305,0,4234,31,2232,1808,217,84,0,27493,27493,0,36297
1954:Q3,37269,195,0,0,0,8606,0,4310,34,2302,1960,233,89,0,28146,28146,0,37272
1954:Q4,38244,194,0,0,0,8912,0,4383,38,2376,2115,249,99,0,28790,28790,0,38248
1955:Q1,39331,191,0,0,0,9188,0,4438,43,2456,2251,266,113,0,29573,29573,0,39334
1955:Q2,40416,185,0,0,0,9459,0,4478,48,2542,2391,283,148,0,30341,30341,0,40419
1955:Q3,41501,179,0,0,0,9788,0,4566,53,2632,2537,301,180,0,31053,31053,0,41504
1955:Q4,42586,174,0,0,0,10139,0,4666,58,2723,2692,318,200,0,31755,31755,0,42590
1956:Q1,43858,175,0,0,0,10594,0,4879,60,2816,2839,336,217,0,32536,32536,0,43862
1956:Q2,45129,178,0,0,0,10840,0,4903,62,2911,2964,352,201,0,33558,33558,0,45133
1956:Q3,46400,183,0,0,0,11073,0,4929,64,3009,3071,371,189,0,34584,34584,0,46404
1956:Q4,47670,190,0,0,0,11286,0,4944,67,3110,3165,395,200,0,35599,35599,0,47675
1957:Q1,48929,200,0,0,0,11631,0,5061,74,3214,3282,425,215,0,36458,36458,0,48934
1957:Q2,50190,214,0,0,0,11974,0,5114,82,3322,3456,460,277,0,37265,37265,0,50194
1957:Q3,51450,228,0,0,0,12380,0,5147,89,3431,3713,499,294,0,38049,38049,0,51454
1957:Q4,52709,237,0,0,0,12718,0,5058,97,3539,4024,540,300,0,38914,38914,0,52714
1958:Q1,54272,242,0,0,0,13197,0,5104,102,3648,4343,584,320,0,39929,39929,0,54276
1958:Q2,55834,245,0,0,0,13439,0,4950,107,3760,4622,631,340,0,41179,41179,0,55838
1958:Q3,57396,245,0,0,0,13818,0,4960,112,3868,4878,681,365,0,42287,42287,0,57400
1958:Q4,58958,244,0,0,0,14227,0,5021,117,3963,5126,736,400,0,43351,43351,0,58962
1959:Q1,59400,241,0,0,0,14634,0,5102,124,4048,5360,792,415,0,43318,43318,0,59404
1959:Q2,59842,234,0,0,0,14953,0,5126,132,4124,5571,847,453,0,43355,43355,0,59846
1959:Q3,60282,227,0,0,0,15459,0,5350,139,4192,5778,911,460,0,43225,43225,0,60287
1959:Q4,60723,221,0,0,0,15845,0,5462,146,4251,5986,992,500,0,43165,43165,0,60728
1960:Q1,62603,223,0,0,0,16338,0,5663,159,4305,6211,1091,491,0,44460,44460,0,62608
1960:Q2,64484,229,0,0,0,16717,0,5724,171,4356,6466,1209,532,0,45797,45797,0,64489
1960:Q3,66365,236,0,0,0,16998,0,5653,184,4393,6768,1333,521,0,47277,47277,0,66370
1960:Q4,68245,243,0,0,0,17437,0,5711,196,4406,7124,1450,600,0,48515,48515,0,68250
1961:Q1,70220,251,0,0,0,17992,0,5855,214,4399,7524,1564,704,0,49709,49709,0,70224
1961:Q2,72194,260,0,0,0,18435,0,5872,233,4374,7956,1680,735,0,51084,51084,0,72198
1961:Q3,74168,269,0,0,0,18853,0,5865,252,4330,8406,1793,792,0,52461,52461,0,74172
1961:Q4,76141,277,0,0,0,19186,0,5800,271,4263,8852,1896,900,0,53882,53882,0,76146
1962:Q1,76076,285,0,0,0,19830,0,6025,325,4175,9305,1990,931,0,53040,53040,0,76081
1962:Q2,76011,294,0,0,0,20248,0,6075,343,4058,9772,2074,753,0,52642,52642,0,76016
1962:Q3,75947,302,0,0,0,20671,0,6125,380,3930,10236,2155,845,0,51974,51974,0,75952
1962:Q4,75883,307,0,0,0,20969,0,6100,395,3804,10670,2242,1000,0,51365,51365,0,75888
1963:Q1,77621,311,0,0,0,21386,0,6200,387,3682,11117,2331,1122,0,52471,52471,0,77625
1963:Q2,79358,313,0,0,0,22017,0,6475,381,3553,11608,2420,1249,0,53359,53359,0,79362
1963:Q3,81095,314,0,0,0,22492,0,6550,351,3426,12165,2512,1375,0,54402,54402,0,81099
1963:Q4,82831,313,0,0,0,22944,0,6510,347,3304,12783,2612,1500,0,55462,55462,0,82836
1964:Q1,84855,313,0,0,0,23660,0,6725,341,3194,13400,2716,1657,0,56509,56509,0,84860
1964:Q2,86878,313,0,0,0,24387,0,6975,375,3089,13948,2822,1782,0,57574,57574,0,86883
1964:Q3,88902,313,0,0,0,24881,0,7066,369,2991,14455,2937,1906,0,58865,58865,0,88907
1964:Q4,90925,311,0,0,0,25255,0,7030,381,2900,14944,3070,2000,0,60289,60289,0,90931
1965:Q1,93304,311,0,0,0,26054,0,7417,376,2820,15441,3221,2094,0,61624,61624,0,93309
1965:Q2,95683,311,0,0,0,26689,0,7590,381,2748,15970,3389,2074,0,63220,63220,0,95688
1965:Q3,98060,312,0,0,0,27096,0,7351,485,2684,16576,3567,2326,0,64759,64759,0,98066
1965:Q4,100438,317,0,0,0,27515,0,7153,492,2625,17245,3746,2500,0,66360,66360,0,100445
1966:Q1,103372,325,0,0,0,28357,0,7312,502,2579,17964,3936,2580,0,68174,68174,0,103378
1966:Q2,106306,335,0,0,0,28941,0,7046,622,2543,18730,4143,2633,0,70254,70254,0,106312
1966:Q3,109238,349,0,0,0,29837,0,7166,671,2513,19487,4344,2527,0,72181,72181,0,109245
1966:Q4,112171,368,0,0,0,30432,0,7115,652,2481,20184,4516,2800,0,74055,74055,0,112179
1967:Q1,115027,407,0,0,0,30920,0,6800,669,2461,20990,4681,3292,0,75727,75727,0,115035
1967:Q2,117882,415,17,0,0,31595,0,6646,744,2442,21763,4847,3420,0,77588,77588,0,117891
1967:Q3,120739,381,69,0,0,32328,0,6308,759,2424,22837,4925,3740,0,79296,79296,0,120748
1967:Q4,123594,303,161,0,0,33277,0,6165,785,2406,23921,5003,3900,0,80950,80950,0,123604
1968:Q1,128552,365,108,0,0,33818,0,6219,758,2437,24404,5148,3847,0,85266,85266,0,128562
1968:Q2,133509,403,75,0,0,34599,0,6120,1028,2372,25079,5269,4696,0,88467,88467,0,133519
1968:Q3,138467,429,146,0,0,35358,0,6023,1138,2384,25813,5275,5232,0,92027,92027,0,138477
1968:Q4,143424,377,230,0,0,36278,0,5921,1410,2382,26565,5362,5800,0,95377,95377,0,143435
1969:Q1,148817,497,52,0,0,37074,0,5850,1437,2386,27401,5426,6091,0,99677,99677,0,148828
1969:Q2,154210,315,143,0,0,38022,0,5815,1465,2368,28374,5475,6458,0,103797,103797,0,154221
1969:Q3,159603,329,211,0,0,39122,0,5696,1552,2348,29526,5550,6699,0,107692,107692,0,159614
1969:Q4,164994,309,170,0,0,39893,0,5437,1566,2331,30559,5575,7300,0,111747,111747,0,165007
1970:Q1,169835,236,138,0,0,40853,0,5335,1592,2308,31618,5650,7750,0,115208,115208,0,169848
1970:Q2,174676,306,209,0,0,41683,0,5179,1609,2159,32736,5808,6754,0,119916,119916,0,174689
1970:Q3,179515,274,167,0,0,43016,0,5274,1576,2133,34033,5789,8577,0,121692,121692,0,179529
1970:Q4,184356,388,213,0,0,43682,0,5104,1491,2032,35055,5920,10100,0,124053,124053,0,184370
1971:Q1,193299,352,233,0,0,44608,0,4880,1414,2040,36274,6019,12058,0,130029,130029,0,193313
1971:Q2,202242,420,180,0,0,45366,0,4426,1400,2042,37498,6170,12798,0,137308,137308,0,202256
1971:Q3,211185,450,174,0,0,46005,0,4371,1448,2050,38136,6178,13942,0,144436,144436,0,211199
1971:Q4,220127,548,148,0,0,46588,0,3896,1544,2152,38996,6288,15400,0,151155,151155,0,220142
1972:Q1,230679,703,39,0,0,47648,0,3633,1668,2229,40118,6309,17456,0,158524,158524,0,230693
1972:Q2,241228,747,33,0,0,48708,0,3723,1800,2466,40719,6257,18513,0,166970,166970,0,241243
1972:Q3,251779,723,65,0,0,49785,0,3643,1944,2123,42075,6340,19828,0,175038,175038,0,251794
1972:Q4,262329,767,191,0,0,50958,0,3597,2105,2029,43227,6470,22200,0,181743,181743,0,262345
1973:Q1,263679,612,304,0,0,52185,0,3687,2284,1622,44592,6632,21487,0,182459,182459,0,263694
1973:Q2,265028,664,429,0,0,53471,0,3460,2480,1536,45995,6821,20326,0,183317,183317,0,265043
1973:Q3,266377,600,660,0,0,54945,0,3028,2840,1650,47427,6888,22451,0,180833,180833,0,266392
1973:Q4,267726,544,800,0,0,55970,0,2508,3334,1691,48437,7141,20200,0,183071,183071,0,267741
1974:Q1,275890,359,887,0,0,57235,0,1840,3817,1845,49733,7277,21039,0,189093,189093,0,276005
1974:Q2,284145,305,1183,0,0,58908,0,1886,4145,1444,51433,7330,19295,0,197124,197124,0,284269
1974:Q3,292399,270,1373,0,0,60758,0,1515,4401,1248,53594,7423,14477,0,208098,208098,0,292534
1974:Q4,300652,254,1543,0,0,61684,0,1585,4583,983,54533,7702,16400,0,213069,213069,0,300799
1975:Q1,310007,317,1811,0,0,63492,0,1559,4719,789,56425,7705,20263,0,216419,216419,0,310168
1975:Q2,319363,332,1688,0,0,65872,0,2215,4836,728,58093,7810,24371,0,219290,219290,0,319537
1975:Q3,328721,296,1342,0,0,67748,0,2548,5045,906,59249,7875,22267,0,229193,229193,0,328906
1975:Q4,338077,275,1171,0,0,70714,0,2540,5254,1940,60980,7542,24300,0,234075,234075,0,338275
1976:Q1,339306,265,1065,0,0,73056,0,3058,5536,2193,62269,7543,28204,0,229173,229173,0,339518
1976:Q2,340533,285,1133,0,0,76687,0,3632,5855,3150,64050,7623,28717,0,226088,226088,0,340762
1976:Q3,341759,254,1055,0,0,78968,0,3900,6275,3383,65410,7625,29254,0,224603,224603,0,342005
1976:Q4,342982,266,1148,0,0,79959,0,4057,6836,3360,65706,7732,30100,0,223777,223777,0,343248
1977:Q1,351332,236,1098,0,0,81459,0,4712,8412,2872,65463,7684,28699,0,232156,232156,0,351621
1977:Q2,359683,300,1401,0,0,84540,0,6568,8619,3628,65725,7864,29936,0,235642,235642,0,359995
1977:Q3,368031,320,1483,0,0,87795,0,6757,8839,3556,68643,7622,29322,0,241489,241489,0,368368
1977:Q4,376378,280,1416,0,0,91175,0,6760,9585,3544,71286,8041,30000,0,245466,245466,0,376742
1978:Q1,386092,332,1758,0,0,94464,0,7624,10968,3386,72486,8082,29203,0,252253,252253,0,386485
1978:Q2,395798,387,2043,0,0,98950,0,9095,11351,3732,74772,8246,32043,0,254129,254129,0,396227
1978:Q3,405501,419,2436,0,0,102405,0,9543,11921,3668,77273,8407,35155,0,256679,256679,0,405969
1978:Q4,415201,385,2354,0,0,107409,0,9454,13965,3951,80039,8586,33300,0,263167,263167,0,415711
1979:Q1,426628,459,2747,0,0,109371,0,10677,14432,4073,80189,8797,35504,0,269750,269750,0,427196
1979:Q2,438050,479,2844,0,0,113753,0,13327,14496,3867,82063,9017,35908,0,276049,276049,0,438682
1979:Q3,449467,484,3055,0,0,114725,0,13287,14065,3880,83493,9322,38316,0,283565,283565,0,450168
1979:Q4,460883,566,3458,0,0,116955,0,14706,15360,3910,82979,9604,37100,0,293200,293200,0,461654
1980:Q1,466478,616,3569,0,0,122397,0,16159,15981,4101,86156,10054,34654,0,295188,295170,18,467301
1980:Q2,472069,664,3556,0,0,129872,0,17582,17783,4025,90482,10295,38460,0,289222,289187,35,472948
1980:Q3,477658,589,3559,0,0,133641,0,19999,18052,3921,91669,10597,41618,0,287654,287601,53,478595
1980:Q4,483232,603,3684,0,0,136284,0,20927,19083,4059,92215,10890,44300,0,287471,287401,70,484242
1981:Q1,500043,784,4107,0,0,139477,0,22432,20201,3920,92924,11166,45689,0,298820,298732,88,501132
1981:Q2,516857,716,3761,0,0,146259,0,24531,20948,3995,96785,11602,46506,0,308013,307908,105,518022
1981:Q3,533674,743,4296,0,0,149946,0,25215,22121,3859,98751,12200,43646,0,322843,322720,123,534912
1981:Q4,550478,624,3813,0,0,156449,0,27564,24250,3856,100779,12519,47800,0,329273,329132,141,551803
1982:Q1,566964,652,3972,0,0,162435,0,29545,27237,3651,102002,12990,45088,0,341827,341656,171,568362
1982:Q2,583467,760,4610,0,0,168574,0,32417,27893,3848,104416,13226,44136,0,352161,351959,202,584921
1982:Q3,599980,836,5083,0,0,174283,0,35849,31339,3550,103545,13667,50162,0,355949,355716,233,601479
1982:Q4,616507,981,5992,0,0,176919,0,36898,34310,3131,102580,13773,60200,0,358642,358378,264,618038
1983:Q1,628735,1202,7350,0,164,180066,164,39812,35339,2363,102388,13983,68737,0,357233,356934,299,630347
1983:Q2,640960,1226,7757,0,406,184530,406,43672,36156,2483,101813,14099,81807,0,351135,350784,351,642656
1983:Q3,653168,1161,7305,0,695,182817,695,46278,36406,2423,97015,14149,87559,0,359482,359060,422,654964
1983:Q4,665372,1400,8785,0,1000,184170,1000,48910,39252,2000,93008,14651,89641,0,365725,365216,509,667272
1984:Q1,679481,1623,10104,0,1321,190729,1321,54561,40192,2151,92504,14726,88715,0,372263,371789,474,681521
1984:Q2,693562,1790,11093,0,1657,201352,1657,59177,38801,2264,99453,14935,87637,0,375098,374659,439,695770
1984:Q3,707645,2003,12727,0,2040,209169,2040,64331,39492,2068,101238,14961,96406,0,370339,369917,422,710019
1984:Q4,721723,1999,11960,0,2500,217912,2500,67914,43308,1534,102656,15255,96514,0,375583,375214,369,724268
1985:Q1,737357,2339,14085,0,3039,217234,3039,73822,43495,1550,95328,15319,105957,0,379384,378998,386,740111
1985:Q2,753002,2886,14614,0,3656,222794,3656,77190,40841,1278,99829,15345,111742,0,381965,381561,404,755953
1985:Q3,768643,2496,14149,0,4320,231312,4320,79910,41556,1225,104301,15321,105134,0,395911,395471,440,771796
1985:Q4,784278,2351,13327,1427,5000,237054,5000,85383,38124,1128,107419,15309,120071,6773,382966,382476,490,787639
1986:Q1,802623,2300,14072,1494,5714,243096,5714,95028,34901,938,106515,15400,135544,7353,377650,377061,589,806205
1986:Q2,820980,2200,14183,1480,6480,250530,6480,98507,36024,1196,108323,15197,147760,6799,376351,375671,680,824771
1986:Q3,839351,2499,11595,1587,7355,263318,7355,104604,37905,1035,112419,15364,140408,5803,391422,390751,671,843337
1986:Q4,857719,3082,9891,1725,8270,281535,8270,115329,38147,709,119080,15550,150215,5545,381906,381204,702,861903
1987:Q1,874742,3709,7403,1757,9211,293098,9211,122815,39917,553,120602,15333,184755,7522,351954,351184,770,879229
1987:Q2,891756,4301,5753,1885,10170,299182,10170,129503,41311,606,117592,15228,196669,9277,349291,348526,765,896555
1987:Q3,908818,4712,5019,1937,10929,303473,10929,135414,42927,647,113556,15408,210476,10894,345970,345351,619,913882
1987:Q4,925869,4844,5216,2015,11272,313435,11272,138866,42961,808,119528,15331,170087,9098,394571,394000,571,931208
1988:Q1,944161,4852,5761,2112,11247,317490,11247,143570,40327,667,121679,15448,188043,9065,390143,389616,527,949802
1988:Q2,962443,5095,5865,2270,10900,325603,10900,142940,39568,742,131453,15637,196898,8870,391305,390822,483,968396
1988:Q3,980787,4736,6488,2326,10468,330853,10468,148740,39557,622,131466,15586,204078,7832,398420,397908,512,986989
1988:Q4,999128,4410,7116,2329,10183,334934,10183,150659,35347,533,138212,15603,212634,7448,404471,402354,2117,1005582
1989:Q1,1045434,3685,8123,2428,10320,345503,10320,151057,37920,467,145739,15132,225318,7371,427554,424821,2733,1052270
1989:Q2,1091736,3593,8418,2599,10353,356190,10353,151664,43928,403,149842,15118,251759,7614,436092,432173,3919,1098958
1989:Q3,1138052,3298,8850,2610,10526,361431,10526,153198,47393,336,149978,15295,270927,8029,457086,451886,5200,1145646
1989:Q4,1184368,3171,9060,2791,9703,366167,9703,152396,51203,268,152597,15299,277832,7780,492565,486296,6269,1192334
1990:Q1,1216750,3790,8479,2929,9969,382642,9969,162764,54214,479,155216,15181,267614,7257,518889,512280,6609,1225547
1990:Q2,1248894,4318,7953,2813,11410,389877,11410,168301,56085,486,153595,15243,282130,8380,526770,518941,7829,1258760
1990:Q3,1281157,4716,7802,2738,11820,392299,11820,170147,61255,245,148832,15311,250979,6961,588531,580906,7625,1291973
1990:Q4,1313259,4974,7701,2791,12233,385928,12233,168235,62851,473,142136,16061,284569,7772,591230,583399,7831,1325185
1991:Q1,1348241,4366,14658,2722,13785,390515,13785,177144,62935,364,136287,16562,327145,9730,568758,564848,3910,1361012
1991:Q2,1382981,4640,12230,2804,16515,394449,16515,178753,64651,487,134043,16322,328790,10273,596958,592195,4763,1396839
1991:Q3,1417840,3038,9902,3006,20870,391528,20870,163948,64551,549,141610,16675,357453,12235,603133,598101,5032,1432665
1991:Q4,1452538,3807,8828,2950,18868,387730,18868,165494,58038,619,144711,16886,394962,13102,605405,600784,4621,1468491
1992:Q1,1518990,3960,8406,2970,19299,397418,19299,171904,55408,554,150253,16173,388418,14241,668105,663367,4738,1535766
1992:Q2,1585205,4435,8358,2979,20685,402636,20685,177959,49236,534,154222,17066,391220,15673,722153,717412,4741,1603041
1992:Q3,1650894,6409,7910,3090,23573,419036,23573,197677,48036,378,149372,16306,400848,15615,758107,754070,4037,1670316
1992:Q4,1716738,6515,6942,3106,24680,425302,24680,203534,39761,445,156882,16453,431666,17915,784159,779615,4544,1737592
1993:Q1,1746640,5836,7591,3446,25219,424066,25219,204950,32740,460,160697,15645,463983,19457,781397,776760,4637,1768643
1993:Q2,1776016,6129,8601,3766,26344,435798,26344,211378,32078,617,165381,14506,465277,21158,794437,789712,4725,1799694
1993:Q3,1806713,5460,8554,3789,19887,452871,19887,221833,34149,1222,175780,15055,487775,23455,789867,785565,4302,1830745
1993:Q4,1837246,6619,6230,4124,20449,454083,20449,217450,35796,1371,179017,14529,506221,25631,799360,795251,4109,1861796
1994:Q1,1871903,5476,5869,4512,20399,459417,20399,224335,40588,716,173379,14637,492220,26468,842905,839083,3822,1896514
1994:Q2,1906166,5794,5520,4763,22909,458923,22909,220641,45014,845,169514,14941,494757,27578,870981,866907,4074,1931232
1994:Q3,1940469,7137,2636,4807,25093,459577,25093,217370,38390,1104,177620,15024,520213,30529,875453,870822,4631,1965950
1994:Q4,1974674,6737,2483,4958,27825,463505,27825,215554,39872,1112,179142,15199,521682,44781,887504,882917,4587,2000669
1995:Q1,2015445,5139,2536,5071,29519,483917,29519,224973,44665,1053,183707,15397,558839,50241,864786,860559,4227,2042193
1995:Q2,2056715,4687,2594,5443,31257,485294,31257,217221,48067,1131,187618,15558,612334,55761,843787,839206,4581,2083717
1995:Q3,2098118,5145,4209,5614,29383,487519,29383,211282,56192,1374,189288,15746,667210,60148,823144,818310,4834,2125241
1995:Q4,2139336,4207,4464,5894,31477,493864,31477,208194,63118,1830,189245,15938,703520,62902,817070,812269,4801,2166765
1996:Q1,2174027,4772,4969,6330,26428,509040,26428,213528,69231,2271,197582,16126,736723,64753,804886,799730,5156,2202369
1996:Q2,2208806,5883,3871,6593,28179,523235,28179,221067,70214,1297,202478,16324,762670,66448,795603,790165,5438,2237973
1996:Q3,2244562,7186,2274,6988,27573,511657,27573,213439,65037,496,205112,16526,802307,67960,802091,796823,5268,2273577
1996:Q4,2279676,7466,2293,7592,28222,521621,28222,212791,68622,561,211425,16734,846588,73182,775978,770459,5519,2309180
1997:Q1,2314159,5353,5021,8326,27395,541152,27395,211138,78763,2051,221805,16946,848717,73083,788166,783230,4936,2344736
1997:Q2,2349361,8820,2302,8689,32233,557669,32233,214907,78798,2059,229672,17160,952228,84676,685584,680411,5173,2380293
1997:Q3,2384688,6505,2823,9831,32148,573056,32149,223531,81608,2467,233301,17382,1032573,92503,617867,612536,5331,2415849
1997:Q4,2420604,5314,2420,9644,28616,580667,28616,218997,87006,1503,244545,17607,1051316,93362,631658,626080,5578,2451405
1998:Q1,2465658,6666,1653,9710,36927,595950,36927,212146,90116,2080,254681,18673,1153078,106899,536102,530337,5765,2498044
1998:Q2,2512384,7610,1621,9759,35839,613538,35839,213210,98041,2227,264221,20681,1162493,106732,554111,548195,5916,2544683
1998:Q3,2558596,7749,1717,9802,38309,627731,38309,207823,104820,2151,274628,21499,1015882,95796,740111,734308,5803,2591321
1998:Q4,2604846,9973,1983,9949,37532,639064,37532,212576,106104,3252,279600,22410,1188056,115863,580016,574204,5812,2637959
1999:Q1,2654571,7600,2169,10546,41037,657123,41037,211463,113106,4536,286981,22793,1216866,122112,574325,568067,6258,2688561
1999:Q2,2704620,9450,1651,10968,40909,660889,40909,213790,114932,3241,288017,23968,1312387,128360,516038,509514,6524,2739163
1999:Q3,2751895,9370,2120,11736,39259,670704,39259,204790,112839,3122,310694,23855,1231949,120845,642057,635487,6570,2789765
1999:Q4,2799307,9225,1692,11784,40375,681303,40375,198824,129022,3044,310038,25687,1407716,140858,480667,473553,7114,2840366
2000:Q1,2850106,11100,2400,11800,45400,695000,45400,196900,124500,2900,325300,24300,1449700,150600,459806,452829,6977,2894662
2000:Q2,2901688,12778,2869,12107,45179,698673,47652,194886,143291,2836,310008,24741,1408895,155780,540666,533434,7232,2948958
2000:Q3,2954143,12556,4738,12914,41857,704547,46805,185471,159082,2272,310917,21781,1429789,170961,555000,547531,7469,3003255
2000:Q4,3010109,9935,1606,13220,39836,721119,47257,179057,178873,1707,314225,22122,1298683,178341,725247,717031,8216,3057552
2001:Q1,3072707,8313,1475,13827,36015,697891,45909,177342,176064,1943,296633,21862,1185877,170422,937025,927675,9350,3117656
2001:Q2,3134060,13291,1944,14434,38694,708765,51061,183128,194655,1779,278142,20503,1265772,181102,889555,880161,9394,3177759
2001:Q3,3194188,13369,1813,14941,36372,679138,51214,166813,178346,715,282050,20944,1125466,162483,1139662,1129451,10211,3237862
2001:Q4,3254031,11448,1781,15447,33951,668411,51266,155099,180737,1651,279658,20984,1260360,184263,1057386,1047386,10000,3297965
2002:Q1,3306172,12126,2550,15954,32430,675783,52218,163285,181928,686,277666,20925,1294055,193344,1059005,1050112,8893,3351308
2002:Q2,3361515,10195,2677,64950,3821,646827,30565,153232,181204,822,281004,20785,1139181,159383,1313696,1247362,66334,3404651
2002:Q3,3415919,10996,2202,62472,3675,619906,29399,151652,185490,829,252536,21458,1076542,158960,1459708,1395461,64247,3457994
2002:Q4,3468090,13425,2156,70369,4139,591833,33115,144525,183215,837,230141,21863,1076523,173082,1514700,1444468,70232,3511337
2003:Q1,3515493,15324,1970,74885,4405,587654,35240,148527,194101,844,208942,20230,1119439,185643,1505943,1435130,70813,3560490
2003:Q2,3562802,13531,815,55882,3287,606873,26297,161290,215348,851,203087,22796,1142658,202375,1514585,1437565,77020,3609644
2003:Q3,3613128,13335,1003,45105,2653,607667,21226,145602,227955,2701,210183,24904,1185568,215528,1517365,1438703,78662,3658798
2003:Q4,3661765,17579,1458,52663,3098,649747,24782,141252,255699,4552,223462,17662,1254192,236937,1428429,1344134,84295,3707951
2004:Q1,3766159,22554,1958,63239,3720,698312,29759,143710,292533,6403,225907,14643,1232634,242702,1486397,1402470,83927,3810395
2004:Q2,3869052,19657,1984,41304,2430,712039,19437,134943,314380,8253,235026,17755,1295749,268289,1509845,1417415,92430,3912840
2004:Q3,3974811,20715,1945,45854,2719,685053,22063,143825,293540,6592,219033,14779,1257819,243741,1702186,1616644,85542,4015285
2004:Q4,4072327,17527,1477,41539,2484,749930,20437,153823,275299,4930,295441,14238,1471030,263902,1510200,1416534,93666,4117730
2005:Q1,4134057,16917,1270,42578,2568,746021,21421,166952,264351,3268,290029,11888,1473782,255006,1584027,1490682,93345,4177653
2005:Q2,4195502,17480,1181,45984,2797,706993,23658,171517,233454,1607,276757,11653,1491598,257687,1660129,1562363,97766,4237576
2005:Q3,4249703,15516,1299,41421,2541,706434,21794,157240,233987,1676,291737,9579,1505127,254233,1713553,1616296,97257,4297499
2005:Q4,4303327,17902,1710,48184,2983,740044,25929,162596,261243,1746,288530,11322,1530000,256168,1695014,1596028,98986,4357422
2006:Q1,4360404,17113,1907,46673,2915,729410,25690,151826,266551,1816,283527,12105,1696388,279731,1574162,1464580,109582,4422625
2006:Q2,4420970,16516,2117,45667,2879,747230,25713,148982,282646,1885,288004,13254,1650253,263921,1679133,1575258,103875,4487828
2006:Q3,4476958,16261,2127,48296,3073,765614,27819,153858,275797,1785,306355,15435,1674690,268945,1682517,1577389,105128,4553031
2006:Q4,4532135,16276,2171,51605,3314,776414,30412,157228,266089,1685,321000,14428,1734141,281727,1652059,1542639,109420,4618234
2007:Q1,4592493,15020,2052,51417,3334,755093,31004,146314,229283,1585,346907,15841,1751049,281126,1717561,1609925,107636,4687019
2007:Q2,4648516,16243,2251,57848,3789,822281,35696,162417,243732,1484,378952,17517,1873530,293801,1561256,1450326,110930,4755803
2007:Q3,4715515,13612,1786,47336,3131,815111,29894,160898,238025,1427,384867,19311,1880791,288994,1645443,1528190,117253,4824588
2007:Q4,4782103,13727,1701,46605,3114,842539,30126,148802,216443,1370,445798,27118,1839262,264712,1743325,1629406,113919,4893372
2008:Q1,4852113,15730,1877,52416,3539,835055,34685,146695,209852,1313,442510,25599,1737432,238139,1942326,1831732,110594,4960893
2008:Q2,4917645,15709,1774,51157,3491,833388,34659,142011,199394,1256,456068,17114,1769649,218780,2006583,1897917,108666,5028415
2008:Q3,4991312,15462,1438,43886,3027,770520,30445,140704,182566,1184,415621,15501,1602673,201043,2337762,2236710,101052,5095936
2008:Q4,5069235,19307,1563,49812,3474,732359,35391,143751,171851,1112,380254,13181,1299132,167904,2782503,2694876,87627,5163458
2009:Q1,5120938,21909,1549,51675,3645,689698,37607,144548,157976,1040,348527,12716,1219961,150532,2969253,2890792,78461,5213058
2009:Q2,5163198,21968,1247,45527,3248,711949,33944,148094,147962,967,380982,11964,1299017,145291,2922987,2846822,76165,5262657
2009:Q3,5207989,24171,1241,47062,3397,734152,35953,147530,146439,1137,403093,11988,1502218,154396,2729364,2654314,75050,5312256
2009:Q4,5256990,23633,1079,42989,3140,735603,33658,148707,146655,1307,405276,11273,1574956,163838,2700479,2616665,83814,5361855
2010:Q1,5368331,24218,980,41241,3049,753104,33098,155670,152653,1476,410207,11584,1616577,166675,2750903,2665080,85823,5471614
2010:Q2,5486594,25344,913,40590,3039,754333,33399,155945,151968,1646,411375,11787,1491813,160968,2997807,2909890,87917,5581373
2010:Q3,5590058,22747,750,39535,2997,764342,33360,151059,144394,1783,433746,12079,1619569,163555,2964484,2876043,88441,5691132
2010:Q4,5694087,23828,720,44244,3398,765146,38293,153738,144191,1921,427003,11416,1722987,172773,2949575,2854169,95406,5800891
2011:Q1,5735085,26194,736,50809,3954,773772,45118,157095,144649,2058,424852,11106,1772348,180303,2915863,2813194,102669,5846201
2011:Q2,5778648,26456,677,53982,4258,786985,49193,166981,151470,2196,417145,11247,1766572,181104,2947367,2840732,106635,5891511
2011:Q3,5831274,25234,839,48106,3795,728387,43838,152056,123686,1864,406943,13470,1625858,106940,3278645,3169702,108943,5936821
2011:Q4,5870807,23884,998,41967,3311,720796,38244,142217,100515,1532,438288,12678,1735762,90400,3241011,3131069,109942,5982131
2012:Q1,5908724,25982,1245,42866,3381,791166,39063,181555,121954,1200,447394,11143,1938328,55443,3039170,2936590,102580,6028796
2012:Q2,5954916,27367,1473,42307,3337,806507,38553,191115,116380,868,459591,10542,1881620,38342,3143421,3035278,108143,6075460
2012:Q3,5998513,28894,1990,44189,3486,802965,40268,182197,106818,1224,472458,10314,1935270,53810,3117595,3006260,111335,6122124
2012:Q4,6043305,29821,2475,45142,3561,813060,41137,185479,104685,1579,480180,10414,1962660,67305,3108867,2999908,108959,6168789
2013:Q1,6268581,30581,2951,45837,3616,821346,41770,196704,107388,1935,473549,9375,2053219,81978,3219678,3109771,109907,6398310
2013:Q2,6498278,28960,3299,42851,3380,811198,39049,192468,100677,2290,476714,8967,2055993,96217,3447413,3337783,109630,6627831
2013:Q3,6719858,30006,3422,44616,3520,816189,40658,187458,100379,2300,485394,7470,2146169,107578,3560888,3451092,109796,6857353
2013:Q4,6940426,33778,3855,50415,3977,836350,45942,181275,99466,2310,507357,6416,2246766,117814,3641055,3532375,108680,7086874
2014:Q1,7027200,32899,3760,49333,3892,854203,44956,184304,103373,2319,519251,7359,2226300,131076,3718378,3607366,111012,7178133
2014:Q2,7109810,31555,3610,47562,3752,902361,43342,198331,113032,2329,545327,9479,2293029,143707,3674755,3562130,112625,7269393
2014:Q3,7204336,32217,3176,45784,3612,907431,41721,198738,113110,2329,551533,7662,2268488,150935,3785031,3675799,109232,7360652
2014:Q4,7295532,36022,3101,48743,3845,910478,44418,199249,113248,2330,551233,8152,2283589,167065,3834537,3721721,112816,7451912
2015:Q1,7370657,36450,2640,46612,3677,900857,42476,176744,100268,2330,579039,8720,2339626,181085,3850990,3736244,114746,7527443
2015:Q2,7448042,41152,2667,50923,4017,900791,46405,185671,105202,2330,561183,9180,2338699,188718,3911895,3800225,111670,7602974
2015:Q3,7534913,38799,2450,48436,3821,879613,44138,170999,98102,2395,563979,9413,2199783,187848,4164750,4053858,110892,7678505
2015:Q4,7612485,38737,2381,48782,3848,880744,44454,174546,101326,2460,557958,8017,2249974,192377,4187625,4074315,113310,7754036
2016:Q1,7688313,36961,2201,47008,3708,901110,42838,170358,100166,2525,585223,8421,2253409,189138,4246357,4135226,111131,7825895
2016:Q2,7761636,40473,2364,51778,4085,908845,47184,184977,109663,2589,564432,9181,2242570,213484,4288856,4163581,125275,7897754
2016:Q3,7844641,38352,2490,53922,4254,910204,49138,203821,106204,2614,548427,18179,2301148,218654,4297438,4160240,137198,7969613
2016:Q4,7929919,40613,2871,61671,4865,892949,56200,218760,100431,2638,514920,14533,2321541,222220,4368656,4220476,148180,8041471
2017:Q1,8009282,34988,2792,59332,4680,907304,54068,239543,98121,2662,512910,10390,2414005,234757,4341034,4176608,164426,8111378
2017:Q2,8089370,30407,2774,58329,4601,922509,53154,262833,97299,2687,506536,8268,2491333,243268,4327881,4149571,178310,8181286
2017:Q3,8162708,31050,2713,60201,4749,934592,54860,266534,99841,3029,510328,4154,2594443,255365,4275441,4089287,186154,8251194
2017:Q4,8235258,30212,2517,59232,4673,955036,53977,289412,109483,3372,498792,6901,2706807,264039,4205841,4014352,191489,8321102
2018:Q1,8306597,30629,2435,60671,4786,976072,55288,300086,114607,3714,502377,7440,2668510,277381,4278673,4078427,200246,8386280
2018:Q2,8376743,30321,2286,60719,4790,947259,55331,307321,118458,4057,462092,9425,2707756,292300,4321887,4111729,210158,8451459
2018:Q3,8441424,29959,2259,59995,4733,943358,54671,301734,116304,3387,467262,12541,2779599,285511,4323469,4118192,205277,8516638
2018:Q4,8511805,28559,2153,57191,4512,975592,52116,367854,141791,4029,409802,12329,2478604,270505,4682360,4487872,194488,8581816
2019:Q1,8528599,19405,11,21638,3720,1056909,19597,357618,144296,0,535398,9672,2408245,127351,4881648,4338624,543024,8656555
2019:Q2,8610333,24531,1818,16487,3358,1040777,17009,386491,147829,0,489448,8962,2376360,92958,5045082,4265817,779265,8731293
2019:Q3,8676492,29909,1877,16781,11665,1004195,11796,343279,179211,0,469909,9110,2453652,175970,4973333,4311172,662161,8806032
2019:Q4,8736687,22364,4253,21338,6807,966978,12531,333436,169002,0,452009,7977,2555426,170561,4980983,4160188,820795,8880771
2020:Q1,8831437,21934,4035,28865,6635,984144,16575,330431,177766,0,459372,8427,2178980,140672,5457745,4724341,733404,8946404
2020:Q2,8865991,20386,2554,27364,4198,1015913,10505,290066,187853,0,527489,7442,2385957,152063,5250114,4413403,836711,9012037
2020:Q3,8931290,21718,2242,28506,2936,1047826,10510,317957,198167,0,521192,7731,2592344,160584,5067403,4317641,749762,9077670
2020:Q4,9004524,28659,2243,21748,7991,1098234,8805,354404,194023,0,541002,7096,2906142,201222,4731189,3928889,802300,9143303
2021:Q1,9057100,24957,2211,23474,18428,1087914,15390,345802,192905,0,533817,7463,2968699,181637,4742317,3891100,851217,9211414
2021:Q2,9117732,25700,2292,21285,23765,1165628,17843,395522,190553,0,561710,7143,3107705,177651,4586563,3715586,870977,9279525
2021:Q3,9183676,31927,1901,28987,14843,1153223,19322,390732,197389,0,545780,6837,3075012,182789,4688157,3817462,870695,9347637
2021:Q4,9240580,28401,2383,25213,27690,1195836,20542,414170,198743,0,562381,6811,3374155,93323,4486768,3535310,951458,9415748
2022:Q1,9022048,27897,161,23424,20343,1149686,23566,382641,195283,0,548196,6765,3263576,92249,4437947,3483445,954502,9219748
2022:Q2,8859260,27671,1837,19472,21019,1094785,24063,369397,185003,0,516322,7161,2953548,91968,4641799,3650943,990856,9023748
2022:Q3,8664212,26035,87,20269,34387,1042804,14744,339640,170132,0,518288,7871,2808282,88015,4636462,3639135,997327,8827748
2022:Q4,8409855,26718,6472,21313,48765,1043190,11375,327169,165694,0,538952,6586,3006540,53131,4197140,3205038,992102,8631748
2023:Q1,8553315,24862,2786,20525,54675,1119575,11436,365371,159089,0,583679,6721,3023126,111720,4189325,3130117,1059208,8707147
2023:Q2,8626561,29750,44,14352,18041,1099254,12033,361463,172763,0,552995,5824,3185777,81553,4191966,3076469,1115497,8782546
2023:Q3,8703116,30268,2856,16871,55139,1068861,13614,377469,155451,0,522327,5596,3105751,72288,4345486,3261528,1083958,8857945
2023:Q4,8778535,25129,2369,15925,60667,1152752,12139,416398,165197,0,559018,4945,3282883,72651,4161214,3024753,1136461,8933344
2024:Q1,8870703,24732,1344,14578,63642,1159252,12330,430935,163242,0,552745,4535,3414478,79323,4108819,2922738,1186081,9008743
