date,FL313161105.Q,FL313161110.Q,FL313161275.Q,FL893061105.Q,LM153061105.Q,LM103061103.Q,LM113061003.Q,LM213061103.Q,LM713061103.Q,LM713061113.Q,LM713061125.Q,LM763061100.Q,LM753061103.Q,LM743061103.Q,LM473061105.Q,LM513061105.Q,LM513061115.Q,LM513061125.Q,LM543061105.Q,LM543061115.Q,LM543061125.Q,LM573061105.Q,LM573061143.Q,LM573061133.Q,LM343061105.Q,LM343061165.Q,LM343061113.Q,LM223061143.Q,FL633061105.Q,FL633061110.Q,FL633061120.Q,LM653061105.Q,LM653061113.Q,LM653061125.Q,LM553061103.Q,LM563061103.Q,LM403061105.Q,FL673061103.Q,LM663061105.Q,LM733061103.Q,FL503061123.Q,LM263061105.Q,LM263061110.Q,LM263061120.Q,LM903061103.Q,FL313169205.Q
1945:Q4,208239,55192,153047,208239,23582,18508,0,5531,24262,21195,3067,103721,236,599,50,2700,0,2700,20589,0,20589,2051,1538,513,0,0,0,1519,0,0,0,36,0,36,49,0,351,0,1881,0,0,2574,0,2574,0,45838
1946:Q1,ND,ND,ND,ND,ND,ND,ND,ND,ND,ND,ND,ND,ND,ND,ND,ND,ND,ND,ND,ND,ND,ND,ND,ND,ND,ND,ND,ND,ND,ND,ND,ND,ND,ND,ND,ND,ND,ND,ND,ND,ND,ND,ND,ND,ND,ND
1946:Q2,ND,ND,ND,ND,ND,ND,ND,ND,ND,ND,ND,ND,ND,ND,ND,ND,ND,ND,ND,ND,ND,ND,ND,ND,ND,ND,ND,ND,ND,ND,ND,ND,ND,ND,ND,ND,ND,ND,ND,ND,ND,ND,ND,ND,ND,ND
1946:Q3,ND,ND,ND,ND,ND,ND,ND,ND,ND,ND,ND,ND,ND,ND,ND,ND,ND,ND,ND,ND,ND,ND,ND,ND,ND,ND,ND,ND,ND,ND,ND,ND,ND,ND,ND,ND,ND,ND,ND,ND,ND,ND,ND,ND,ND,ND
1946:Q4,183777,47020,136757,183777,20976,12779,0,5179,23350,22241,1109,88563,192,534,50,3294,0,3294,21635,0,21635,2100,1575,525,0,0,0,1671,0,0,0,31,0,31,50,0,356,0,917,0,0,2100,0,2100,0,47424
1947:Q1,ND,ND,ND,ND,ND,ND,ND,ND,ND,ND,ND,ND,ND,ND,ND,ND,ND,ND,ND,ND,ND,ND,ND,ND,ND,ND,ND,ND,ND,ND,ND,ND,ND,ND,ND,ND,ND,ND,ND,ND,ND,ND,ND,ND,ND,ND
1947:Q2,ND,ND,ND,ND,ND,ND,ND,ND,ND,ND,ND,ND,ND,ND,ND,ND,ND,ND,ND,ND,ND,ND,ND,ND,ND,ND,ND,ND,ND,ND,ND,ND,ND,ND,ND,ND,ND,ND,ND,ND,ND,ND,ND,ND,ND,ND
1947:Q3,ND,ND,ND,ND,ND,ND,ND,ND,ND,ND,ND,ND,ND,ND,ND,ND,ND,ND,ND,ND,ND,ND,ND,ND,ND,ND,ND,ND,ND,ND,ND,ND,ND,ND,ND,ND,ND,ND,ND,ND,ND,ND,ND,ND,ND,ND
1947:Q4,174498,36356,138142,174498,18829,12291,0,5890,22559,18230,4329,82927,168,438,65,3885,0,3885,20040,0,20040,2151,1613,538,0,0,0,1860,0,0,0,43,0,43,65,0,325,0,262,0,0,2700,0,2700,0,50332
1948:Q1,ND,ND,ND,ND,ND,ND,ND,ND,ND,ND,ND,ND,ND,ND,ND,ND,ND,ND,ND,ND,ND,ND,ND,ND,ND,ND,ND,ND,ND,ND,ND,ND,ND,ND,ND,ND,ND,ND,ND,ND,ND,ND,ND,ND,ND,ND
1948:Q2,ND,ND,ND,ND,ND,ND,ND,ND,ND,ND,ND,ND,ND,ND,ND,ND,ND,ND,ND,ND,ND,ND,ND,ND,ND,ND,ND,ND,ND,ND,ND,ND,ND,ND,ND,ND,ND,ND,ND,ND,ND,ND,ND,ND,ND,ND
1948:Q3,ND,ND,ND,ND,ND,ND,ND,ND,ND,ND,ND,ND,ND,ND,ND,ND,ND,ND,ND,ND,ND,ND,ND,ND,ND,ND,ND,ND,ND,ND,ND,ND,ND,ND,ND,ND,ND,ND,ND,ND,ND,ND,ND,ND,ND,ND
1948:Q4,166341,38749,127592,166341,17980,12853,0,6277,23333,11565,11768,75561,191,365,75,4413,0,4413,16812,0,16812,2200,1650,550,0,0,0,2073,0,0,0,65,0,65,70,0,453,0,820,0,0,2800,0,2800,0,52756
1949:Q1,ND,ND,ND,ND,ND,ND,ND,ND,ND,ND,ND,ND,ND,ND,ND,ND,ND,ND,ND,ND,ND,ND,ND,ND,ND,ND,ND,ND,ND,ND,ND,ND,ND,ND,ND,ND,ND,ND,ND,ND,ND,ND,ND,ND,ND,ND
1949:Q2,ND,ND,ND,ND,ND,ND,ND,ND,ND,ND,ND,ND,ND,ND,ND,ND,ND,ND,ND,ND,ND,ND,ND,ND,ND,ND,ND,ND,ND,ND,ND,ND,ND,ND,ND,ND,ND,ND,ND,ND,ND,ND,ND,ND,ND,ND
1949:Q3,ND,ND,ND,ND,ND,ND,ND,ND,ND,ND,ND,ND,ND,ND,ND,ND,ND,ND,ND,ND,ND,ND,ND,ND,ND,ND,ND,ND,ND,ND,ND,ND,ND,ND,ND,ND,ND,ND,ND,ND,ND,ND,ND,ND,ND,ND
1949:Q4,167366,41955,125411,167366,17956,14697,0,6343,18885,11104,7781,79894,265,321,82,4826,0,4826,15298,0,15298,2300,1725,575,0,0,0,2257,0,0,0,104,0,104,85,0,450,0,703,0,0,2900,0,2900,0,55259
1950:Q1,ND,ND,ND,ND,ND,ND,ND,ND,ND,ND,ND,ND,ND,ND,ND,ND,ND,ND,ND,ND,ND,ND,ND,ND,ND,ND,ND,ND,ND,ND,ND,ND,ND,ND,ND,ND,ND,ND,ND,ND,ND,ND,ND,ND,ND,ND
1950:Q2,ND,ND,ND,ND,ND,ND,ND,ND,ND,ND,ND,ND,ND,ND,ND,ND,ND,ND,ND,ND,ND,ND,ND,ND,ND,ND,ND,ND,ND,ND,ND,ND,ND,ND,ND,ND,ND,ND,ND,ND,ND,ND,ND,ND,ND,ND
1950:Q3,ND,ND,ND,ND,ND,ND,ND,ND,ND,ND,ND,ND,ND,ND,ND,ND,ND,ND,ND,ND,ND,ND,ND,ND,ND,ND,ND,ND,ND,ND,ND,ND,ND,ND,ND,ND,ND,ND,ND,ND,ND,ND,ND,ND,ND,ND
1950:Q4,166557,19000,147557,166557,16948,17870,0,6852,20725,3578,17147,74381,327,294,90,5253,0,5253,13486,0,13486,2345,1759,586,0,0,0,2498,0,0,0,129,0,129,100,0,373,0,586,0,0,4300,0,4300,0,56295
1951:Q1,ND,ND,ND,ND,ND,ND,ND,ND,ND,ND,ND,ND,ND,ND,ND,ND,ND,ND,ND,ND,ND,ND,ND,ND,ND,ND,ND,ND,ND,ND,ND,ND,ND,ND,ND,ND,ND,ND,ND,ND,ND,ND,ND,ND,ND,ND
1951:Q2,ND,ND,ND,ND,ND,ND,ND,ND,ND,ND,ND,ND,ND,ND,ND,ND,ND,ND,ND,ND,ND,ND,ND,ND,ND,ND,ND,ND,ND,ND,ND,ND,ND,ND,ND,ND,ND,ND,ND,ND,ND,ND,ND,ND,ND,ND
1951:Q3,ND,ND,ND,ND,ND,ND,ND,ND,ND,ND,ND,ND,ND,ND,ND,ND,ND,ND,ND,ND,ND,ND,ND,ND,ND,ND,ND,ND,ND,ND,ND,ND,ND,ND,ND,ND,ND,ND,ND,ND,ND,ND,ND,ND,ND,ND
1951:Q4,166727,47180,119547,166727,16345,18653,0,7332,23604,13193,10411,72967,402,252,100,5417,0,5417,11034,0,11034,2445,1834,611,0,0,0,2918,0,0,0,129,0,129,110,0,428,0,313,0,0,4278,0,4278,0,56534
1952:Q1,165360,45942,119418,165360,17164,17862,0,7680,22228,11810,10418,72627,433,252,102,5445,0,5445,10818,0,10818,2487,1865,622,0,0,0,3070,0,0,0,137,0,137,113,0,565,0,191,0,0,4186,0,4186,0,56633
1952:Q2,165031,45642,119389,165031,16894,16635,0,8140,22506,12202,10304,72503,471,259,103,5348,0,5348,10363,0,10363,2483,1862,621,0,0,0,3148,0,0,0,141,0,141,117,0,496,0,1121,0,0,4303,0,4303,0,56948
1952:Q3,167863,44970,122893,167863,18019,17018,0,8218,23215,12889,10326,73072,425,267,104,5693,0,5693,10455,0,10455,2468,1851,617,0,0,0,3313,0,0,0,144,0,144,121,0,483,0,180,0,0,4668,0,4668,0,57389
1952:Q4,171619,38425,133194,171619,18216,17647,0,8538,24034,5738,18296,74556,445,271,106,5774,0,5774,10252,0,10252,2479,1859,620,0,0,0,3374,0,0,0,130,0,130,125,0,495,0,709,0,0,4468,0,4468,0,57584
1953:Q1,168191,35170,133021,168191,17435,18164,0,8826,23269,5511,17758,71948,415,271,107,5877,0,5877,10120,0,10120,2513,1885,628,0,0,0,3465,0,0,0,140,0,140,129,0,695,0,208,0,0,4609,0,4609,0,57992
1953:Q2,168581,35561,133020,168581,20054,16454,0,8988,24146,6423,17723,70135,423,269,108,5884,0,5884,10090,0,10090,2567,1925,642,0,0,0,3655,0,0,0,134,0,134,132,0,574,0,145,0,0,4823,0,4823,0,58062
1953:Q3,175018,45877,129141,175018,19865,18232,0,9114,24635,7795,16840,73636,416,266,109,5957,0,5957,9987,0,9987,2620,1965,655,0,0,0,3830,0,0,0,141,0,141,136,0,592,0,426,0,0,5056,0,5056,0,58165
1953:Q4,176814,45897,130917,176814,18667,19240,0,9342,25317,8413,16904,74555,435,263,112,6025,0,6025,9829,0,9829,2636,1977,659,0,0,0,3860,0,0,0,129,0,129,140,0,589,0,640,0,0,5035,0,5035,0,58312
1954:Q1,172200,40390,131810,172200,18775,17887,0,9402,24232,7962,16270,71759,423,265,114,5986,0,5986,9720,0,9720,2652,1989,663,0,0,0,4043,0,0,0,148,0,148,144,0,901,0,443,0,0,5306,0,5306,0,58382
1954:Q2,171915,37920,133995,171915,18010,14874,0,9466,24737,8916,15821,74515,440,270,116,5993,0,5993,9399,0,9399,2644,1983,661,0,0,0,4234,0,0,0,137,0,137,147,0,872,0,869,0,0,5192,0,5192,0,58818
1954:Q3,175045,37694,137351,175045,16498,16366,0,9638,23946,8149,15797,78202,449,275,118,6057,0,6057,9138,0,9138,2647,1985,662,0,0,0,4310,0,0,0,143,0,143,151,0,896,0,674,0,0,5537,0,5537,0,58984
1954:Q4,178532,47964,130568,178532,16121,17523,0,9789,24888,16049,8839,79769,490,277,120,6137,0,6137,9070,0,9070,2675,2006,669,0,0,0,4383,0,0,0,154,0,154,155,0,849,0,666,0,0,5466,0,5466,0,59325
1955:Q1,173973,37227,136746,173973,17475,17543,0,9978,23505,10843,12662,75199,456,275,123,6022,0,6022,9136,0,9136,2735,2051,684,0,0,0,4438,0,0,0,152,0,152,160,0,982,0,322,0,0,5472,0,5472,0,59512
1955:Q2,172997,33350,139647,172997,18056,16788,0,10248,23407,9106,14301,74261,475,269,127,5964,0,5964,9086,0,9086,2839,2129,710,0,0,0,4478,0,0,0,179,0,179,165,0,869,0,228,0,0,5558,0,5558,0,59886
1955:Q3,175191,29857,145334,175191,19003,18619,0,10550,23402,3527,19875,73047,461,263,131,6045,0,6045,9164,0,9164,2936,2202,734,0,0,0,4566,0,0,0,233,0,233,170,0,637,0,218,0,0,5746,0,5746,0,60153
1955:Q4,178189,38054,140135,178189,18614,21281,0,10936,24391,7424,16967,72461,465,259,135,6000,0,6000,8576,0,8576,2972,2229,743,0,0,0,4666,0,0,0,255,0,255,175,0,936,0,264,0,0,5803,0,5803,0,60277
1956:Q1,173724,41572,132152,173724,20077,18878,0,11198,23303,11632,11671,69703,453,260,139,5834,0,5834,8077,0,8077,2949,2212,737,0,0,0,4879,0,0,0,238,0,238,180,0,1256,0,111,0,0,6189,0,6189,0,60458
1956:Q2,168502,37111,131391,168502,19863,15667,0,11531,23457,11757,11700,67621,481,265,143,5683,0,5683,7954,0,7954,2895,2171,724,0,0,0,4903,0,0,0,221,0,221,185,0,1267,0,122,0,0,6244,0,6244,0,60697
1956:Q3,169476,40330,129146,169476,20394,15575,0,11779,23293,11634,11659,67949,508,270,147,5655,0,5655,7834,0,7834,2817,2113,704,0,0,0,4929,0,0,0,265,0,265,190,0,1257,0,114,0,0,6500,0,6500,0,61156
1956:Q4,172637,44202,128435,172637,20090,16718,0,11988,24610,12654,11956,69353,518,274,150,5657,0,5657,7555,0,7555,2751,2063,688,0,0,0,4944,0,0,0,276,0,276,195,0,1226,0,243,0,0,6089,0,6089,0,61046
1957:Q1,171487,44695,126792,171487,21276,16166,0,12017,22666,11667,10999,69737,484,277,154,5530,0,5530,7478,0,7478,2677,2008,669,0,0,0,5061,0,0,0,280,0,280,201,0,1342,0,113,0,0,6028,0,6028,0,60526
1957:Q2,166057,43893,122164,166057,21603,14227,0,12006,22635,11621,11014,66360,501,279,158,5423,0,5423,7348,0,7348,2604,1953,651,0,0,0,5114,0,0,0,292,0,292,207,0,1269,0,87,0,0,5944,0,5944,0,60364
1957:Q3,170669,61668,109001,170669,22998,14773,0,11867,22752,20511,2241,69467,489,281,162,5437,0,5437,7289,0,7289,2535,1901,634,0,0,0,5147,0,0,0,291,0,291,213,0,1137,0,223,0,0,5608,0,5608,0,59922
1957:Q4,171843,61411,110432,171843,23231,15589,0,11660,23719,20918,2801,68661,487,284,165,5480,0,5480,7029,0,7029,2461,1846,615,0,0,0,5058,0,0,0,277,0,277,220,0,1143,0,449,0,0,5930,0,5930,0,59622
1958:Q1,170060,54500,115560,170060,22603,14394,0,11326,23125,20839,2286,69928,473,289,169,5248,0,5248,7087,0,7087,2411,1808,603,0,0,0,5104,0,0,0,314,0,314,227,0,1742,0,332,0,0,5288,0,5288,0,59857
1958:Q2,173354,55326,118028,173354,22996,12340,0,11395,25138,22649,2489,72954,501,296,173,5160,0,5160,7075,0,7075,2432,1824,608,0,0,0,4950,0,0,0,401,0,401,234,0,1631,0,867,0,0,4811,0,4811,0,60049
1958:Q3,173914,61186,112728,173914,20619,13175,0,11471,24660,22492,2168,75134,482,302,177,5265,0,5265,7295,0,7295,2431,1823,608,0,0,0,4960,0,0,0,356,0,356,242,0,1497,0,199,0,0,5649,0,5649,0,60196
1958:Q4,181096,66112,114984,181096,20770,16092,0,11627,26252,20900,5352,76727,510,303,180,5439,0,5439,7183,0,7183,2451,1838,613,0,0,0,5021,0,0,0,401,0,401,249,0,1252,0,604,0,0,6035,0,6035,0,60148
1959:Q1,181118,66624,114494,181118,22345,17280,0,11848,25424,20146,5278,74034,513,233,183,5360,0,5360,7212,0,7212,2476,1857,619,0,0,0,5102,0,0,0,432,0,432,269,0,1457,0,408,0,0,6542,0,6542,0,60045
1959:Q2,182046,65860,116186,182046,22258,18104,0,12165,25994,20674,5320,71638,518,173,185,5356,0,5356,7228,0,7228,2523,1892,631,0,0,0,5126,0,0,0,432,0,432,289,0,1328,0,275,0,0,8454,0,8454,0,59998
1959:Q3,186548,57471,129077,186548,23793,20311,0,12375,26513,13069,13444,69983,523,87,187,5476,0,5476,7183,0,7183,2587,1940,647,0,0,0,5350,0,0,0,517,0,517,310,0,1317,0,401,0,0,9635,0,9635,0,59772
1959:Q4,190148,59312,130836,190148,25512,21621,0,12842,26606,13113,13493,69166,526,81,190,5626,0,5626,6868,0,6868,2619,1964,655,0,0,0,5462,0,0,0,556,0,556,333,0,1352,0,428,0,0,10360,0,10360,0,59236
1960:Q1,186451,52391,134060,186451,29565,19986,0,13200,25166,9770,15396,64111,523,83,192,5532,0,5532,6828,0,6828,2537,1903,634,0,0,0,5663,0,0,0,605,0,605,359,0,1556,0,158,0,0,10387,0,10387,0,59152
1960:Q2,184325,51065,133260,184325,28513,18247,0,13511,26323,10978,15345,63794,519,89,194,5437,0,5437,6574,0,6574,2457,1843,614,0,0,0,5724,0,0,0,615,0,615,391,0,1437,0,204,0,0,10296,0,10296,0,59606
1960:Q3,186230,61932,124298,186230,27973,16446,0,13775,26480,16814,9666,67184,515,96,196,5439,0,5439,6577,0,6577,2408,1806,602,0,0,0,5653,0,0,0,608,0,608,421,0,1450,0,580,0,0,10429,0,10429,0,59667
1960:Q4,188350,57888,130462,188350,26502,15752,0,13739,26984,11960,15024,70347,507,101,200,5446,0,5446,6427,0,6427,2404,1803,601,0,0,0,5711,0,0,0,619,0,619,445,0,1494,0,1021,0,0,10651,0,10651,0,59782
1961:Q1,185688,48014,137674,185688,26023,15225,0,13581,26388,7725,18663,69643,555,104,204,5239,0,5239,6543,0,6543,2407,1805,602,0,0,0,5855,0,0,0,539,0,539,447,0,1757,0,543,0,0,10635,0,10635,0,60213
1961:Q2,185994,50061,135933,185994,24589,14636,0,13946,27003,9351,17652,71610,603,106,209,5118,0,5118,6408,0,6408,2429,1822,607,0,0,0,5872,0,0,0,511,0,511,441,0,1708,0,517,0,0,10288,0,10288,0,61022
1961:Q3,191041,47448,143593,191041,25921,13288,0,13790,26881,4591,22290,75977,680,107,214,5206,0,5206,6428,0,6428,2431,1823,608,0,0,0,5865,0,0,0,549,0,549,432,0,1635,0,763,0,0,10874,0,10874,0,61375
1961:Q4,194206,48953,145253,194206,25449,14096,0,14002,28722,4863,23859,76484,536,107,220,5358,0,5358,6134,0,6134,2425,1819,606,0,0,0,5800,0,0,0,688,0,688,426,0,1419,0,1305,0,0,11035,0,11035,0,61501
1962:Q1,194302,56413,137889,194302,26353,14217,0,13976,28579,7957,20622,74946,682,109,225,5275,0,5275,6307,0,6307,2421,1816,605,0,0,0,6025,0,0,0,652,0,652,418,0,1952,0,1142,0,0,11023,0,11023,0,61782
1962:Q2,194009,55583,138426,194009,26370,13061,0,14220,29413,8446,20967,74650,827,111,229,5214,0,5214,6279,0,6279,2459,1844,615,0,0,0,6075,0,0,0,511,0,511,406,0,1594,0,1122,0,0,11468,0,11468,0,62646
1962:Q3,194901,60085,134816,194901,27948,11645,0,14581,28802,11911,16891,74555,693,114,234,5276,0,5276,6331,0,6331,2524,1893,631,0,0,0,6125,0,0,0,789,0,789,398,0,1622,0,1146,0,0,12118,0,12118,0,62811
1962:Q4,199754,70960,128794,199754,26699,12307,0,15157,30478,15624,14854,76653,506,119,240,5439,0,5439,6170,0,6170,2600,1950,650,0,0,0,6100,0,0,0,737,0,737,402,0,1792,0,1976,0,0,12379,0,12379,0,63018
1963:Q1,199827,70290,129537,199827,23170,16367,0,16107,30337,16046,14291,75854,521,127,249,5329,0,5329,6022,0,6022,2628,1971,657,0,0,0,6200,0,0,0,718,0,718,420,0,2232,0,1048,0,0,12498,0,12498,0,63445
1963:Q2,199094,69399,129695,199094,22610,15252,0,16398,31827,17786,14041,74477,538,139,260,5336,0,5336,5746,0,5746,2655,1991,664,0,0,0,6475,0,0,0,589,0,589,452,0,2326,0,963,0,0,13051,0,13051,0,64954
1963:Q3,199333,63712,135621,199333,23997,14602,0,16966,32007,14032,17975,72821,422,150,271,5457,0,5457,5841,0,5841,2640,1980,660,0,0,0,6550,0,0,0,728,0,728,486,0,1832,0,1394,0,0,13169,0,13169,0,65052
1963:Q4,202211,62478,139733,202211,24418,15128,0,16314,33582,11207,22375,74188,399,155,280,5597,0,5597,5813,0,5813,2679,2009,670,0,0,0,6510,0,0,0,728,0,728,510,0,2159,0,718,0,0,13033,0,13033,0,65634
1964:Q1,202520,56746,145774,202520,25798,16148,0,16504,33183,7413,25770,72926,398,155,286,5472,0,5472,5788,0,5788,2872,2154,718,0,0,0,6725,0,0,0,823,0,823,527,0,1952,0,569,0,0,12394,0,12394,0,65709
1964:Q2,200805,50740,150065,200805,25825,15240,0,16446,34494,5171,29323,70634,396,151,290,5328,0,5328,5715,0,5715,2665,1999,666,0,0,0,6975,0,0,0,831,0,831,539,0,1988,0,1021,0,0,12267,0,12267,0,66851
1964:Q3,203501,53345,150156,203501,25619,14402,0,16793,34950,4967,29983,72165,485,146,293,5498,0,5498,5840,0,5840,2661,1996,665,0,0,0,7066,0,0,0,911,0,911,548,0,1773,0,1535,0,0,12816,0,12816,0,67213
1964:Q4,206767,56476,150291,206767,24486,14481,0,17333,36506,6044,30462,74423,442,142,295,5629,0,5629,5594,0,5594,2715,2036,679,0,0,0,7030,0,0,0,767,0,767,552,0,1677,0,1374,0,0,13321,0,13321,0,67494
1965:Q1,206174,56525,149649,206174,27113,14092,0,17597,37091,6826,30265,71078,433,141,297,5572,0,5572,5639,0,5639,2909,2182,727,0,0,0,7417,0,0,0,824,0,824,553,0,1925,0,955,0,0,12538,0,12538,0,67922
1965:Q2,202972,53665,149307,202972,26678,12320,0,17987,38700,7761,30939,68573,425,141,298,5377,0,5377,5358,0,5358,2709,2032,677,0,0,0,7590,0,0,0,638,0,638,547,0,1835,0,1510,0,0,12286,0,12286,0,69016
1965:Q3,201452,53655,147797,201452,26280,11829,0,18760,39269,8396,30873,67578,482,141,299,5420,0,5420,5298,0,5298,2457,1843,614,0,0,0,7351,0,0,0,912,0,912,540,0,1734,0,595,0,0,12507,0,12507,0,69432
1965:Q4,207025,60177,146848,207025,24774,12548,0,19524,40478,9101,31377,71192,509,141,303,5464,0,5464,5119,0,5119,2539,1904,635,0,0,0,7153,0,0,0,811,0,811,534,0,1798,0,1082,0,0,13056,0,13056,0,69712
1966:Q1,206960,61133,145827,206960,28787,12958,0,19835,40196,9237,30959,67623,458,145,308,5252,0,5252,5171,0,5171,2479,1859,620,0,0,0,7312,0,0,0,1055,0,1055,528,0,1755,0,909,0,0,12189,0,12189,0,69904
1966:Q2,200411,56581,143830,200411,25623,11330,0,20346,41769,10447,31322,64852,408,151,315,5093,0,5093,4921,0,4921,2377,1783,594,0,0,0,7046,0,0,0,1171,0,1171,521,0,2036,0,818,0,0,11634,0,11634,0,71700
1966:Q3,202581,65346,137235,202581,28546,10774,0,20248,41537,15456,26081,65036,483,158,322,5080,0,5080,4852,0,4852,2351,1763,588,0,0,0,7166,0,0,0,1449,0,1449,514,0,1923,0,893,0,0,11249,0,11249,0,71627
1966:Q4,208138,70603,137535,208138,27902,11054,0,20097,43655,16155,27500,67624,459,163,327,4991,0,4991,4921,0,4921,2304,1728,576,0,0,0,7115,0,0,0,1437,0,1437,511,0,2684,0,1742,0,0,11152,0,11152,0,72155
1967:Q1,209601,72502,137099,209601,27027,10445,0,20115,44029,17160,26869,69590,435,172,329,4623,0,4623,4855,0,4855,2148,1611,537,0,0,0,6800,0,0,0,1217,0,1217,511,0,3658,0,2140,0,0,11507,0,11507,0,71714
1967:Q2,199980,64145,135835,199980,24029,7908,0,20003,46318,18359,27959,65673,407,183,328,4335,0,4335,4690,0,4690,1999,1499,500,0,0,0,6646,0,0,0,902,0,902,512,0,3800,0,710,0,0,11537,0,11537,0,72776
1967:Q3,208290,63746,144544,208290,26253,7287,50,20033,46402,14097,32305,72743,491,194,328,4325,0,4325,4717,0,4717,1967,1475,492,0,0,0,6308,0,0,0,694,0,694,517,0,2974,0,985,0,0,12022,0,12022,0,73061
1967:Q4,216899,69870,147029,216899,27721,8614,100,19742,48980,15975,33005,75149,576,204,331,4286,0,4286,4683,0,4683,1987,1490,497,0,0,0,6165,0,0,0,921,0,921,528,0,2690,0,983,0,0,13239,0,13239,0,73563
1968:Q1,222114,71300,150814,222114,32074,9950,150,19320,49495,16161,33334,74850,590,210,334,4170,0,4170,4678,0,4678,2207,1655,552,0,0,0,6219,0,0,0,1167,0,1167,548,0,2850,0,968,0,0,12334,0,12334,0,73731
1968:Q2,217294,64440,152854,217294,30503,8627,200,19303,52230,18380,33850,71972,608,213,334,4007,0,4007,4447,0,4447,2181,1636,545,0,0,0,6120,0,0,0,1047,0,1047,579,0,2998,0,905,0,0,11020,0,11020,0,75232
1968:Q3,223989,69779,154210,223989,31806,7879,250,19514,52405,18794,33611,75546,630,216,339,3995,0,3995,4528,0,4528,2120,1590,530,0,0,0,6023,0,0,0,1405,0,1405,609,0,2585,0,2543,0,0,11596,0,11596,0,75270
1968:Q4,225679,75012,150667,225679,29817,8959,300,19926,52937,18756,34181,77213,620,220,357,3933,0,3933,4456,0,4456,2359,1769,590,0,0,0,5921,0,0,0,1143,0,1143,625,0,2550,0,1766,0,0,12577,0,12577,0,75546
1969:Q1,225552,77547,148005,225552,37157,9399,350,20432,52010,17583,34427,72145,622,226,390,3781,0,3781,4339,0,4339,2460,1845,615,0,0,0,5850,0,0,0,1571,0,1571,630,0,2275,0,733,0,0,11182,0,11182,0,75642
1969:Q2,213596,68356,145240,213596,30483,7949,400,20956,54095,19466,34629,66693,623,232,441,3939,0,3939,4129,0,4129,2191,1643,548,0,0,0,5815,0,0,0,959,0,959,630,0,2334,0,1120,0,0,10607,0,10607,0,76730
1969:Q3,219837,73972,145865,219837,39061,5786,450,21751,53932,19149,34783,65293,631,239,492,3479,0,3479,4088,0,4088,2159,1619,540,0,0,0,5696,0,0,0,1010,0,1010,621,0,1725,0,866,0,0,12558,0,12558,0,76987
1969:Q4,224726,80571,144155,224726,41065,5646,500,23007,57154,22265,34889,65538,641,248,527,3448,0,3448,4124,0,4124,2183,1637,546,0,0,0,5437,0,0,0,675,0,675,601,0,1964,0,1728,0,0,10240,0,10240,0,77248
1970:Q1,227467,83729,143738,227467,46525,5255,550,23963,55578,20897,34681,61050,350,255,546,3350,0,3350,4080,0,4080,2081,1561,520,0,0,0,5335,0,0,0,476,0,476,646,0,3256,0,2155,0,0,12016,0,12016,0,76931
1970:Q2,221776,76154,145622,221776,36944,6065,600,24366,57714,22407,35307,60310,394,261,553,3242,0,3242,4014,0,4014,1984,1488,496,0,0,0,5179,0,0,0,2563,0,2563,579,0,2701,0,620,0,0,13687,0,13687,0,78702
1970:Q3,229196,80691,148505,229196,34066,6966,650,23868,59975,24110,35865,65415,488,268,555,3388,0,3388,4147,0,4147,2152,1614,538,0,0,0,5274,0,0,0,822,0,822,518,0,2212,0,2007,0,0,16425,0,16425,0,78891
1970:Q4,237659,87923,149736,237659,30777,6283,700,22940,62142,25965,36177,71287,497,277,558,3398,0,3398,4042,0,4042,2124,1593,531,0,0,0,5104,0,0,0,850,0,850,491,0,3059,0,3398,0,0,19732,0,19732,0,79792
1971:Q1,239296,88977,150319,239296,26723,5735,750,22010,63860,25638,38222,72198,458,307,562,3328,0,3328,4004,0,4004,2259,1694,565,0,0,0,4880,0,0,0,892,0,892,500,0,4197,0,1924,0,0,24709,18661,6048,0,80941
1971:Q2,241212,86677,154535,241212,22929,7130,800,21890,64918,27929,36989,71042,277,332,566,3220,0,3220,3722,0,3722,2001,1501,500,0,0,0,4426,0,0,0,637,0,637,541,0,3424,0,1477,0,0,31880,22758,9122,0,82809
1971:Q3,249957,88644,161313,249957,24528,6211,860,21848,66662,29584,37078,68370,277,401,567,3180,0,3180,3751,0,3751,2044,1533,511,0,0,0,4371,0,0,0,457,0,457,590,0,2145,0,1884,0,0,41811,29772,12039,0,83643
1971:Q4,261392,97505,163887,261392,19672,9057,900,22587,68996,30156,38840,74124,263,438,564,3183,0,3183,3828,0,3828,2125,1594,531,0,0,0,3896,0,0,0,559,0,559,622,0,2493,0,1799,0,0,46286,33025,13261,0,84899
1972:Q1,264601,102371,162230,264601,21572,7207,950,23279,68971,29676,39295,72140,466,399,554,3055,0,3055,3990,0,3990,2540,1905,635,0,0,0,3633,0,0,0,558,0,558,641,0,4160,0,1397,0,0,49089,34933,14156,0,85590
1972:Q2,257796,94648,163148,257796,19190,5200,1000,23584,70756,31258,39498,69280,369,368,533,2886,0,2886,3722,0,3722,2451,1838,613,0,0,0,3723,0,0,0,570,0,570,650,0,3228,0,1107,0,0,49179,31871,17308,0,88522
1972:Q3,261550,96363,165187,261550,19677,4828,1050,24150,68677,29660,39017,69176,478,508,517,2757,0,2757,3875,0,3875,2623,1967,656,0,0,0,3643,0,0,0,712,0,712,659,0,1957,0,1770,0,0,54493,32714,21779,0,89516
1972:Q4,272428,103870,168558,272428,19666,6881,1100,24896,69808,29664,40144,75648,480,643,518,2901,0,2901,3827,0,3827,3381,2536,845,0,0,0,3597,0,0,0,689,0,689,676,0,1245,0,2012,0,0,54460,31845,22615,0,91055
1973:Q1,279503,104991,174512,279503,22339,5947,1133,25424,73784,32761,41023,69722,352,558,641,2734,0,2734,3824,0,3824,3725,2794,931,0,0,0,3687,0,0,0,481,0,481,702,0,935,0,1365,0,0,62150,37971,24179,0,91741
1973:Q2,272356,100061,172295,272356,22369,4759,1161,25889,74952,34247,40705,65666,396,473,690,2674,0,2674,3572,0,3572,4011,3008,1003,0,0,0,3460,0,0,0,562,0,562,740,0,337,0,1430,0,0,59215,34951,24264,0,94980
1973:Q3,270401,99762,170639,270401,27179,1923,1176,26152,75224,34100,41124,61875,429,521,740,2738,0,2738,3466,0,3466,4711,3533,1178,0,0,0,3028,0,0,0,682,0,682,774,0,448,0,1889,0,0,57446,33698,23748,0,95078
1973:Q4,276350,107786,168564,276350,28126,2482,1183,26065,78458,36897,41561,65168,449,570,777,2837,0,2837,3444,0,3444,5379,4034,1345,0,0,0,2508,0,0,0,660,0,660,788,0,1145,0,2008,0,0,54303,31866,22437,0,95853
1974:Q1,278582,111859,166723,278582,34857,968,1199,26102,77929,36400,41529,64256,442,445,798,2765,0,2765,3596,0,3596,6109,4582,1527,0,0,0,1840,2,0,2,859,0,859,784,0,1124,0,971,0,0,53536,31483,22053,0,96234
1974:Q2,271853,105019,166834,271853,28899,1492,1214,25809,80284,37274,43010,58675,465,421,802,2560,0,2560,3349,0,3349,6912,5184,1728,0,0,0,1886,5,0,5,495,0,495,760,0,756,0,827,0,0,56242,34008,22234,0,100846
1974:Q3,251769,111099,140670,251769,7251,1981,1226,26258,80353,34100,46253,56313,416,400,811,2525,0,2525,3327,0,3327,8235,6176,2059,1501,1501,0,1515,20,0,20,826,0,826,732,0,819,0,1723,0,0,55537,33473,22064,0,124622
1974:Q4,261883,119746,142137,261883,7806,2613,1238,26523,80058,36765,43293,60167,503,346,848,2860,0,2860,3372,0,3372,8559,6419,2140,1501,1501,0,1585,112,0,112,1109,0,1109,716,0,1441,0,2256,0,0,58270,35190,23080,0,125184
1975:Q1,278231,123972,154259,278231,3257,6488,1228,26991,82034,36087,45947,65550,439,375,912,3170,0,3170,3585,0,3585,9623,7217,2406,0,0,0,1559,244,0,244,785,0,785,710,0,4248,0,2713,0,0,64320,40093,24227,0,128562
1975:Q2,294758,128569,166189,294758,5750,8123,1226,26734,83949,37172,46777,75203,426,395,1004,3509,0,3509,3712,0,3712,10516,7887,2629,0,0,0,2215,291,0,291,949,0,949,710,0,3523,0,1813,0,0,64710,38278,26432,0,133983
1975:Q3,319044,142803,176241,319044,15454,9192,1243,27183,86474,35422,51052,84227,436,408,1100,3995,0,3995,3821,0,3821,11896,8922,2974,0,0,0,2548,596,0,596,1493,0,1493,713,0,3024,0,1254,0,0,63987,36642,27345,0,132119
1975:Q4,343752,157483,186269,343752,20583,14264,1274,27783,86717,37207,49510,94063,610,417,1177,4720,0,4720,4736,0,4736,12396,9297,3099,38,38,0,2540,927,0,927,1066,0,1066,716,0,2935,0,1152,120,0,65518,37436,28082,0,133227
1976:Q1,365380,163140,202240,365380,18383,19259,1249,30610,87293,36731,50562,100744,705,375,1232,5460,0,5460,5072,0,5072,13613,10210,3403,74,74,0,3058,1201,0,1201,1435,0,1435,724,0,4093,0,2719,128,0,67953,37571,30382,0,134652
1976:Q2,372629,161198,211431,372629,14604,20432,1258,31077,90575,38729,51846,103706,861,346,1275,5750,0,5750,4956,0,4956,15211,11408,3803,96,96,0,3632,832,0,832,1196,0,1196,741,0,3847,0,2571,136,0,69527,38257,31270,0,142978
1976:Q3,388895,161505,227390,388895,14297,18534,1352,32536,94445,38245,56200,106430,783,410,1310,6585,0,6585,5419,0,5419,16371,12278,4093,124,124,0,3900,974,0,974,1368,0,1368,752,0,4205,0,5143,144,0,73813,40119,33694,0,143196
1976:Q4,402836,163992,238844,402799,6214,21547,1515,35781,93268,38571,54697,115909,1162,494,1343,7300,0,7300,5368,0,5368,18075,13556,4519,142,142,0,4057,1049,0,1049,1086,0,1086,746,0,4392,0,5604,164,0,77583,40743,36840,37,147565
1977:Q1,417402,164264,253138,417365,9660,22381,1686,36802,95672,39170,56502,119487,977,550,1378,8486,0,8486,5542,0,5542,17873,13405,4468,152,152,0,4712,1042,0,1042,1368,0,1368,718,0,3202,0,1624,184,0,83869,43554,40315,37,149688
1977:Q2,413050,155064,257986,413013,1110,17508,1878,40594,98163,40827,57336,117172,876,621,1419,7633,0,7633,5337,0,5337,19957,14968,4989,6,6,0,6568,798,0,798,1485,0,1485,666,0,1401,0,1990,208,0,87623,44110,43513,37,154556
1977:Q3,429469,156091,273378,429432,4084,17055,2123,44335,102405,44048,58357,114782,1054,660,1443,8770,0,8770,5719,0,5719,20080,15060,5020,38,38,0,6757,755,0,755,1740,0,1740,616,0,830,0,148,240,0,95798,43181,52617,37,164243
1977:Q4,445890,161081,284809,446198,3645,16556,2412,47453,100918,41561,59357,115232,1189,702,1424,9760,0,9760,5315,0,5315,21308,15981,5327,55,55,0,6760,883,0,883,1763,0,1763,590,0,961,0,350,268,0,108654,48905,59749,-308,168291
1978:Q1,461467,165652,295815,461775,4633,14993,2732,52265,99890,38358,61532,114065,1132,700,1254,9754,0,9754,5075,0,5075,21477,16108,5369,66,66,0,7624,1120,0,1120,1833,0,1833,588,0,842,0,-947,240,0,122439,61039,61400,-308,172274
1978:Q2,462538,159757,302781,462846,1049,13970,3001,54489,107859,44080,63779,112396,1283,700,1023,9222,0,9222,4924,0,4924,22185,16639,5546,84,84,0,9095,1065,0,1065,1818,0,1818,608,0,1320,0,-884,216,0,117423,57103,60320,-308,175286
1978:Q3,474270,160936,313334,474578,5711,12692,3143,58951,113027,47551,65476,109268,1294,665,895,9895,0,9895,5113,0,5113,21089,15817,5272,117,117,0,9543,960,0,960,1748,0,1748,632,0,1097,0,-902,192,0,119448,56691,62757,-308,185132
1978:Q4,478139,161747,316392,476924,-3453,15070,3184,59360,109478,42158,67320,106418,1450,629,727,10450,0,10450,4822,0,4822,23179,17384,5795,140,140,0,9454,886,0,886,1584,0,1584,643,0,1442,0,-1605,165,0,132901,68201,64700,1215,196986
1979:Q1,487732,165459,322273,486517,2465,14519,3192,65120,109260,41241,68019,107182,1290,600,772,10896,0,10896,5357,0,5357,23727,17795,5932,156,156,0,10677,1687,0,1687,1722,0,1722,644,0,862,0,-444,200,0,126633,60708,65925,1215,196374
1979:Q2,487581,159890,327691,486366,9935,17689,3159,64868,106432,38370,68062,105035,1526,563,863,10741,0,10741,5204,0,5204,24928,18696,6232,186,186,0,13327,1988,0,1988,1502,0,1502,639,0,1827,0,1998,240,0,113716,47544,66172,1215,193997
1979:Q3,498750,161378,337372,497535,15999,13855,3024,65551,114596,44232,70364,103082,1658,618,887,10694,0,10694,5150,0,5150,25769,19327,6442,226,226,0,13287,1224,0,1224,1379,0,1379,632,0,931,0,-1551,280,0,120244,52428,67816,1215,202868
1979:Q4,516104,172644,343460,516321,44751,13472,2805,60850,116291,45244,71047,104386,1953,672,625,10665,0,10665,4888,0,4888,25995,19496,6499,5,5,0,14706,1621,0,1621,1536,0,1536,628,0,1239,0,-7023,298,0,115958,48572,67386,-217,204213
1980:Q1,540619,190780,349839,540723,57144,14300,2635,58119,115734,43851,71883,104944,2010,693,599,11158,0,11158,4917,0,4917,27203,20402,6801,27,27,0,16159,7004,0,7004,1679,0,1679,629,0,1810,0,-246,304,0,113901,44446,69455,-104,195205
1980:Q2,553831,184684,369147,554159,58556,9914,2509,58847,124058,49781,74277,106834,2125,722,801,10161,0,10161,5135,0,5135,29387,22040,7347,56,56,0,17582,5272,0,5272,2592,0,2592,634,0,1817,0,-137,304,0,116990,48192,68798,-328,189801
1980:Q3,582379,199832,382547,582525,62780,13704,2493,64357,119418,43907,75511,115212,2447,750,933,11082,0,11082,5338,0,5338,30569,22927,7642,78,78,0,19999,7450,0,7450,1939,0,1939,638,0,2055,0,465,312,0,120506,50730,69776,-146,198691
1980:Q4,609679,216104,393575,608953,76561,13697,2564,69472,119299,43688,75611,121131,2530,770,939,12248,0,12248,5838,0,5838,32215,24161,8054,104,104,0,20927,3474,0,3474,1853,0,1853,634,0,1682,0,-4746,312,0,127449,57594,69855,726,197510
1981:Q1,646299,235215,411084,645559,70388,12593,2728,74161,117666,42078,75588,125092,2343,786,973,13203,0,13203,7206,0,7206,33352,25014,8338,138,138,0,22432,14518,0,14518,2651,0,2651,621,0,3,0,8332,296,0,136077,62258,73819,740,192335
1981:Q2,646256,218786,427470,645482,66681,17272,2900,80335,120017,43593,76424,125071,2371,803,957,12959,2,12957,6952,0,6952,34543,25907,8636,211,211,0,24531,9023,0,9023,2363,0,2363,598,0,1734,0,1130,291,0,134740,59727,75013,774,191426
1981:Q3,668124,223388,444736,667255,80979,19985,3091,83719,124330,46930,77400,122067,2431,811,865,13614,8,13606,7192,0,7192,34755,26066,8689,0,0,0,25215,11419,0,11419,2443,0,2443,576,0,1828,0,1962,296,0,129677,52368,77309,869,198927
1981:Q4,705719,245015,460704,705143,80947,18652,3298,85335,127738,49359,78379,122975,2942,800,1014,13491,15,13476,8167,0,8167,46684,35013,11671,0,0,0,27564,21519,0,21519,2775,0,2775,565,0,1901,0,2958,309,0,135509,55314,80195,576,197394
1982:Q1,738577,256212,482365,738020,85359,16030,3080,93525,123992,45543,78449,126758,3108,819,1127,13665,30,13635,11071,0,11071,56035,42026,14009,0,0,0,29545,25560,0,25560,3512,0,3512,567,0,1871,0,6685,232,0,135479,50172,85307,557,194669
1982:Q2,749688,256007,493681,749128,92193,12805,2945,102120,127005,47921,79084,124386,2841,841,1203,13495,74,13421,10952,0,10952,62040,46530,15510,0,0,0,32417,22402,0,22402,3895,0,3895,578,0,2102,0,-722,152,0,135478,48831,86647,560,194689
1982:Q3,809587,277900,531687,809399,112976,15150,3014,99211,130591,50309,80282,126665,2798,869,1086,14125,162,13963,12705,0,12705,67904,50928,16976,0,0,0,35849,38221,0,38221,4594,0,4594,592,0,6133,0,-4991,184,0,141723,51589,90134,188,204371
1982:Q4,869350,311820,557530,871721,104412,21011,3244,100592,135607,54425,81182,145776,3757,900,1276,14712,611,14101,16529,0,16529,75171,56378,18793,0,0,0,36898,42646,0,42646,5087,0,5087,599,0,3402,0,9199,216,0,150687,55628,95059,-2371,208006
1983:Q1,925470,331884,593586,927773,113922,24404,3987,105040,136651,55469,81182,167493,4645,946,1543,16069,846,15223,19715,0,19715,79729,59797,19932,0,0,0,39812,44873,0,44873,4611,0,4611,602,0,3407,0,3492,220,0,156612,58771,97841,-2303,204775
1983:Q2,966482,334299,632183,968705,130689,26870,4711,107143,140511,58213,82298,185520,5424,1008,2913,16781,1116,15665,22088,0,22088,83051,62288,20763,0,0,0,43672,28279,0,28279,5170,0,5170,603,0,3198,0,-871,222,0,161723,61338,100385,-2223,212980
1983:Q3,1010312,340733,669579,1012464,147933,24105,5386,107744,146171,62898,83273,195919,5034,1067,3213,18173,1532,16641,24513,0,24513,89104,66828,22276,0,0,0,46278,22074,0,22074,4395,0,4395,600,0,3864,0,4483,288,0,162120,64062,98058,-2152,228656
1983:Q4,1044748,343815,700933,1044060,148029,30144,6023,112493,150558,54425,96133,204575,5390,1100,2684,19424,2058,17366,28636,0,28636,93332,69999,23333,0,0,0,48910,22839,0,22839,4059,0,4059,592,0,1824,0,-473,359,0,163562,68668,94894,688,232480
1984:Q1,1092278,350230,742048,1091496,164045,38101,6139,115460,150814,66366,84448,216144,5183,1115,3294,20686,2266,18420,30886,0,30886,95023,71267,23756,0,0,0,54561,19374,17051,2323,4720,0,4720,575,0,2412,0,-2602,328,0,165238,70200,95038,782,231882
1984:Q2,1121406,343282,778124,1120430,190569,37282,6155,119641,152859,66928,85931,211237,5068,1108,3813,22002,2569,19433,31752,0,31752,92123,69092,23031,0,0,0,59177,14889,10454,4435,5267,0,5267,545,0,3048,0,-7718,310,0,171303,72862,98441,976,237327
1984:Q3,1172606,356798,815808,1171892,207324,33740,5920,120545,155018,68487,86531,213244,4996,1098,4105,24137,2642,21495,35035,0,35035,98763,74072,24691,0,0,0,64331,13618,9898,3720,6194,0,6194,519,0,6411,0,491,368,0,176035,73801,102234,714,252902
1984:Q4,1232741,374369,858372,1235133,196209,36467,5481,121603,159223,71035,88188,214892,4812,1100,3711,25955,2687,23268,41204,0,41204,108403,81302,27101,0,0,0,67914,25395,20329,5066,6688,0,6688,512,0,2707,0,12140,428,0,200289,76369,123920,-2392,260331
1985:Q1,1277088,379477,897611,1279425,222003,30156,5468,128528,160983,71469,89514,227388,4807,1117,4925,26749,2830,23919,42665,0,42665,112153,84115,28038,0,0,0,73822,26109,19962,6147,12127,0,12127,518,0,5333,0,-1600,472,0,195702,71956,123746,-2337,267135
1985:Q2,1310253,381872,928381,1313216,199673,42730,5488,136664,169110,78301,90809,224242,3992,1138,5642,27024,2949,24075,45019,0,45019,119439,89579,29860,0,0,0,77190,24733,19668,5065,17226,0,17226,531,0,6720,0,-3507,522,0,209640,73455,136185,-2963,283823
1985:Q3,1348328,384220,964108,1351115,215733,35913,5588,134169,169702,79231,90471,227294,4424,1167,5950,30004,3181,26823,46615,0,46615,122973,92230,30743,0,0,0,79910,22677,18924,3753,23706,0,23706,559,0,10557,0,-3436,648,0,216962,73756,143206,-2787,306477
1985:Q4,1425915,399893,1026022,1436251,204148,41102,5754,171160,177798,85425,92373,217143,4773,1209,6153,32338,3543,28795,51700,0,51700,128551,96413,32138,14194,14194,0,85383,24570,20530,4040,39719,0,39719,612,0,6786,0,-4011,777,0,226392,69133,157259,-10336,332810
1986:Q1,1461722,393172,1068550,1474601,178454,33539,9425,174755,176620,84247,92373,220556,4148,1308,6336,35771,3551,32220,53627,0,53627,131499,98624,32875,14169,14169,0,95028,29238,24462,4776,48660,0,48660,689,0,10035,0,14590,704,0,235450,73044,162406,-12879,332173
1986:Q2,1488154,396650,1091504,1500145,157228,40715,10008,194475,183849,91476,92373,222193,5497,1457,7198,38585,3529,35056,52798,0,52798,126849,95137,31712,0,0,0,98507,22336,15509,6827,57395,0,57395,789,0,13315,0,12498,643,0,253810,82701,171109,-11991,362505
1986:Q3,1553259,410730,1142529,1564667,177245,38961,10530,190209,184437,92064,92373,224664,6298,1603,7757,42240,3519,38721,55032,0,55032,125171,93878,31293,15000,15000,0,104604,23927,17357,6570,66178,0,66178,906,0,13844,0,11164,670,0,264227,90634,173593,-11408,365946
1986:Q4,1608685,426679,1182006,1624828,189326,40325,10771,205227,197625,103775,93850,226504,6876,1694,7959,46127,3561,42566,59033,0,59033,112795,89215,23580,15000,15000,0,115329,27997,20571,7426,70773,0,70773,1038,0,16288,0,4120,633,0,269388,90398,178990,-16143,395218
1987:Q1,1624673,406194,1218479,1637357,163877,37705,10720,226292,196409,102812,93597,226860,8194,1724,9208,48663,3580,45083,61253,0,61253,112961,85738,27223,15000,15000,0,122815,18443,11529,6914,84051,0,84051,1285,0,18578,0,-6126,690,0,278755,93153,185602,-12684,403222
1987:Q2,1646764,391049,1255715,1657754,180025,32734,10365,223205,210248,107702,102546,228933,7169,1692,10014,50679,3597,47082,57641,0,57641,107248,79665,27583,15000,15000,0,129503,20175,10460,9715,85954,0,85954,1061,0,15114,0,-17144,730,0,287408,93695,193713,-10990,419255
1987:Q3,1663907,378263,1285644,1671206,191885,31671,9971,223789,211941,105785,106156,235949,7495,1664,10970,52561,3630,48931,57246,0,57246,110202,81092,29110,15000,15000,0,135414,15198,7793,7405,82623,0,82623,1034,0,17056,0,-26607,730,0,285414,89747,195667,-7299,438145
1987:Q4,1711632,389497,1322135,1713051,205927,31790,9799,218286,218906,107691,111215,232998,6493,1705,11186,54693,3693,51000,57988,0,57988,112999,83486,29513,14845,14845,0,138866,14278,4989,9289,79334,0,79334,1604,0,20990,0,-16685,748,0,296301,101743,194558,-1419,464917
1988:Q1,1743989,392647,1351342,1746271,202399,31319,9796,224149,217496,107256,110240,227593,7502,1522,12458,56939,3796,53143,58049,0,58049,103552,77707,25845,14846,14845,1,143570,14821,5430,9391,78617,0,78617,2277,0,24459,0,-15703,668,0,329942,108227,221715,-2282,469887
1988:Q2,1755942,382292,1373650,1757086,229600,26880,9897,216499,222450,105473,116977,220843,7390,1646,13487,59163,3949,55214,59358,0,59358,104488,77864,26624,15002,15000,2,142940,13096,3971,9125,80019,0,80019,3547,0,20108,0,-31253,658,0,341268,107592,233676,-1144,482463
1988:Q3,1786803,398451,1388352,1787414,252705,26761,10079,208255,223573,106596,116977,218895,7328,1785,13874,61526,4098,57428,59641,0,59641,114250,87157,27093,15004,15000,4,148740,10820,4668,6152,78147,0,78147,4418,0,21301,0,-31306,676,0,340942,108750,232192,-611,499446
1988:Q4,1824433,413970,1410463,1819538,273490,27933,10318,212746,233662,112782,120880,210863,6610,1898,14440,64187,4187,60000,59752,0,59752,112722,85146,27576,14850,14845,5,150659,11541,5166,6375,75604,0,75604,4800,0,26261,0,-47396,759,0,353839,115057,238782,4895,522588
1989:Q1,1856155,417020,1439135,1850366,285928,37140,10655,201494,228643,108011,120632,216016,6196,1994,13994,66858,4217,62641,58161,0,58161,104456,80170,24286,14852,14845,7,151057,12716,5700,7016,74304,0,74304,5500,0,27272,0,-35659,755,0,368034,108864,259170,5789,524314
1989:Q2,1861784,397069,1464715,1860423,304351,39716,11129,202594,231767,109031,122736,196240,5790,2083,13327,69746,4183,65563,56103,0,56103,109626,84119,25507,15009,15000,9,151664,11063,5040,6023,74163,0,74163,5989,0,7264,0,-8745,747,0,360797,99736,261061,1361,535420
1989:Q3,1892480,406597,1485883,1890051,305982,44739,11605,201227,221051,98487,122564,183911,5816,2167,12822,72603,4149,68454,53755,0,53755,115216,87436,27780,15011,15000,11,153198,12643,5539,7104,75471,0,75471,6282,0,14714,0,-4995,716,0,386117,99857,286260,2429,553668
1989:Q4,1942516,430648,1511868,1948411,273367,51432,11946,205817,226775,104581,122194,182538,6432,2248,12115,75176,4176,71000,53911,0,53911,122396,93036,29360,15014,15000,14,152396,14760,7427,7333,76364,0,76364,6629,0,12990,0,21506,857,0,423742,91100,332642,-5895,583796
1990:Q1,1955020,453077,1501943,1958092,253565,44125,12183,237602,217899,95504,122395,195410,8933,2323,11243,77401,4276,73125,60328,0,60328,111101,84536,26565,15018,15000,18,162764,31274,22504,8770,78153,0,78153,6651,0,18507,0,-2986,924,0,415674,87762,327912,-3072,617430
1990:Q2,1985110,453505,1531605,1989159,258220,45692,12347,240719,231383,108838,122545,191527,9240,2391,10289,79209,4459,74750,60131,0,60131,116508,87813,28695,15023,15000,23,168301,27900,17984,9916,78958,0,78958,6561,0,23942,0,-11205,757,0,421266,89675,331591,-4049,630374
1990:Q3,2043898,482454,1561444,2046713,296175,36616,12452,246011,234373,111828,122545,191790,10468,2457,9337,81120,4620,76500,61121,0,61121,119700,90950,28750,15033,15000,33,170147,33917,19494,14423,77820,0,77820,6556,0,40079,0,-33339,735,0,434145,91084,343061,-2815,648668
1990:Q4,2117196,527415,1589781,2112558,308169,37649,12512,249735,235090,112520,122570,183306,11424,2526,8546,83649,4649,79000,60350,0,60350,122254,93594,28660,15044,15000,44,168235,45414,25785,19629,81297,0,81297,6830,0,34326,0,7277,562,0,438363,96796,341567,4638,681214
1991:Q1,2165271,533262,1632009,2160471,297501,34502,12497,256239,240965,114245,126720,195264,14770,2579,9191,88802,4559,84243,64289,0,64289,114699,84516,30183,15069,15000,69,177144,66040,34156,31884,88809,0,88809,7408,0,37728,0,-6815,533,0,443257,102122,341135,4800,683795
1991:Q2,2204987,521544,1683443,2199249,304718,34726,12373,255815,247484,119314,128170,206018,12523,2596,9575,96038,4322,91716,66432,0,66432,114156,83514,30642,15093,15000,93,178753,55498,24889,30609,92517,0,92517,8307,0,38214,0,-5679,919,0,453173,100878,352295,5738,698132
1991:Q3,2308289,564589,1743700,2305673,311588,42221,12254,272115,258554,128569,129985,222957,14412,2651,10127,103184,4097,99087,73786,0,73786,116866,86047,30819,15120,15000,120,163948,64789,36874,27915,100784,0,100784,9252,0,43002,0,8904,1561,0,457598,107021,350577,2616,711975
1991:Q4,2390681,590389,1800292,2395433,313705,43426,12249,275798,266486,132635,133851,232731,20843,2817,14075,108064,4041,104023,79444,0,79444,116946,84682,32264,15152,15000,152,165494,79597,48445,31152,114872,0,114872,9967,0,40754,0,5669,1055,0,476289,110734,365555,-4752,738116
1992:Q1,2473821,615818,1858003,2475050,345052,42011,12356,302227,265796,129492,136304,258440,18662,3094,16400,112270,4153,108117,82083,0,82083,106319,73851,32468,15187,15000,187,171904,84839,49972,34867,93841,0,93841,10490,0,53606,0,-15437,4019,0,491891,119882,372009,-1229,734835
1992:Q2,2532517,618218,1914299,2535364,353279,57611,12560,273703,276883,136849,140034,265738,23598,3482,18431,114895,4432,110463,84190,0,84190,105472,73470,32002,15222,15000,222,177959,79679,47544,32135,98970,0,98970,10855,0,51144,0,-5661,3981,0,513373,128672,384701,-2847,749304
1992:Q3,2606080,634287,1971793,2611510,374432,52292,13040,271740,279712,133752,145960,282488,25342,3907,19850,113244,4725,108519,88196,0,88196,107974,73865,34109,15276,15000,276,197677,79892,45711,34181,97310,0,97310,11195,0,54792,0,-427,5616,0,517962,134882,383080,-5430,764545
1992:Q4,2683010,657661,2025349,2675260,396129,60589,12976,264645,295011,141794,153217,288325,29591,4295,19938,113628,4883,108745,90814,0,90814,108371,73658,34713,15311,15000,311,203534,79620,47999,31621,103193,0,103193,11642,0,58702,0,-7657,6264,0,520339,127644,392695,7750,789327
1993:Q1,2737390,659877,2077513,2731993,406528,42943,13288,282428,298461,142104,156357,299375,31813,4690,21213,116805,4918,111887,98306,0,98306,98822,63520,35302,15358,15000,358,204950,77674,45230,32444,115482,0,115482,12160,0,56305,0,-4995,5605,0,534782,137093,397689,5397,786032
1993:Q2,2786667,659280,2127387,2779626,399755,47830,13386,288608,313143,151796,161347,295746,31673,5137,22529,121038,4847,116191,103999,0,103999,97622,63924,33698,15421,15000,421,211378,76388,46319,30069,119104,0,119104,12678,0,59358,0,-1318,5993,0,540158,144208,395950,7041,806351
1993:Q3,2829297,658381,2170916,2826384,397676,53078,13453,271637,319357,151982,167375,301069,31927,5532,22018,125475,4761,120714,111282,0,111282,110389,73601,36788,15504,15000,504,221833,74468,43294,31174,124577,0,124577,13196,0,65354,0,-19674,5719,0,562514,165341,397173,2913,820556
1993:Q4,2911911,714631,2197280,2907362,439998,48839,13600,271252,332015,160368,171647,303227,36113,5773,22550,129266,4755,124511,112626,0,112626,104033,68061,35972,15550,15000,550,217450,80430,53850,26580,137595,0,137595,13714,0,51593,0,-28313,5500,0,594551,176739,417812,4549,845831
1994:Q1,2964629,721146,2243483,2954146,476700,57537,11124,273693,337260,162947,174313,323323,39220,5400,23652,131274,4650,126624,109294,0,109294,103736,65286,38450,15593,15000,593,224335,68914,42804,26110,115969,0,115969,13476,0,57066,0,-44830,6050,0,605360,173610,431750,10483,836752
1994:Q2,2971742,698446,2273296,2958160,503244,53152,15507,269710,347644,168576,179068,310057,39562,5200,24209,133312,4575,128737,111989,0,111989,112112,69228,42884,15594,15000,594,220641,59522,36183,23339,111973,0,111973,13238,0,55481,0,-53124,4953,0,604184,171652,432532,13582,845612
1994:Q3,3011491,697295,2314196,2996552,529362,60794,16126,262184,353010,169785,183225,294341,37341,5000,22495,135349,4500,130849,115605,0,115605,118097,75547,42550,15608,15000,608,217370,59945,37463,22482,108965,0,108965,13000,0,46405,0,-45723,4958,0,626320,164793,461527,14939,856515
1994:Q4,3074079,733753,2340326,3031275,587988,50820,18330,239010,364519,177378,187141,275149,32656,5145,22063,137375,4413,132962,109699,0,109699,120741,78177,42564,15596,15000,596,215554,67603,45536,22067,109734,0,109734,12762,0,51942,0,-42684,4702,0,632571,162938,469633,42804,876997
1995:Q1,3147620,756447,2391173,3107550,594794,41270,20338,229311,363707,177187,186520,269193,53242,5353,21178,137717,4717,133000,113943,0,113943,121464,78716,42748,15633,15000,633,224973,67745,44140,23605,112879,0,112879,12648,0,56621,0,-29236,4064,0,670713,170283,500430,40070,860754
1995:Q2,3172695,748302,2424393,3137793,593337,47962,21244,194472,372641,181965,190676,248290,59959,5854,20210,138222,5022,133200,114639,0,114639,121526,78870,42656,15694,15000,694,217221,58671,41422,17249,108707,0,108707,12788,0,56338,0,-129,5762,0,724385,182338,542047,34902,870878
1995:Q3,3199633,742462,2457171,3164850,583494,43647,22701,192952,367669,177093,190576,242995,58937,5932,19884,138676,5326,133350,114793,0,114793,120109,79208,40901,15733,15000,733,211282,64196,39775,24421,120459,0,120459,12374,0,53727,0,-8106,3119,0,780277,193334,586943,34783,878451
1995:Q4,3247828,760680,2487148,3240478,573872,57098,23626,187608,378197,183116,195081,226018,62276,5389,18308,139066,5630,133436,111024,0,111024,120195,79732,40463,15809,15000,809,208194,71287,43081,28206,133489,0,133489,12311,0,57996,0,18274,3494,0,816947,197355,619592,7350,867022
1996:Q1,3326813,811919,2514894,3313887,566296,57356,25057,189523,377056,183202,193854,227164,67778,5052,19305,139488,5934,133554,108654,0,108654,121265,79217,42048,15837,15000,837,213528,87222,48059,39163,130537,0,130537,11818,0,54195,0,5215,2872,0,888669,228705,659964,12926,873603
1996:Q2,3302754,773612,2529142,3288116,562463,63106,27092,187769,383914,187370,196544,219597,72038,5260,19060,133899,5071,128828,103360,0,103360,121061,79334,41727,15830,15000,830,221067,82167,45538,36629,125202,0,125202,11693,0,34513,0,-14080,2842,0,910263,218608,691655,14638,885443
1996:Q3,3344692,761232,2583460,3329887,584140,52144,27775,170209,383910,183650,200260,212864,71857,4657,18243,130504,5520,124984,104487,0,104487,116806,76323,40483,15863,15000,863,213439,85824,48574,37250,119699,0,119699,11696,0,34454,0,-3985,3396,0,971905,212478,759427,14805,896679
1996:Q4,3387118,777414,2609704,3350506,600342,47095,28550,157802,390907,190647,200260,190332,80714,4130,17416,126166,5316,120850,95068,0,95068,114885,74652,40233,15896,15000,896,212791,92046,43063,48983,114145,0,114145,11861,0,18760,0,-12836,4106,0,1040330,236874,803456,36612,929350
1997:Q1,3433093,785558,2647535,3379045,606137,54405,30114,145402,395076,189149,205927,197146,93987,4740,18234,94300,5715,88585,95539,0,95539,115830,75372,40458,15881,15000,881,211138,84179,38080,46099,114055,0,114055,11200,0,19057,0,-22758,3649,0,1091734,229849,861885,54048,921900
1997:Q2,3361985,704135,2657850,3321412,560022,40178,30723,137364,410914,195531,215383,188756,85764,4840,18310,94749,5482,89267,96641,0,96641,115729,76116,39613,15907,15000,907,214907,76327,29727,46600,117530,0,117530,11045,0,13465,0,-28009,2961,0,1113289,200971,912318,40573,933253
1997:Q3,3369532,701909,2667623,3340979,544904,36848,31574,125217,411822,193693,218129,178518,90508,5336,16144,95735,5625,90110,100136,0,100136,116364,77121,39243,15940,15000,940,223531,76443,26559,49884,122307,0,122307,11016,0,21687,0,-42821,2744,0,1157026,205812,951214,28553,952116
1997:Q4,3388018,715394,2672624,3359635,513561,26846,32235,117064,430736,197123,233613,181380,95073,4217,16042,96414,5284,91130,88837,0,88837,116875,77871,39004,15999,15000,999,218997,87775,41729,46046,128943,0,128943,10851,0,25879,0,-5344,4042,0,1153213,193240,959973,28383,991948
1998:Q1,3399328,720077,2679251,3370263,520642,21850,34170,100589,433182,195258,237924,186816,99679,4565,15361,92355,5428,86927,86245,0,86245,113845,72248,41597,16040,15000,1040,212146,84742,38756,45986,133268,0,133268,10580,0,11960,0,31929,2285,0,1158014,191572,966442,29065,995917
1998:Q2,3302345,641114,2661231,3279944,507362,19024,35854,105362,439773,197264,242509,166579,103805,4340,14808,87195,5567,81628,82953,0,82953,111506,67462,44044,16077,15000,1077,213210,82899,29591,53308,131729,0,131729,10431,0,15089,0,-29276,1701,0,1159523,169220,990303,22401,1022521
1998:Q3,3265085,637648,2627437,3267495,516925,20292,37039,109507,446047,195864,250183,139881,86352,3744,13644,82459,6322,76137,79403,0,79403,107362,62277,45085,16188,15000,1188,207823,84136,29668,54468,126400,0,126400,10564,0,19024,0,38103,984,0,1121618,160599,961019,-2410,1045835
1998:Q4,3292049,690986,2601063,3278090,473147,23615,37974,120421,452141,194772,257369,135008,84795,3555,13146,76766,6401,70365,75705,0,75705,103244,57247,45997,16240,15000,1240,212576,110121,48116,62005,121349,0,121349,10140,0,25158,0,15817,928,0,1166244,183494,982750,13959,1074536
1999:Q1,3298489,725517,2572972,3265246,424805,22992,37275,126163,465686,196759,268927,145188,85984,2987,12157,73680,6443,67237,73697,0,73697,105128,61258,43870,16225,15000,1225,211463,101036,45957,55079,118031,0,118031,9911,0,29837,0,48120,1164,0,1153717,192992,960725,33243,1065578
1999:Q2,3187031,647844,2539187,3140561,380311,21103,36826,131435,484866,198127,286739,140786,83161,3005,12536,70529,4903,65626,70452,0,70452,112405,69067,43338,16205,15000,1205,213790,85686,29822,55864,115941,0,115941,9664,0,27339,0,-12250,1174,0,1135597,179477,956120,46470,1079063
1999:Q3,3172959,653165,2519794,3120812,354705,21191,36878,136789,489037,197183,291854,134406,92495,2641,10821,67873,5188,62685,66907,0,66907,119550,76044,43506,16182,15000,1182,204790,89080,33234,55846,108441,0,108441,9540,0,28188,0,-21843,896,0,1152245,189180,963065,52147,1089529
1999:Q4,3221095,737068,2484027,3081993,426649,19420,37179,144801,477963,176517,301446,132981,94503,2808,9683,66509,4780,61729,63483,1,63482,120121,75893,44228,16125,15000,1125,198824,106366,60055,46311,100884,0,100884,8145,0,30943,6,-42626,8861,0,1058365,185675,872690,139102,1115621
2000:Q1,3201973,753288,2448685,3067532,365073,21881,37675,150648,501708,197038,304670,135207,89739,2498,9427,65276,5792,59484,63043,2,63041,117782,73413,44369,16091,15000,1091,196900,101397,58680,42717,98517,0,98517,8187,0,25151,10,-6509,935,7526,1059370,194957,864413,134441,1096663
2000:Q2,3014524,629928,2384596,2881504,258504,23978,37921,155366,504950,192792,312158,125514,84355,2366,8901,63116,5896,57220,62351,2,62349,116398,71437,44961,16082,15000,1082,194886,80320,39709,40611,100243,0,100243,8145,0,20659,84,-24138,1086,7526,1032891,181040,851851,133020,1104480
2000:Q3,2970228,616174,2354054,2844132,200420,23141,38917,161263,511413,184356,327057,117379,91203,2226,8631,61578,6004,55574,61865,2,61863,114613,67182,47431,16107,15000,1107,185471,79918,46628,33290,107279,0,107279,8221,0,29023,98,7847,1114,7526,1008879,174616,834263,126096,1109633
2000:Q4,2944782,646855,2297927,2877436,257410,18105,40162,165908,511703,178741,332962,96605,94029,1806,8289,59856,6413,53443,61019,2,61017,110794,64220,46574,16209,15000,1209,179057,93821,55795,38026,113057,0,113057,7603,0,13262,128,-3252,848,9591,1021426,177846,843580,67346,1117917
2001:Q1,2964368,712032,2252336,2901814,210589,16108,41329,171169,523862,184244,339618,80160,97915,1158,8082,58252,4888,53364,60074,2,60072,116812,68685,48127,16493,15000,1493,177342,99846,69073,30773,111893,0,111893,6736,0,11891,0,61131,845,10344,1019783,175274,844509,62554,1130895
2001:Q2,2804731,620044,2184687,2729648,113745,16063,42246,178926,535110,181126,353984,77342,102192,1037,6665,58227,4768,53459,58985,3,58982,111017,67620,43397,16545,15000,1545,183128,96833,58129,38704,110969,0,110969,6704,0,12281,0,1549,942,10841,988301,159963,828338,75083,1144450
2001:Q3,2883903,734856,2149047,2788446,120799,16864,42412,182410,534136,175104,359032,71853,108594,1415,6507,58797,5570,53227,57968,3,57965,110361,66279,44082,16944,15000,1944,166813,118650,74592,44058,100326,0,100326,6956,0,12581,0,48095,856,10045,995064,177737,817327,95457,1147318
2001:Q4,2940792,811214,2129578,2888063,118195,16852,42829,190171,551675,182074,369601,67841,103830,1167,7577,61234,6308,54926,60771,4564,56207,103378,63867,39511,16808,15000,1808,155099,142343,95642,46701,105593,0,105593,7672,0,13613,54,12174,1214,12765,1095208,218237,876971,52729,1177668
2002:Q1,2994298,834378,2159920,2936298,102448,20664,42831,194773,575356,192364,382992,82696,94055,1999,7792,63953,6419,57534,69315,6488,62827,108018,62330,45688,16746,15000,1746,163285,142746,100300,42446,105656,0,105656,5715,0,18049,714,-4673,1290,12915,1109955,222569,887386,58000,1163347
2002:Q2,3012323,822439,2189884,2966137,63841,25139,42833,199312,590683,196633,394050,87955,105714,1114,7829,67176,6976,60200,77795,8467,69328,105255,59711,45544,16875,15000,1875,153232,128379,91644,36735,106098,0,106098,5681,0,20635,725,-3849,1750,13806,1148159,247185,900974,46186,1174796
2002:Q3,3096826,868220,2228606,3069497,50049,28351,42835,202850,604191,202210,401981,84912,114976,1057,6895,72155,9598,62557,87514,11021,76493,103439,56935,46504,17255,15000,2255,151652,124965,90377,34588,119239,0,119239,5949,2209,25025,778,-3337,1423,13772,1211343,262250,949093,27329,1190508
2002:Q4,3181716,888741,2292975,3178311,3874,31354,42837,210159,629406,226682,402724,95557,116699,1490,7838,77966,11740,66226,95034,11370,83664,98904,51169,47735,17430,15000,2430,144525,146058,112489,33569,121054,0,121054,5073,2057,25729,813,2574,1301,15081,1285498,268918,1016580,3405,1218337
2003:Q1,3293980,955018,2338962,3288411,92331,34525,43351,210049,641464,232706,408758,98536,44507,1621,7882,79434,12901,66533,95019,12680,82339,106624,57454,49170,17663,15000,2663,148527,153646,113049,40597,129128,0,129128,5125,1614,25256,1087,11909,1168,15067,1322878,283025,1039853,5569,1147512
2003:Q2,3356764,927754,2429010,3357136,78466,36575,43866,212145,652118,238965,413153,87902,44497,1972,9059,83421,16783,66638,92715,12048,80667,111418,63601,47817,17695,15000,2695,161290,149295,109187,40108,135224,0,135224,5304,1367,25477,2062,-27585,2369,15221,1415263,287617,1127646,-372,1201770
2003:Q3,3438700,918196,2520504,3424786,72762,35355,44380,218934,656116,241533,414583,92410,39872,2337,9795,86829,19609,67220,91036,13108,77928,108321,60711,47610,18421,16138,2283,145602,138729,105395,33334,131249,0,131249,5463,1860,23967,2451,-3729,3010,15280,1484336,284745,1199591,13914,1236906
2003:Q4,3553832,928768,2625064,3478628,81160,33690,44895,231661,666665,244833,421832,105691,33412,2480,9311,90827,22545,68282,84151,8891,75260,113112,65515,47597,18438,16222,2216,141252,134678,101022,33656,132725,0,132725,5509,2147,13462,2088,449,2745,14556,1513524,290919,1222605,75204,1269337
2004:Q1,3702839,984940,2717899,3637084,87651,34925,46220,241646,674084,246539,427545,112564,36540,2796,9364,94991,24264,70727,86076,8563,77513,110091,62426,47665,18410,16252,2158,143710,128580,93627,34953,116206,0,116206,6864,3108,13049,3310,-7884,2163,14534,1658086,315465,1342621,65755,1242134
2004:Q2,3736774,946759,2790015,3643921,42684,34008,47545,237796,687391,254295,433096,110060,33488,3700,10294,97249,25183,72066,86110,6715,79395,111054,62732,48322,18215,16248,1967,134943,105120,84438,20682,142725,0,142725,7198,3740,13724,4263,-89329,2425,13752,1785766,321065,1464701,92853,1257849
2004:Q3,3822244,961449,2860795,3739134,-6263,31880,48870,260745,700341,258804,441537,90719,34385,3217,8971,104838,31290,73548,86957,5723,81234,108814,59407,49407,17635,15562,2073,143825,102957,82378,20579,148533,0,148533,7547,4191,13024,5298,-27190,1564,13319,1834957,335429,1499528,83110,1270837
2004:Q4,3919926,1001189,2918737,3765485,64140,34014,50195,244588,717819,262970,454849,82612,27725,3836,9323,110862,36366,74496,86542,3728,82814,108228,58574,49654,17041,14608,2433,153823,104984,84993,19991,150732,0,150732,7661,5005,12860,7554,-62545,1986,12947,1813553,323668,1489885,154441,1306696
2005:Q1,4062682,1055765,3006917,3898579,18541,49230,51689,247925,717326,263005,454321,95664,32173,4034,8712,112239,37743,74496,90057,4629,85428,109570,59471,50099,16993,14597,2396,166952,105476,77689,27787,154161,0,154161,7718,7286,13033,11974,-45074,1588,13232,1908080,314895,1593185,164103,1317237
2005:Q2,3992064,920023,3072041,3841419,-30945,52929,53184,265267,724722,265015,459707,85262,27352,3497,8782,110515,37086,73429,93522,4461,89061,110449,60297,50152,17125,14606,2519,171517,90842,65192,25650,155408,0,155408,8134,7946,12569,16444,-77454,2381,13123,1918848,283765,1635083,150645,1341178
2005:Q3,4044797,910323,3134474,3883055,-62475,48484,54679,294029,736360,269758,466602,84144,27529,3335,8291,112052,38467,73585,97764,4879,92885,111797,60714,51083,17422,14929,2493,157240,87188,59100,28088,164423,0,164423,7831,8952,12814,22331,-89334,2410,13214,1962575,259377,1703198,161742,1375343
2005:Q4,4143058,960701,3182357,3904489,-118249,52117,56174,299045,744215,271270,472945,76496,27843,3935,8075,110702,38993,71709,100671,4741,95930,111423,60001,51422,17506,14942,2564,162596,90359,71173,19186,171557,0,171557,7784,9691,13069,28748,-69937,1121,15157,1984391,264728,1719663,238569,1417882
2006:Q1,4297584,1039036,3258548,4028811,-4259,50010,56213,288201,758542,275370,483172,74201,24043,4034,8339,109233,35867,73366,99470,4845,94625,125213,103989,21224,17464,14966,2498,151826,86503,66125,20378,169426,0,169426,7196,9857,13435,34416,-66554,2675,15150,1994177,283078,1711099,268773,1405590
2006:Q2,4211505,913803,3297702,3916247,-64939,44880,56252,302721,766364,275370,490994,78373,26992,3726,8059,106484,31629,74855,97229,4721,92508,125483,104206,21277,17404,14947,2457,148982,81491,59913,21578,162940,0,162940,7526,11517,13758,39718,-116715,2689,15102,1980211,253270,1726941,295258,1421386
2006:Q3,4257879,908474,3349405,4012650,-96921,44794,56291,320347,768924,277019,491905,70296,29877,3298,8134,108582,32624,75958,95195,5085,90110,130414,108294,22120,17383,14799,2584,153858,73141,52821,20320,168127,0,168127,7728,12045,13971,47036,-93890,2323,15155,2056542,244681,1811861,245229,1433564
2006:Q4,4297561,940772,3356789,4051465,-199683,45463,56329,339339,778915,277019,501896,74411,26795,3687,7664,112564,35067,77497,91557,5215,86342,131590,109263,22327,17508,14843,2665,157228,84451,64677,19774,173246,0,173246,7809,12883,14247,52455,-83443,2566,17706,2126178,253331,1872847,246096,1482853
2007:Q1,4423714,1029109,3394605,4192288,-189651,39167,57082,362192,780901,277019,503882,77624,31250,3147,7210,104479,31445,73034,87854,4409,83445,132726,109763,22963,17587,14856,2731,146314,93210,66650,26560,180427,0,180427,7637,13832,14526,60362,-76461,766,18111,2221996,279615,1942381,231426,1493930
2007:Q2,4294495,865668,3428827,4036600,-255251,33119,57834,352756,790522,277019,513503,75919,23261,3161,7473,92294,23978,68316,84091,3831,80260,131281,108127,23154,17575,14889,2686,162417,91642,63003,28639,179473,0,179473,6995,15794,14837,69872,-131117,848,18159,2193645,228764,1964881,257895,1502332
2007:Q3,4403060,954607,3448453,4201496,-290267,38968,58587,375462,779632,267019,512613,78066,30131,2211,8760,82978,19563,63415,80115,2975,77140,135527,111185,24342,18755,15906,2849,160898,130326,100051,30275,176449,0,176449,7002,17664,15050,78632,-50421,721,17878,2248372,262209,1986163,201564,1515927
2007:Q4,4493689,999547,3494142,4356078,-316439,38319,59339,379955,740611,227841,512770,80056,30403,1834,10630,74536,16647,57889,75683,2606,73077,140096,114498,25598,18824,15865,2959,148802,181813,139679,42134,185444,0,185444,6355,20789,15547,80024,-23010,7177,22848,2376442,302698,2073744,137611,1557487
2008:Q1,4691656,1153879,3537777,4635398,-209229,27239,57456,378867,591234,92985,498249,70102,37557,1405,9841,75784,17321,58463,87166,6291,80875,143945,114007,29938,19267,15730,3537,146695,302500,250825,51675,190110,0,190110,6295,22318,15716,79286,-4738,6424,23625,2556533,355671,2200862,56258,1544339
2008:Q2,4656134,1055697,3600437,4508761,-186389,28797,55572,377123,478841,21740,457101,54409,35024,1207,10649,73764,14756,59008,99184,10415,88769,138548,106085,32463,19046,15699,3347,142011,289666,244055,45611,172832,0,172832,5887,23387,24046,74828,-32117,11960,22986,2587500,376743,2210757,147373,1537950
2008:Q3,5192997,1484332,3708665,5092605,-86053,25505,53689,369825,476627,18423,458204,74468,30819,1192,10339,70855,11585,59270,109168,12662,96506,139402,103080,36322,19557,16169,3388,140704,470378,414568,55810,192794,0,192794,5479,27033,24580,72196,-13148,13796,29521,2833879,504793,2329086,100392,1546831
2008:Q4,5757055,1861187,3895868,5861700,51771,30455,51806,354892,475921,18423,457498,56362,35508,1190,9285,71100,11194,59906,120032,21685,98347,148919,106448,42471,19351,15745,3606,143751,590959,489744,101215,200790,0,200790,4310,27785,25092,69366,64620,3127,52334,3252974,758010,2494964,-104645,1596416
2009:Q1,6227207,2027691,4199516,6256162,239917,41105,50390,342504,492323,18423,473900,74644,41281,847,8897,76609,13016,63593,132570,24344,108226,149354,104505,44849,19038,15578,3460,144548,532664,444322,88342,231114,0,231114,4261,32941,29184,65841,83280,565,44446,3417839,858614,2559225,-28955,1570412
2009:Q2,6571808,2000458,4571350,6458730,185691,41890,48975,372698,656466,18423,638043,87285,33226,768,13061,80633,13017,67616,134572,21805,112767,147669,101158,46511,16973,13627,3346,148094,500464,411284,89180,251445,0,251445,4502,36921,38460,61151,85504,7080,43219,3461983,856841,2605142,113078,1568812
2009:Q3,6968783,1986173,4982610,6882733,367730,40835,47560,388578,769160,18423,750737,124989,55258,689,13713,85931,14177,71754,135998,18469,117529,154098,103478,50620,18608,15044,3564,147530,435474,344576,90898,282798,0,282798,4748,39843,41827,57192,38616,4196,41505,3585857,862615,2723242,86050,1565523
2009:Q4,7232689,1787913,5444776,7063002,451415,42964,46145,397131,776588,18423,758165,124473,57468,496,14770,92611,16294,76317,137207,15020,122187,155555,102450,53105,19643,15091,4552,148707,414572,324892,89680,286678,0,286678,5151,43267,44730,53463,43261,5846,30264,3670597,750437,2920160,169687,1626461
2010:Q1,7714997,1838020,5876977,7548718,558899,42376,46624,409395,776705,18423,758282,188737,58044,904,16319,91372,14147,77225,143392,14028,129364,166612,106593,60019,19850,15213,4637,155670,379203,309693,69510,336521,0,336521,5767,47878,98119,51401,58615,5821,28792,3861702,725805,3135897,166279,1605151
2010:Q2,8059428,1777032,6282396,8052569,802627,45011,47104,400847,776989,18423,758566,187866,54654,1284,18057,92198,13779,78419,150112,13012,137100,183910,114737,69173,18271,13287,4984,155945,356585,279299,77286,394772,0,394772,5821,52999,108089,46346,50268,5039,28040,4069735,726862,3342873,6859,1609184
2010:Q3,8457152,1783675,6673477,8526439,828153,46889,47583,421134,811669,18423,793246,226228,67534,1118,11870,95107,15568,79539,157399,12036,145363,198338,120998,77340,18754,13215,5539,151059,314578,236518,78060,414248,0,414248,6028,52991,107868,43746,50423,17264,27278,4409180,747492,3661688,-69287,1618125
2010:Q4,8822662,1768931,7053731,8714000,679475,48024,48062,437873,1021493,18423,1003070,217511,60943,1062,20120,96734,15998,80736,165319,11375,153944,202198,120772,81426,19660,13345,6315,153738,380546,281326,99220,417386,46498,370888,5931,52070,91551,40057,50578,19700,25145,4458824,710280,3748544,108662,1681739
2011:Q1,9090815,1694692,7396123,8935297,533758,41312,48273,435168,1340446,18423,1322023,216057,66145,1063,21659,98999,17300,81699,173175,10750,162425,209176,127499,81677,19563,13387,6176,157095,369324,255659,113665,399064,66544,332520,6012,54049,96369,35243,31904,16133,24430,4540880,664932,3875948,155518,1659374
2011:Q2,9295140,1529417,7765723,9221670,413092,48750,48484,426858,1619538,18423,1601115,183289,63637,1587,21853,98391,16355,82036,180211,9874,170337,221475,137442,84033,18128,11557,6571,166981,363175,252414,110761,400045,40583,359462,6079,57891,93663,33184,30458,8991,25348,4690562,641382,4049180,73470,1461063
2011:Q3,9588341,1475557,8112784,9790719,568476,40857,48695,420165,1664660,18423,1646237,191729,58148,935,22504,98025,14835,83190,190922,12043,178879,242590,152892,89698,18116,10934,7182,152056,402652,269786,132866,400788,40375,360413,5998,60915,99527,31021,48323,20434,28784,4974399,635127,4339272,-202378,1663621
2011:Q4,9906085,1519462,8386623,10121603,585778,42968,48906,444052,1663446,18423,1645023,173851,60481,1031,17528,105439,18092,87347,204384,17552,186832,251646,160857,90789,19057,11009,8048,142217,496874,287303,209571,469317,38328,430989,5988,62397,113279,29879,130705,26848,21178,5004354,647673,4356681,-215518,1735897
2012:Q1,10306692,1672607,8634085,10620928,537414,38931,49910,444196,1892042,18422,1873620,189269,71572,606,20357,102628,15126,87502,205372,13973,191399,258532,164120,94412,19488,11139,8349,181555,544720,342856,201864,525623,55593,470030,6146,62156,117165,27618,129563,31423,19582,5145060,634173,4510887,-314236,1717980
2012:Q2,10490548,1594427,8896121,10990305,697245,38547,50914,445298,1964773,18422,1946351,215381,60925,1075,20067,99840,14724,85116,203903,14733,189170,276545,174471,102074,18762,9657,9105,191115,489640,283110,206530,537758,54457,483301,6154,67485,89445,26288,152726,7296,18252,5310871,630097,4680774,-499757,1738589
2012:Q3,10723156,1613026,9110130,11214655,636580,39439,51918,464704,1967526,0,1967526,231081,77911,709,20931,97342,15799,81543,205488,12813,192675,288307,180858,107449,18776,9284,9492,182197,513720,289623,224097,609054,55936,553118,6331,63442,85032,24307,127128,10776,19240,5472716,679051,4793665,-491499,1755559
2012:Q4,11027944,1626480,9401464,11439732,738757,39437,52922,459727,1974315,0,1974315,246209,76601,206,19312,94817,14712,80105,208410,12041,196369,297816,185835,111981,18759,9305,9454,185479,510255,311922,198333,559231,55298,503933,6231,64042,82016,23491,184532,7953,17732,5571482,661654,4909828,-411788,1795005
2013:Q1,11373129,1788158,9584971,11719139,728379,32639,53481,482580,2098312,0,2098312,232851,79539,172,19218,95353,16368,78985,199170,9709,189461,295615,184120,111495,18226,9360,8866,196704,531816,320744,211072,581226,56768,524458,6702,63292,83397,21561,147442,9094,21059,5721311,720235,5001076,-346010,1797897
2013:Q2,11368166,1568076,9800090,11407804,639770,37330,54041,484185,2143888,0,2143888,194774,68763,62,20100,94414,16382,78032,191809,8885,182924,287120,178488,108632,16070,7905,8165,192468,498739,253244,245495,536196,52509,483687,6621,62675,84463,21656,134148,18072,25423,5595017,675367,4919650,-39638,1698080
2013:Q3,11563589,1527909,10035680,11554171,610055,37376,54600,491627,2262042,0,2262042,187210,70812,261,19555,96145,19111,77034,185253,9308,175945,285496,177139,108357,15557,7880,7677,187458,526649,298291,228358,495211,53186,442025,6516,62798,91779,20900,150170,16541,27340,5652820,645031,5007789,9418,1554727
2013:Q4,11834187,1590563,10243624,11668817,507972,38822,55159,513654,2341336,0,2341336,216907,68553,785,19112,100831,24491,76340,178422,8415,170007,281413,174266,107147,25774,17266,8508,181275,547316,342465,204851,472816,43138,429678,6404,55716,68434,22297,123718,15908,33577,5792616,685527,5107089,165370,1846453
2014:Q1,12098504,1650233,10448271,12034426,422393,38909,55668,524194,2494381,0,2494381,263820,67722,931,20401,99766,22904,76862,185171,8153,177018,287664,177523,110141,25082,17262,7820,184304,525350,331793,193557,579551,51077,528474,6532,57484,74835,22379,100047,15650,33881,5948311,689327,5258984,64078,1832044
2014:Q2,12047511,1386402,10661109,12096217,317395,40664,56178,521641,2614159,0,2614159,298977,66959,449,21296,103453,25898,77555,192604,8250,184354,293805,180705,113100,24006,15914,8092,198331,427503,213281,214222,592685,37211,555474,6671,61570,74363,22579,89257,20667,32312,6018693,627612,5391081,-48706,1839455
2014:Q3,12255772,1409628,10846144,12280784,260494,41380,56688,509229,2662378,0,2662378,359535,61707,886,26236,106597,27847,78750,200011,8911,191100,296560,181800,114760,24053,15990,8063,198738,446312,263512,182800,660802,37581,623221,6537,62050,75065,25471,64616,21681,44607,6069151,614066,5455085,-25012,1861636
2014:Q4,12480854,1456692,11024162,12614030,277324,41679,57197,529982,2736293,0,2736293,422563,57799,988,21589,108314,27951,80363,207502,10109,197393,304867,186300,118567,24600,15952,8648,199249,484687,262263,222424,682894,32784,650110,6391,67498,74538,27628,54200,13125,55157,6157966,671641,5486325,-133176,1935826
2015:Q1,12606703,1476540,11130163,12858549,397092,34613,58363,551543,2773131,0,2773131,426808,56965,1126,22917,106520,26689,79831,207410,9171,198239,304967,186236,118731,24832,15943,8889,176744,508750,251615,257135,709433,32472,676961,6369,70784,80222,28234,69101,9612,60382,6172631,702290,5470341,-251846,1828155
2015:Q2,12670654,1393162,11277492,12684186,385749,32123,59529,553038,2682775,0,2682775,426408,58466,1484,23269,105629,25476,80153,207511,8079,199432,294125,179489,114636,23399,14618,8781,185671,444548,214772,229776,725560,33584,691976,6215,70774,79327,29197,59714,8409,58125,6163141,701278,5461863,-13532,1682747
2015:Q3,12812842,1355231,11457611,12953607,594628,31503,60694,549831,2720453,0,2720453,425556,55855,1847,22870,104944,24918,80026,210583,8983,201600,294529,179608,114921,23072,14314,8758,170999,435774,191762,244012,789089,43394,745695,6103,85189,86443,28900,72445,12270,64145,6105885,667144,5438741,-140765,1563878
2015:Q4,13168996,1511030,11657966,13146041,600547,37425,61860,578695,2675909,0,2675909,435026,70949,2036,29220,104148,23837,80311,211556,7524,204032,286719,174717,112002,26041,17018,9023,174546,530292,244362,285930,826586,44403,782183,5834,80254,96384,28866,77314,9425,50188,6146221,724731,5421490,22955,1972076
2016:Q1,13407102,1614378,11792724,13669583,724076,45979,62137,582047,2757311,0,2757311,442010,80296,2102,28496,107587,23849,83738,217140,9356,207784,300117,181383,118734,26320,17006,9314,170358,606063,299018,307045,844046,43864,800182,5839,92311,98091,27860,102212,9195,53556,6284434,726608,5557826,-262481,1970214
2016:Q2,13391647,1504987,11886660,13841050,778641,35391,62415,585809,2806334,0,2806334,455543,90299,2451,23383,110845,25132,85713,228626,10795,217831,310075,185931,124144,24772,15035,9737,184977,555988,226243,329745,913024,49116,863908,4205,92180,97967,25566,110477,8232,54797,6279053,688156,5590897,-449403,1993504
2016:Q3,13621965,1644759,11977206,13969985,762547,39201,62692,601653,2780236,0,2780236,495322,99043,2276,23250,117808,31547,86261,233297,12811,220486,312739,186084,126655,24996,15041,9955,203821,709170,342006,367164,943016,56391,886625,4229,92529,111354,21784,117027,6944,49176,6155875,698788,5457087,-348020,2021969
2016:Q4,13880222,1815667,12064555,13731788,690554,41185,62970,607550,2640706,0,2640706,528382,94049,3052,28610,114900,32303,82597,225422,13838,211584,304124,179540,124584,24556,15033,9523,218760,850977,450659,400318,904100,58628,845472,3620,92939,109842,20462,103427,9033,49771,6002797,668867,5333930,148434,2103610
2017:Q1,13923005,1754818,12168187,13776060,666218,38683,64482,618370,2643568,0,2643568,525187,88429,3813,28221,119869,36657,83212,228881,14479,214402,316008,188345,127663,24640,15064,9576,239543,786773,417465,369308,924723,57251,867472,3661,102330,105835,15903,117800,11727,26062,6075334,669184,5406150,146945,1950754
2017:Q2,13965794,1715829,12249965,13880145,711720,42263,65994,618612,2657025,0,2657025,478352,91364,4159,28159,127018,41491,85527,232135,14316,217819,329745,198255,131490,23254,13529,9725,262833,662297,351494,310803,979828,58364,921464,3677,107952,102384,12065,142329,18435,26639,6151906,673004,5478902,85649,1832515
2017:Q3,14156063,1799570,12356493,14052382,633623,42195,67507,623651,2651193,0,2651193,480546,84293,3770,28027,136316,48620,87696,234433,14514,219919,340841,206588,134253,23493,13449,10044,266534,695020,415269,279751,1040876,66372,974504,3697,116995,96869,11474,128816,13819,26455,6301939,682136,5619803,103681,2074675
2017:Q4,14434589,1952521,12482068,14200945,649562,71295,69019,642514,2633008,0,2633008,484410,97401,4953,29256,149607,58782,90825,234799,13447,221352,350889,214283,136606,23955,13482,10473,289412,756197,504476,251721,1090830,86131,1004699,3735,119572,100332,12290,120651,20632,35347,6211279,703141,5508138,233644,1996277
2018:Q1,14894690,2284417,12610273,14470410,805897,67136,69311,631159,2555722,0,2555722,479962,97045,6121,29610,140209,49954,90255,233244,11487,221757,351012,213921,137091,23595,13444,10151,300086,951188,701981,249207,1093359,95591,997768,3650,128720,110351,13631,97496,25024,33448,6223434,717150,5506284,424280,2151265
2018:Q2,14933718,2157412,12776306,14468580,888448,60598,69604,647660,2495040,0,2495040,487754,107764,6577,30050,134635,43632,91003,232076,10144,221932,355964,216510,139454,22439,12319,10120,307321,788105,532478,255627,1111114,94980,1016134,3634,145298,120827,14669,144787,30930,38271,6225015,750747,5474268,465138,2156967
2018:Q3,15227623,2239473,12988150,14617389,1063981,52529,69896,658914,2395142,100,2395042,496399,113414,9471,30202,135415,43114,92301,232361,10019,222342,358044,217354,140690,22146,12075,10071,301734,826306,566962,259344,1127290,98967,1028323,3608,150500,124828,18638,126117,32541,42017,6225896,715577,5510319,610234,2190176
2018:Q4,15566216,2339374,13226842,15178878,1200123,54404,70188,647023,2337994,0,2337994,569784,125581,10243,31070,156818,46186,110632,209382,8997,200385,371912,225359,146553,22326,11921,10405,367854,945064,641047,304017,1146356,93214,1053142,3471,176141,120042,20423,250357,32993,39199,6270130,746676,5523454,387338,2275870
2019:Q1,15888708,2479407,13409301,15690706,1350855,62347,70658,690699,2330158,0,2330158,563840,128036,11299,33835,157367,49263,108104,209461,9576,199885,390904,237652,153252,22897,11999,10898,357618,1010338,686625,323713,1175247,60597,1114650,3593,190324,128778,24301,235078,32485,36589,6473999,765441,5708558,198002,2017557
2019:Q2,15884286,2250354,13633932,15987023,1502094,56379,71128,703540,2315006,5,2315001,592153,129624,14426,34243,156967,44368,112599,212370,10305,202065,413608,252214,161394,22066,10499,11567,386491,829281,515174,314107,1204069,55243,1148826,3650,211366,144310,26530,255805,37746,38311,6625860,707819,5918041,-102737,1930002
2019:Q3,16303690,2376370,13927320,16786438,1552101,56134,71597,713018,2366457,5958,2360499,674495,132339,14042,34938,152370,36966,115404,220306,10211,210095,434030,265402,168628,22562,10369,12193,343279,1048004,686757,361247,1268218,56057,1212161,3503,222946,159283,29094,215613,53560,38259,6960290,763188,6197102,-482748,2267991
2019:Q4,16628907,2416417,14212490,16923822,1400835,63629,72067,715392,2540730,168479,2372251,704089,121077,16604,37545,153395,37367,116028,221364,9637,211727,440034,269786,170248,23262,10424,12838,333436,1122598,675812,446786,1287015,45302,1241713,3171,227645,175753,33034,214060,55810,43455,6917822,716057,6201765,-294915,2389780
2020:Q1,17115829,2657089,14458740,18436261,1227069,91502,72356,777742,3757408,325925,3431483,724397,116448,14679,38741,163303,46912,116391,239314,15578,223736,476895,288811,188084,23379,10142,13237,330431,1358143,844841,513302,1140897,39757,1101140,2672,258336,194456,32025,232702,53359,50109,7059898,729509,6330389,-1320432,2402595
2020:Q2,19867035,5078833,14788202,21156520,1088217,111208,72645,945604,4807860,325926,4481934,926651,117089,17602,42165,167722,62905,104817,241193,14750,226443,473282,283051,190231,22708,8699,14009,290066,2564674,2142901,421773,1127893,44609,1083284,2848,265135,257003,30568,268351,54426,62266,7199344,1040649,6158695,-1289485,2503628
2020:Q3,20340181,5028127,15312054,21561037,1087695,94063,72933,953081,5055969,325972,4729997,1019718,108981,15115,43372,171573,69414,102159,248682,19630,229052,469582,277269,192313,23167,8412,14755,317957,2493606,2120562,373044,1228371,44290,1184081,2937,269829,279059,29531,213382,53941,55265,7253228,1017297,6235931,-1220856,2560247
2020:Q4,20946158,4963056,15983102,21952909,1148406,72901,73222,996115,5254556,325974,4928582,1044445,99845,13798,45509,157487,51856,105631,246579,16046,230533,461231,268771,192460,23939,8491,15448,354404,2465928,2075254,390674,1315725,54988,1260737,2965,270617,259236,30315,215152,61639,47329,7291566,1027314,6264252,-1006751,2654695
2021:Q1,21347365,4667846,16679519,21576715,700406,60954,70527,977940,5273242,326023,4947219,1111331,86238,15334,50808,164659,54727,109932,233001,12800,220201,453311,262998,190313,22858,8548,14310,345802,2583204,2098804,484400,1365256,48477,1316779,2956,274577,224867,28571,95505,84232,55216,7295920,966499,6329421,-229350,2595617
2021:Q2,21699043,4273670,17425373,22169404,514035,55627,70698,1190917,5596511,326006,5270505,1195809,83821,15521,51459,186735,61825,124910,240222,11725,228497,476849,275543,201306,21715,7387,14328,395522,2288119,1784049,504070,1487334,42939,1444395,3079,293253,210861,27427,113029,86512,45469,7518880,926747,6592133,-470361,2602490
2021:Q3,21846135,3712952,18133183,22242981,640591,73636,69856,1267153,5831294,326008,5505286,1297600,85544,18351,55019,186295,56010,130285,243425,11249,232176,491405,282884,208521,21305,7188,14117,390732,1694672,1130657,564015,1540207,41619,1498588,3085,305776,205097,28736,93490,83824,44992,7570896,928382,6642514,-396846,2403775
2021:Q4,22557536,3767964,18789572,22935572,435654,79668,71280,1330976,6052055,325929,5726126,1472289,86906,19602,62556,187875,54314,133561,237092,9663,227429,507815,291299,216516,22166,7221,14945,414170,1814671,1197085,617586,1593978,57409,1536569,3081,332052,202365,31856,98990,92611,45494,7740370,987410,6752960,-378036,2727161
2022:Q1,23246108,3927254,19318854,22588726,671454,74676,67476,1301731,5851446,325439,5526007,1471292,89394,19589,74030,164906,37208,127698,214871,11159,203712,481849,275325,206524,21013,7165,13848,382641,1759444,1155496,603948,1528334,53420,1474914,2893,336294,210412,34483,83399,99788,42911,7604400,1008398,6596002,657382,2770366
2022:Q2,23253368,3522601,19730767,21883479,668293,80177,69425,1447296,5563801,324467,5239334,1488523,95983,23045,79520,172679,44668,128011,198407,11996,186411,474172,265613,208559,18400,5839,12561,369397,1458999,902540,556459,1427826,45799,1382027,3509,362617,180578,35695,89536,120585,38073,7416943,895437,6521506,1369889,2797292
2022:Q3,23616710,3643675,19973035,21363079,1052536,79168,70852,1420213,5186546,307407,4879139,1407747,92545,26775,79118,182900,50250,132650,188830,15742,173088,478063,263546,214517,17226,5546,11680,339640,1256135,766964,489171,1345823,22163,1323660,2372,381459,168255,36312,126978,130572,41506,7251508,919610,6331898,2253631,2852032
2022:Q4,23844978,3696169,20148809,21648629,1463172,88981,71917,1463369,5056405,286373,4770032,1388880,89538,23497,78355,212928,68038,144890,183110,17594,165516,508886,275819,233067,17964,5578,12386,327169,1064015,602022,461993,1349853,12703,1337150,2353,400630,155618,36411,170650,133582,42835,7318511,949988,6368523,2196349,2986599
2023:Q1,24282042,4067536,20214506,22488337,1924096,89920,71957,1548680,4960204,277890,4682314,1300967,92314,22952,76692,223298,72829,150469,184415,17637,166778,563293,305813,257480,18474,5597,12877,365371,1040799,665210,375589,1369594,15822,1353772,2353,451603,149819,36357,265859,122940,48233,7558147,962621,6595526,1793705,2673619
2023:Q2,24772373,4465683,20306690,22639304,2109994,103416,72767,1548310,4702866,266055,4436811,1235187,98823,22835,77490,227222,75515,151707,182125,19030,163095,592236,322593,269643,19250,6254,12996,361463,1243962,888460,355502,1345641,12619,1333022,2304,460636,151464,34452,257941,121945,59129,7607846,949629,6658217,2133069,2975645
2023:Q3,25630167,5259329,20370838,22893941,2236629,108248,73488,1504131,4367410,236022,4131388,1240943,89991,22472,74991,255303,101024,154279,172429,19384,153045,576096,311586,264510,18500,6129,12371,377469,1767115,1422356,344759,1318740,12038,1306702,2183,469061,150868,33192,248129,126764,55744,7604045,1060894,6543151,2736226,3018918
2023:Q4,26226569,5674825,20551744,24423634,2385185,101812,73353,1588768,4403083,214361,4188722,1329208,93542,21652,70033,263204,96550,166654,180916,18772,162144,610737,330327,280410,19337,6174,13163,416398,2269494,1865972,403522,1377475,12830,1364645,2095,502334,163590,31432,269210,132379,62315,8056082,1082660,6973422,1802935,3225064
2024:Q1,26808608,6061736,20746872,24761127,2416088,108227,73711,1572072,4176260,192883,3983377,1423644,100634,23109,67326,286106,122393,163713,183761,19081,164680,612003,327853,284150,19283,6189,13094,430935,2563670,2136436,427234,1387742,13205,1374537,2068,504597,159058,29188,304324,123282,58060,8135979,1066545,7069434,2047481,3210647
