date,LM263192101.Q,LM103092105.Q,LM763092100.Q,LM513092103.Q,LM543092173.Q,LM613092103.Q,LM663092103.Q,LM733092103.Q,LM103192105.Q,LM115114103.Q,LM753192103.Q,LM513192103.Q,LM543192173.Q,LM613192103.Q,LM663192103.Q,LM733192103.Q,LM503192103.Q,LM263092101.Q,LM263192005.Q,LM263092001.Q
1945:Q4,6946,6718,22,60,93,23,30,0,1184,44,140,251,218,17,136,0,0,1990,7227,2507
1946:Q1,ND,ND,ND,ND,ND,ND,ND,ND,ND,ND,ND,ND,ND,ND,ND,ND,ND,ND,ND,ND
1946:Q2,ND,ND,ND,ND,ND,ND,ND,ND,ND,ND,ND,ND,ND,ND,ND,ND,ND,ND,ND,ND
1946:Q3,ND,ND,ND,ND,ND,ND,ND,ND,ND,ND,ND,ND,ND,ND,ND,ND,ND,ND,ND,ND
1946:Q4,6946,6700,25,63,97,27,34,0,1176,44,141,252,219,17,138,0,0,1987,7227,2503
1947:Q1,ND,ND,ND,ND,ND,ND,ND,ND,ND,ND,ND,ND,ND,ND,ND,ND,ND,ND,ND,ND
1947:Q2,ND,ND,ND,ND,ND,ND,ND,ND,ND,ND,ND,ND,ND,ND,ND,ND,ND,ND,ND,ND
1947:Q3,ND,ND,ND,ND,ND,ND,ND,ND,ND,ND,ND,ND,ND,ND,ND,ND,ND,ND,ND,ND
1947:Q4,8041,7774,28,67,101,32,39,0,1247,44,144,254,220,17,140,0,0,2066,8366,2603
1948:Q1,ND,ND,ND,ND,ND,ND,ND,ND,ND,ND,ND,ND,ND,ND,ND,ND,ND,ND,ND,ND
1948:Q2,ND,ND,ND,ND,ND,ND,ND,ND,ND,ND,ND,ND,ND,ND,ND,ND,ND,ND,ND,ND
1948:Q3,ND,ND,ND,ND,ND,ND,ND,ND,ND,ND,ND,ND,ND,ND,ND,ND,ND,ND,ND,ND
1948:Q4,9251,8959,31,71,105,38,47,0,1386,48,145,256,221,17,139,0,0,2212,9625,2787
1949:Q1,ND,ND,ND,ND,ND,ND,ND,ND,ND,ND,ND,ND,ND,ND,ND,ND,ND,ND,ND,ND
1949:Q2,ND,ND,ND,ND,ND,ND,ND,ND,ND,ND,ND,ND,ND,ND,ND,ND,ND,ND,ND,ND
1949:Q3,ND,ND,ND,ND,ND,ND,ND,ND,ND,ND,ND,ND,ND,ND,ND,ND,ND,ND,ND,ND
1949:Q4,10284,9963,35,75,109,47,55,0,1499,49,146,258,223,17,142,0,0,2334,10700,2941
1950:Q1,ND,ND,ND,ND,ND,ND,ND,ND,ND,ND,ND,ND,ND,ND,ND,ND,ND,ND,ND,ND
1950:Q2,ND,ND,ND,ND,ND,ND,ND,ND,ND,ND,ND,ND,ND,ND,ND,ND,ND,ND,ND,ND
1950:Q3,ND,ND,ND,ND,ND,ND,ND,ND,ND,ND,ND,ND,ND,ND,ND,ND,ND,ND,ND,ND
1950:Q4,11330,10976,40,79,114,57,64,0,1848,57,148,260,225,17,136,0,0,2691,11788,3391
1951:Q1,ND,ND,ND,ND,ND,ND,ND,ND,ND,ND,ND,ND,ND,ND,ND,ND,ND,ND,ND,ND
1951:Q2,ND,ND,ND,ND,ND,ND,ND,ND,ND,ND,ND,ND,ND,ND,ND,ND,ND,ND,ND,ND
1951:Q3,ND,ND,ND,ND,ND,ND,ND,ND,ND,ND,ND,ND,ND,ND,ND,ND,ND,ND,ND,ND
1951:Q4,12474,12078,48,83,121,68,76,0,2050,62,149,263,228,17,134,0,0,2903,12979,3658
1952:Q1,12838,12442,48,83,121,68,76,0,2093,63,149,263,228,17,136,0,0,2949,13357,3716
1952:Q2,13410,13002,50,85,123,71,79,0,2148,63,152,264,229,18,137,0,0,3011,13953,3794
1952:Q3,13709,13289,52,86,125,74,83,0,2185,64,154,265,229,19,139,0,0,3055,14264,3849
1952:Q4,14148,13706,57,86,130,80,89,0,2227,67,158,279,241,18,141,0,0,3131,14721,3945
1953:Q1,14520,14065,59,88,132,83,93,0,2295,67,160,279,242,19,144,0,0,3206,15108,4040
1953:Q2,14940,14472,61,90,134,86,97,0,2314,68,163,280,244,20,148,0,0,3237,15545,4079
1953:Q3,15307,14825,63,92,136,90,101,0,2377,70,167,281,245,21,151,0,0,3312,15926,4173
1953:Q4,15621,15124,66,92,139,94,106,0,2434,72,164,290,252,19,143,0,0,3374,16253,4251
1954:Q1,15920,15408,68,94,141,98,111,0,2489,73,167,291,253,20,147,0,0,3440,16564,4334
1954:Q2,16329,15801,71,96,144,102,115,0,2559,75,170,292,255,21,150,0,0,3522,16990,4438
1954:Q3,16546,16001,74,98,147,106,120,0,2631,76,172,293,256,21,153,0,0,3602,17216,4538
1954:Q4,16945,16373,78,109,149,111,125,0,2619,79,185,326,283,21,164,0,0,3677,17631,4633
1955:Q1,17246,16656,81,111,152,115,131,0,2696,80,187,327,284,22,167,0,0,3763,17944,4741
1955:Q2,17751,17144,84,112,155,120,136,0,2780,82,190,329,286,23,171,0,0,3861,18469,4865
1955:Q3,18119,17493,87,114,158,125,142,0,2848,83,194,330,287,24,175,0,0,3941,18852,4966
1955:Q4,18641,17992,91,118,161,131,148,0,2870,87,202,357,310,24,179,0,0,4029,19395,5076
1956:Q1,19204,18536,94,120,163,136,155,0,2954,88,206,359,311,25,183,0,0,4126,19981,5199
1956:Q2,19875,19186,98,123,166,141,161,0,3030,90,208,360,312,25,186,0,0,4211,20679,5306
1956:Q3,20702,19990,102,126,169,147,168,0,3098,91,210,360,313,26,188,0,0,4286,21540,5400
1956:Q4,21630,20894,108,128,172,154,174,0,3148,94,207,365,317,25,177,0,0,4333,22505,5459
1957:Q1,22240,21482,111,130,175,160,182,0,3182,94,210,366,317,25,181,0,0,4375,23140,5513
1957:Q2,23462,22680,116,133,178,166,189,0,3228,95,210,367,318,25,184,0,0,4427,24411,5578
1957:Q3,23914,23106,121,136,181,173,197,0,3236,96,211,367,319,25,187,0,0,4441,24882,5596
1957:Q4,24406,23569,126,138,185,182,206,0,3355,98,202,356,309,24,188,0,0,4532,25394,5710
1958:Q1,24735,23878,129,141,187,188,212,0,3423,99,202,357,310,24,188,0,0,4603,25736,5800
1958:Q2,25359,24479,132,143,191,194,220,0,3498,101,203,357,310,24,188,0,0,4681,26385,5898
1958:Q3,25736,24832,135,146,194,201,228,0,3569,102,204,357,310,24,188,0,0,4754,26777,5990
1958:Q4,26343,25415,138,148,198,209,235,0,3574,104,224,395,343,26,187,0,0,4853,27409,6115
1959:Q1,26883,25930,141,151,202,215,244,0,3675,106,225,395,343,26,186,0,0,4956,27971,6244
1959:Q2,27650,26670,145,154,205,223,253,0,3797,108,227,396,344,27,187,0,0,5086,28769,6408
1959:Q3,28156,27150,148,157,209,231,261,0,3889,110,229,397,344,28,189,0,0,5186,29295,6534
1959:Q4,28667,27634,152,160,212,239,270,0,3906,113,233,413,358,28,190,0,0,5241,29827,6604
1960:Q1,29233,28172,156,162,216,247,280,0,3980,113,236,413,359,29,193,0,0,5323,30416,6707
1960:Q2,29576,28488,159,164,220,256,289,0,4025,114,240,415,360,30,199,0,0,5383,30773,6782
1960:Q3,29927,28811,162,167,224,264,299,0,4087,115,244,417,362,32,206,0,0,5463,31138,6883
1960:Q4,30626,29478,166,171,228,274,309,0,4102,118,244,431,374,29,198,0,0,5496,31865,6925
1961:Q1,31351,30171,170,174,232,284,320,0,4162,120,248,433,375,30,203,0,0,5571,32620,7020
1961:Q2,32043,30831,175,177,235,293,332,0,4244,122,251,433,376,31,205,0,0,5662,33340,7134
1961:Q3,32813,31568,179,180,239,304,343,0,4286,125,253,434,377,32,206,0,0,5713,34141,7198
1961:Q4,33367,32088,183,183,244,314,355,0,4194,127,273,483,418,33,228,0,0,5756,34717,7253
1962:Q1,33851,32538,187,186,248,325,367,0,4231,128,275,483,419,33,232,0,0,5801,35221,7309
1962:Q2,34532,33183,191,189,253,336,380,0,4299,129,278,484,420,34,235,0,0,5879,35929,7407
1962:Q3,35154,33766,196,193,258,348,393,0,4344,129,280,485,421,35,237,0,0,5931,36577,7473
1962:Q4,35826,34401,201,196,261,360,407,0,4502,130,262,463,401,31,207,0,0,5996,37276,7555
1963:Q1,36724,35258,206,200,266,373,421,0,4550,131,264,463,402,32,210,0,0,6052,38210,7626
1963:Q2,37621,36117,210,203,271,385,435,0,4657,132,264,464,402,32,209,0,0,6160,39143,7761
1963:Q3,38245,36697,215,207,276,399,451,0,4755,133,264,463,402,32,207,0,0,6256,39793,7883
1963:Q4,39152,37562,220,210,281,413,466,0,4644,137,276,487,422,33,219,0,0,6218,40736,7835
1964:Q1,39908,38273,226,214,285,428,482,0,4714,138,276,487,422,33,217,0,0,6287,41523,7921
1964:Q2,40868,39188,231,218,290,442,499,0,4798,140,278,488,423,33,219,0,0,6379,42522,8037
1964:Q3,41791,40064,236,222,296,457,516,0,4840,141,279,489,424,34,221,0,0,6428,43482,8099
1964:Q4,42750,40974,241,226,301,474,534,0,4788,143,294,519,450,35,237,0,0,6466,44480,8147
1965:Q1,44273,42446,247,230,307,490,553,0,4925,144,296,520,451,36,238,0,0,6610,46064,8329
1965:Q2,45682,43805,253,234,311,507,572,0,4927,146,294,519,450,35,231,0,0,6602,47531,8319
1965:Q3,46648,44718,259,237,317,525,592,0,5058,148,291,518,449,34,223,0,0,6721,48536,8468
1965:Q4,53255,51270,265,242,323,543,612,0,5104,152,293,517,448,34,223,0,0,6771,55410,8532
1966:Q1,54239,52197,272,246,329,562,633,0,5216,152,290,516,447,33,217,0,0,6871,56434,8657
1966:Q2,55724,53625,278,251,334,581,655,0,5294,153,294,517,448,34,223,0,0,6963,57979,8773
1966:Q3,56875,54715,284,255,340,602,679,0,5264,154,297,519,450,35,229,0,0,6948,59176,8754
1966:Q4,56746,54524,291,260,346,623,702,0,5513,156,279,494,428,33,198,0,0,7101,59042,8947
1967:Q1,58075,55795,309,278,354,630,709,0,5667,159,283,495,429,33,201,0,0,7267,60425,9157
1967:Q2,58932,56591,328,297,362,636,718,0,5837,163,284,496,430,34,198,0,0,7442,61317,9377
1967:Q3,60123,57717,348,317,371,644,726,0,5946,167,286,497,431,35,194,0,0,7556,62556,9520
1967:Q4,63058,60585,370,339,379,651,734,0,6028,171,296,522,452,35,201,0,0,7705,65610,9708
1968:Q1,64197,61653,392,363,388,658,743,0,6306,174,298,523,453,36,198,0,0,7988,66795,10065
1968:Q2,65505,62888,416,388,397,665,751,0,6411,177,301,524,455,37,200,0,0,8105,68156,10212
1968:Q3,67121,64425,442,415,407,673,759,0,6505,181,304,525,456,37,208,0,0,8216,69837,10352
1968:Q4,70804,68028,469,444,415,680,768,0,6548,186,311,549,475,37,202,0,0,8308,73669,10468
1969:Q1,72368,69504,498,475,425,688,778,0,6793,190,314,550,477,37,203,0,0,8564,75296,10790
1969:Q2,74221,71268,529,507,435,696,786,0,6964,194,319,552,479,39,206,0,0,8753,77224,11029
1969:Q3,75882,72834,561,543,445,704,795,0,7157,198,324,553,482,40,209,0,0,8963,78952,11293
1969:Q4,79842,76695,595,581,456,711,804,0,7611,203,295,521,452,35,156,0,0,9273,83073,11684
1970:Q1,81986,78735,632,621,466,719,813,0,8077,210,300,523,454,37,156,0,0,9757,85303,12294
1970:Q2,84501,81139,671,664,477,727,823,0,8253,216,304,525,456,38,154,0,0,9946,87920,12532
1970:Q3,86187,82711,712,710,487,735,832,0,8543,222,308,526,457,40,152,0,0,10248,89675,12912
1970:Q4,90680,87083,755,759,499,743,841,0,8788,229,305,537,466,36,134,0,0,10495,94349,13224
1971:Q1,89410,85682,803,812,510,752,851,0,8953,231,309,539,467,37,138,0,0,10674,93028,13449
1971:Q2,91727,87863,852,869,522,760,861,0,9072,234,314,540,470,39,144,0,0,10813,95439,13624
1971:Q3,94021,90017,903,928,534,768,871,0,8823,237,318,542,472,40,149,0,0,10581,97825,13332
1971:Q4,99861,95705,959,993,547,777,880,0,8874,240,344,608,527,40,178,0,0,10811,103902,13622
1972:Q1,97117,92802,1018,1062,559,785,891,0,8689,244,349,610,529,42,182,0,0,10645,101047,13413
1972:Q2,98792,94309,1080,1136,572,794,901,0,8878,248,353,611,531,44,184,0,0,10849,102790,13670
1972:Q3,100899,96238,1147,1215,585,803,911,0,9173,252,357,613,533,45,187,0,0,11160,104982,14061
1972:Q4,120629,115780,1217,1299,599,812,922,0,9481,256,393,693,601,46,226,0,0,11696,125510,14737
1973:Q1,105557,100509,1292,1390,613,821,932,0,10232,277,397,694,602,48,206,0,0,12456,109828,15694
1973:Q2,108361,103102,1372,1486,628,830,943,0,11136,308,411,700,609,52,193,0,0,13409,112746,16895
1973:Q3,110356,104878,1455,1589,642,839,953,0,11509,333,425,706,615,57,187,0,0,13832,114821,17428
1973:Q4,121336,115623,1545,1699,656,849,964,0,11576,348,461,817,705,54,202,0,0,14163,126246,17845
1974:Q1,120519,114556,1640,1817,672,858,976,0,13011,378,475,756,711,59,189,0,0,15579,125396,19629
1974:Q2,122565,116340,1741,1943,687,868,986,0,13415,408,532,694,659,58,240,0,0,16006,127524,20168
1974:Q3,126851,120347,1847,2078,704,877,998,0,14671,439,588,633,606,57,290,0,0,17284,131984,21778
1974:Q4,130036,123237,1961,2222,720,887,1009,0,15314,467,673,556,474,44,413,0,0,17941,135298,22606
1975:Q1,133985,126873,2081,2377,736,897,1021,0,15404,463,729,592,505,44,425,0,0,18162,139407,22884
1975:Q2,138093,130649,2209,2542,754,907,1032,0,16014,459,734,628,536,44,437,0,0,18852,143681,23754
1975:Q3,139530,131735,2345,2718,771,917,1044,0,16002,455,739,664,567,45,449,0,0,18921,145176,23840
1975:Q4,143726,135561,2488,2906,788,927,1056,0,17056,450,692,701,597,48,463,0,0,20007,149542,25209
1976:Q1,147602,139041,2641,3108,806,938,1068,0,18135,453,697,736,640,49,465,0,0,21175,153575,26681
1976:Q2,149839,140857,2804,3324,826,948,1080,0,18837,456,722,788,684,51,499,0,0,22037,155902,27767
1976:Q3,153011,143610,2950,3555,845,958,1093,0,19469,460,748,840,728,52,533,0,0,22830,159203,28766
1976:Q4,213638,203740,3158,3802,864,969,1105,0,34129,463,793,906,771,56,603,0,0,37721,222283,47528
1977:Q1,215615,205216,3352,4065,884,980,1118,0,34742,460,818,958,815,58,647,0,0,38498,224340,48508
1977:Q2,219465,208534,3558,4348,904,991,1130,0,35397,456,845,980,833,59,694,0,0,39264,228345,49473
1977:Q3,222037,210540,3777,4650,926,1001,1143,0,36095,453,872,1002,852,60,742,0,0,40076,231022,50496
1977:Q4,236508,224410,4009,4973,947,1013,1156,0,39878,494,929,994,846,61,777,0,0,43979,248299,55413
1978:Q1,241207,228662,4237,5143,979,1055,1131,0,40851,521,956,1016,864,62,784,0,0,45054,253173,56768
1978:Q2,245000,231986,4477,5319,1013,1099,1106,0,42501,552,990,1074,913,66,794,0,0,46890,257120,59081
1978:Q3,247372,233865,4731,5501,1048,1145,1082,0,44395,590,1025,1132,963,70,794,0,0,48969,259267,61701
1978:Q4,273921,259898,4999,5690,1084,1192,1058,0,49919,673,1091,1188,1013,77,782,0,0,54743,287511,68976
1979:Q1,279609,265044,5283,5884,1121,1242,1035,0,50807,758,1210,1339,1062,81,718,0,0,55975,293661,70529
1979:Q2,286737,271605,5582,6086,1159,1293,1012,0,52911,843,1328,1490,1190,90,785,0,0,58637,301333,73882
1979:Q3,293153,277424,5899,6294,1199,1347,990,0,55036,928,1446,1640,1319,100,852,0,0,61321,308514,77264
1979:Q4,323222,306867,6234,6510,1240,1402,969,0,63076,1213,1583,1778,1514,118,1019,0,0,70301,340578,88579
1980:Q1,328844,311833,6587,6733,1282,1461,948,0,64924,1440,1912,1929,1643,34,1055,0,0,72937,347187,91900
1980:Q2,331525,313827,6961,6963,1326,1521,927,0,68724,1651,2075,2006,1844,117,1088,0,0,77505,350873,97656
1980:Q3,334925,316504,7356,7202,1372,1585,906,0,71357,1904,2292,2075,1951,323,1343,0,0,81245,355406,102369
1980:Q4,372980,353802,7774,7449,1419,1650,886,0,88418,2914,3664,2617,2217,344,703,0,0,100877,396064,127105
1981:Q1,375307,355334,8216,7703,1468,1719,867,0,90754,3170,3844,2679,2248,27,652,0,0,103374,399401,130251
1981:Q2,380702,359895,8682,7968,1518,1791,848,0,94013,3428,4288,2752,2353,48,694,0,0,107576,405735,135545
1981:Q3,381264,359587,9174,8240,1569,1865,829,0,97403,3710,4599,2878,2441,173,741,0,0,111945,408141,141050
1981:Q4,391944,369351,9695,8522,1623,1942,811,0,115036,3913,5201,2782,2841,29,851,0,0,130653,421753,164623
1982:Q1,212463,197927,6111,5355,966,1254,850,0,72489,1999,2962,1686,1690,-81,411,0,0,81156,243539,116759
1982:Q2,218347,202781,6469,5663,1000,1449,985,0,73334,2161,3215,1662,1856,89,518,0,0,82835,248434,120035
1982:Q3,222999,206557,6903,5989,1011,1718,821,0,75116,2414,3457,1634,1834,-95,672,0,0,85032,250887,122948
1982:Q4,227369,210743,7290,6089,1078,1524,645,0,86561,3029,4210,2135,2119,193,945,0,0,99192,259212,130428
1983:Q1,233652,215580,7866,6282,1085,2125,714,0,87383,3519,4407,2121,2149,106,1056,0,0,100741,262012,131637
1983:Q2,239183,220261,8182,6737,1149,2094,760,0,88571,3688,4405,2117,2137,247,1090,0,0,102255,266291,135215
1983:Q3,245414,225710,8506,7064,1194,2114,826,0,89413,3893,4662,2328,2124,421,1132,0,0,103973,272353,139319
1983:Q4,285799,262731,10443,8147,1425,2415,638,0,102936,3954,5339,2859,2460,17,1358,0,0,118923,311862,153318
1984:Q1,292708,268766,10857,8251,1418,2965,451,0,105426,4315,5509,2900,2338,980,1541,0,0,123009,316732,158119
1984:Q2,300418,275475,11798,8562,1445,2518,620,0,109517,4446,5669,2849,2277,1036,1621,0,0,127415,322263,167041
1984:Q3,306197,280585,11901,8836,1491,2870,514,0,111727,4507,6236,2720,2199,1711,1652,0,0,130752,326660,171534
1984:Q4,288987,263661,11774,8468,1648,2844,592,0,112020,4149,6017,2362,2849,1124,2043,0,0,130564,311775,172377
1985:Q1,293098,267804,12239,8012,1591,2858,594,0,115539,4413,6182,2308,2738,1047,1848,0,0,134075,314950,177246
1985:Q2,301107,274917,12694,8348,1702,2850,596,0,118160,4322,6266,2236,2798,1267,1819,0,0,136868,319650,181919
1985:Q3,303568,277439,12145,8645,1701,3008,630,0,120862,4349,6856,2449,3128,1023,1825,0,0,140492,322966,186837
1985:Q4,403897,370692,16064,10881,1708,3601,951,0,147722,5567,7944,3180,5080,964,2540,0,0,172997,423131,219996
1986:Q1,409090,374288,16237,11109,1628,4864,964,0,157381,5699,8144,3089,4736,880,2610,0,-8045,174494,432137,223347
1986:Q2,416008,380217,16491,11423,1265,5665,947,0,162526,5830,8329,3097,4849,824,2644,44,-9613,178530,438596,229184
1986:Q3,420084,384997,16089,11873,1337,4800,988,0,168829,5937,8885,3131,6021,1268,2700,44,-11201,185614,442873,238054
1986:Q4,538513,492660,19586,15483,1908,7300,1576,0,194800,6111,9327,4511,7060,2732,2540,36,-12448,214669,562748,272966
1987:Q1,544414,497641,19939,16265,1915,7051,1603,0,202796,6095,9470,4376,7339,2249,3411,35,-15043,220728,569920,285739
1987:Q2,551653,505161,18956,16638,1919,7388,1591,0,210992,6209,9014,4774,7628,3477,3870,35,-18724,227275,577378,294823
1987:Q3,559553,512466,19220,16849,1948,7480,1590,0,220494,6106,9442,4824,7501,2491,4009,36,-18682,236221,585586,315821
1987:Q4,591850,538063,22707,18998,2314,6296,3472,0,234602,2216,10302,7555,5179,2488,2066,36,-23924,240520,618808,316200
1988:Q1,594583,538954,23056,19867,2385,7232,3089,0,250376,2421,11411,7832,5475,3126,2606,36,-31681,251602,623594,324372
1988:Q2,598913,543200,22652,20288,2341,7546,2886,0,268114,2561,11638,7959,5247,3185,1305,37,-36954,263092,627349,338513
1988:Q3,607678,550938,22572,20857,2433,8080,2798,0,280328,2661,11493,8060,5573,2843,2655,62,-41260,272415,635980,352574
1988:Q4,682896,615657,26579,24805,2785,9509,3561,0,309155,4898,12786,8883,5501,2027,3383,62,-42407,304288,714620,391530
1989:Q1,692790,623683,27121,25189,2673,10536,3588,0,313167,5124,13088,8789,5989,4347,2942,62,-46103,307405,729282,409782
1989:Q2,701242,627617,27218,25561,2570,14940,3336,0,322350,5493,13099,9030,5934,7019,3249,61,-48111,318124,737901,425525
1989:Q3,710300,633029,27303,26042,2391,18207,3328,0,336600,5618,13679,9679,6315,4042,3234,61,-48526,330702,747681,437344
1989:Q4,804307,699734,32445,32196,3451,33185,3296,0,416172,7878,16823,12823,7729,8446,5400,39,-52442,422868,850022,534734
1990:Q1,814465,711776,33224,32800,3523,29746,3396,0,428428,8055,17378,13080,8059,7785,5437,60,-52501,435781,861093,550372
1990:Q2,821555,719576,33311,32645,3513,29091,3419,0,438759,8298,18013,13255,7901,8481,5550,61,-53079,447239,866908,565016
1990:Q3,835536,730834,32730,32953,3873,31645,3501,0,457011,8395,18201,13541,7941,6492,5619,64,-61166,456098,886171,574172
1990:Q4,704136,620444,28314,28250,3083,21178,2867,0,439126,3205,15358,14387,8229,3822,2882,62,-65675,421396,744911,539601
1991:Q1,717344,627532,28963,28406,3221,26304,2918,0,449864,3117,15948,16456,8574,1660,3970,63,-68765,430887,762773,543447
1991:Q2,725486,639468,28454,28654,3234,22640,3036,0,444698,3080,15598,16383,8537,8828,4225,64,-65651,435762,765370,557422
1991:Q3,736828,649858,28677,28385,3079,23616,3213,0,445024,3144,15991,17063,9670,4351,4514,70,-59197,440630,775605,556625
1991:Q4,803456,707348,31496,29491,4577,26246,4298,0,530447,4098,25870,25720,8987,5862,5614,60,-51399,555259,841890,669137
1992:Q1,816695,715287,31816,29688,4701,30755,4448,0,543600,4130,26480,25904,9286,6446,5799,54,-62819,558880,862593,670919
1992:Q2,827010,726010,32246,29920,4874,29265,4695,0,548213,4176,26812,25976,9654,6772,5910,54,-65082,562485,873441,677298
1992:Q3,834138,736376,32778,26301,4843,29089,4751,0,549027,4220,27066,26028,9546,7400,5956,52,-61627,567668,879160,680846
1992:Q4,762212,661560,34215,27484,4605,28140,6208,0,559391,4706,22813,27596,10411,4520,5320,48,-53808,580997,809186,696178
1993:Q1,774617,675320,34507,28129,4670,25589,6402,0,566741,4694,22783,27668,9469,2863,8725,50,-58464,584529,814607,703991
1993:Q2,790767,683125,34562,28375,4400,33304,7001,0,567120,4595,23577,27445,9921,5152,12050,50,-61210,588700,838980,715790
1993:Q3,808046,700580,35482,29094,4378,31470,7042,0,560165,4607,23431,27383,10126,6048,15352,52,-52585,594579,853151,727938
1993:Q4,1002299,841182,46823,39933,6738,61672,5951,0,571322,5479,25272,28079,13824,10696,24621,51,-54877,624467,1061299,768398
1994:Q1,1018280,856702,46945,38765,6743,63201,5924,0,587483,5543,25696,28586,14274,10539,24879,52,-66248,630804,1092371,773871
1994:Q2,1033889,871711,47822,38858,6989,62480,6029,0,589773,5535,25866,28877,14302,10944,25072,52,-64450,635971,1108494,779897
1994:Q3,1050782,887811,48560,39145,6873,62315,6078,0,608064,5501,26584,29278,14538,11035,25250,58,-72412,647896,1127753,794520
1994:Q4,1054048,918843,47705,43149,6368,34552,3431,0,603366,4880,26487,28158,11045,6080,13855,62,-70065,623868,1114582,757853
1995:Q1,1074557,937499,47928,43690,6392,35767,3281,0,622434,4885,28010,28486,11317,5211,14358,65,-78259,636507,1136266,767292
1995:Q2,1089886,951649,48554,43672,6639,36032,3340,0,635622,4856,28189,29619,11458,4842,14745,72,-83079,646324,1152298,779491
1995:Q3,1111765,971797,49191,44623,6529,36151,3474,0,651330,4855,30605,29949,11781,5670,15163,78,-87346,662085,1175322,797350
1995:Q4,1305643,1148264,55768,55674,8273,33491,4173,0,810799,3606,41767,47140,17673,9545,21856,81,-82187,870280,1363792,1005726
1996:Q1,1334418,1174629,56836,56329,8502,34926,3196,0,826671,3761,41586,47778,17740,10110,22499,88,-80654,889579,1390523,1033859
1996:Q2,1350923,1188650,57192,56953,8680,36053,3395,0,848477,3710,39839,48394,17809,11018,23191,119,-89708,902849,1407351,1050558
1996:Q3,1371483,1206024,58152,57616,8902,36771,4018,0,858314,3734,40465,48872,18216,9550,23930,208,-84508,918781,1432153,1067155
1996:Q4,1540530,1348740,66632,52366,10199,43244,19349,0,985202,5821,43780,55729,25520,12896,29483,224,-79245,1079410,1608340,1229118
1997:Q1,1572028,1376025,67652,54057,10908,43655,19731,0,1004761,5875,44666,55498,26070,14498,30608,146,-85598,1096524,1641009,1257786
1997:Q2,1598175,1397400,68893,55624,11026,45259,19973,0,1017911,5864,47337,56000,29150,13730,31719,164,-89890,1111985,1668395,1281573
1997:Q3,1621143,1418159,69546,57279,10886,45720,19553,0,1020301,6078,48908,58717,30071,10527,33004,212,-77352,1130466,1691765,1300667
1997:Q4,1805484,1577539,74727,72298,14609,59275,7036,0,1276237,6818,68535,81654,44527,9785,51271,278,-81163,1457942,1879285,1637408
1998:Q1,1844296,1618771,75986,71753,15187,55038,7561,0,1296902,6813,68414,82048,44691,9039,50901,471,-85599,1473680,1924542,1657468
1998:Q2,1876255,1644628,76295,73296,15934,58347,7755,0,1306229,6798,68423,82186,45244,10766,50672,445,-82047,1488716,1971427,1678514
1998:Q3,1902039,1668148,75464,74616,15296,60373,8142,0,1309322,6710,72330,82291,45383,9739,50428,433,-69225,1507411,1994385,1703638
1998:Q4,2179807,1897535,56791,85576,20320,105568,14017,0,1683980,7224,98752,101330,58400,17170,62764,365,-59528,1970457,2279601,2179035
1999:Q1,2223351,1935650,57295,87033,20437,107114,15822,0,1680377,7424,97722,101419,58595,12886,63740,22,-42230,1979955,2351837,2206694
1999:Q2,2259458,1966938,57740,87483,20779,108745,17773,0,1757231,7518,110942,105054,67502,16707,62449,2865,-17698,2112570,2403939,2350624
1999:Q3,2312588,2014431,58161,89718,21309,109492,19477,0,1768154,7637,110711,110060,67408,18756,62587,3618,-1977,2146954,2470426,2402454
1999:Q4,2678797,2371426,67709,89795,17612,38451,93804,0,2089245,8033,139542,115951,72359,22377,83352,3495,-8493,2525861,2839639,2798193
2000:Q1,2726572,2411788,69665,90877,18464,39072,96706,0,2118640,7778,140344,116936,74085,19652,83895,3617,5483,2570430,2877767,2849414
2000:Q2,2782484,2461166,70876,93309,18897,38692,99544,0,2196536,8025,140491,118429,76930,20024,84690,3457,5708,2654290,2932737,2944090
2000:Q3,2817382,2488038,75190,94263,19275,39150,101466,0,2226767,7939,139885,118939,86016,19121,84173,3568,5937,2692345,2975009,3025957
2000:Q4,2545603,2250325,72975,78602,17113,26512,100076,0,2048977,5457,107776,102175,71982,15579,87121,3384,6557,2449008,2694014,2783235
2001:Q1,2580570,2283166,73510,79228,17679,26789,100198,0,2069397,5309,106560,104890,73509,20170,87495,3452,7481,2478263,2733601,2841986
2001:Q2,2614031,2315551,74458,79108,17702,27146,100066,0,2113956,5288,109948,102818,75637,21360,89002,3000,7621,2528630,2763783,2903248
2001:Q3,2655346,2344200,74913,79004,17874,26852,112503,0,2124557,5396,109887,103606,76528,14894,90407,2452,7721,2535448,2811013,2920168
2001:Q4,2158911,1904942,63185,61571,10683,14784,103746,0,1821515,4565,92597,91474,53455,17727,75597,1490,7677,2166097,2314934,2560294
2002:Q1,2201985,1938488,63814,66045,10790,15420,107428,0,1839806,4603,93411,91645,54701,17342,74634,1652,7789,2185583,2366620,2585639
2002:Q2,2232040,1963358,64060,67303,12573,15237,109509,0,1866231,4702,95035,95158,55722,17404,75249,1030,7704,2218235,2406202,2594822
2002:Q3,2268788,1996396,64792,67180,12958,15365,112097,0,1891983,4766,95948,96001,56801,19508,74920,1195,7748,2248870,2442811,2610613
2002:Q4,1840110,1596736,48663,75383,11642,11790,95896,0,1399049,4183,77024,66536,52153,15247,36212,821,7327,1658552,2022588,2021817
2003:Q1,1877375,1627325,50803,76765,11698,11518,99266,0,1428011,4204,80942,65422,52668,30271,37309,644,7471,1706942,2049923,2060665
2003:Q2,1916182,1660922,51936,78788,11995,11861,100680,0,1430079,4248,81035,66554,51356,30347,37886,693,7446,1709644,2098998,2058909
2003:Q3,1954946,1694528,52556,80657,12174,12315,102716,0,1446790,4253,81784,66914,51498,31345,38379,1278,7450,1729691,2141530,2060895
2003:Q4,2548435,2177117,68968,101567,17280,18720,164783,0,1779615,4220,109735,87912,60044,39525,46656,1282,7552,2136541,2729127,2454877
2004:Q1,2623664,2232998,71531,107183,17099,19243,175610,0,1794274,4211,109765,88376,59967,42878,45026,3811,7710,2156018,2811420,2482883
2004:Q2,2693136,2290847,74290,109994,17968,20100,179937,0,1820690,4078,111464,87807,72441,46066,43784,6322,7700,2200352,2888353,2518727
2004:Q3,2746799,2338421,75156,112939,18800,20487,180996,0,1841994,4035,122249,86705,76050,48192,44397,6538,7699,2237859,2945242,2555829
2004:Q4,3170545,2682900,112858,108605,20013,17658,228511,0,1964420,3961,160710,80486,87262,28558,57503,7989,7828,2398717,3362796,2717383
2005:Q1,3230680,2736282,113254,109655,20370,17744,233375,0,1990644,4193,165664,83100,87815,32119,56807,8208,8002,2436552,3424241,2757603
2005:Q2,3275837,2770784,113289,116835,20967,19928,234034,0,2006820,4184,169306,81793,89723,33790,56041,8514,8049,2458220,3465902,2753098
2005:Q3,3260068,2750257,113697,118726,22350,21812,233226,0,2030231,4044,169035,79189,90284,34650,55253,8426,8053,2479165,3460279,2793525
2005:Q4,3449302,2905296,127902,125963,23261,21498,245382,0,2045086,4102,161063,74348,81472,47965,53942,7305,8413,2483696,3637996,2817970
2006:Q1,3742286,3144016,134488,134378,23807,30721,274876,0,2127680,4497,169946,86766,82548,53281,54333,7331,8689,2595071,3932765,2939189
2006:Q2,3759413,3155716,129630,132134,23402,36484,282047,0,2100715,3779,161845,88838,88478,55025,55413,7834,8838,2570765,3941402,2934080
2006:Q3,3946249,3314585,127015,137792,24864,43924,298069,0,2216374,4024,169386,99799,92176,59803,60703,7868,8844,2718977,4129141,3099206
2006:Q4,4294301,3600319,131157,144239,27319,57430,333837,0,2344607,4590,173775,128217,91560,65604,69874,8282,9022,2895531,4470343,3293053
2007:Q1,4519858,3769925,152429,149988,29500,101014,317002,0,2426609,4646,164666,109099,90217,67380,74689,8272,0,2945578,4691563,3335052
2007:Q2,4885181,4032196,177034,161538,32126,162819,319468,0,2618184,4922,163252,111537,96800,78802,78160,7699,0,3159356,5043587,3561054
2007:Q3,5091557,4193250,196356,165405,34467,209363,292716,0,2711633,4641,164715,110096,94968,83366,77580,7661,0,3254660,5247499,3673824
2007:Q4,5090968,4188219,205527,165584,34990,243250,253398,0,2627511,4526,118424,96372,86363,86265,71348,6704,0,3097513,5274991,3551307
2008:Q1,4662608,3827562,196917,143129,32012,234939,228049,0,2428530,3875,103668,78070,76126,82230,62787,8407,0,2843693,4854794,3321043
2008:Q2,4549537,3734602,197702,132714,30027,237292,217200,0,2406296,3842,92910,72456,66078,78447,59383,8835,0,2788247,4753111,3299467
2008:Q3,3745841,3067072,171560,104421,24696,202080,176012,0,2239695,3797,73642,59604,56987,75554,65947,7544,0,2582770,3929490,3083150
2008:Q4,2928147,2378648,150135,76463,18595,164680,139626,0,1741398,2810,55171,39374,46416,60088,49201,6050,0,2000508,3102418,2486446
2009:Q1,2675469,2167294,147168,70124,16687,141699,0,132497,1518373,2404,55185,29894,42218,56045,38404,6516,0,1749039,2875095,2217085
2009:Q2,3255552,2630397,186266,86931,22094,162910,0,166954,1740822,2975,68108,39468,54150,66964,44769,7211,0,2024467,3469043,2496874
2009:Q3,3920909,3152658,238879,108755,27765,184977,0,207875,2013019,4240,87459,52904,66358,78889,50186,8350,0,2361405,4144081,2847411
2009:Q4,4097179,3285535,255180,120680,28196,182313,0,225275,2120860,4699,105764,63479,68140,88355,54257,8347,0,2513901,4322122,2995459
2010:Q1,4235279,3398168,261867,124313,33299,187343,0,230289,2223657,4861,114279,66487,73941,93433,66886,1856,0,2645400,4432371,3142932
2010:Q2,3729883,2985529,233568,106290,33241,168160,0,203095,1951267,4325,101945,60479,66734,82120,58816,4408,0,2330094,3911383,2827059
2010:Q3,4336654,3464889,272936,123710,42149,196422,0,236548,2199833,4783,114493,67884,77122,100383,66659,4801,0,2635958,4513161,3139757
2010:Q4,4620850,3703940,294933,104357,48714,216914,0,251992,2423211,5555,125882,74172,88445,120266,87143,3079,0,2927753,4809587,3422293
2011:Q1,4922315,3972437,310015,103982,52118,229500,0,254263,2545481,5890,150712,80329,94185,118301,96804,2579,0,3094281,5108938,3580935
2011:Q2,4944415,4016156,306238,99283,53367,228872,0,240499,2546067,6066,161175,78237,102205,111493,101754,2548,0,3109545,5139499,3600127
2011:Q3,4061664,3318203,241334,81792,45333,188226,0,186776,2196929,5324,152187,66464,86070,87389,90211,2458,0,2687032,4244882,3196405
2011:Q4,4320052,3552983,248715,82341,49457,202448,0,184108,2419115,6017,175314,73331,102855,90429,97657,3644,0,2968362,4514327,3498726
2012:Q1,4741340,3904335,270202,85391,57094,222676,0,201642,2719864,6626,195458,72609,112201,98062,107465,5381,0,3317666,4968970,3826404
2012:Q2,4449252,3669157,251392,81559,55567,204599,0,186978,2649376,6718,197411,80743,108659,93768,102186,4787,0,3243648,4684122,3760851
2012:Q3,4813387,3980065,265710,87667,61564,217725,0,200656,2804150,6929,216658,76871,115578,98389,108738,4133,0,3431446,5050597,3957343
2012:Q4,4983895,4124887,269421,95775,67211,220145,0,206456,2795947,6848,222674,62838,113878,95897,113195,4566,0,3415843,5222873,3915805
2013:Q1,5242987,4354505,280661,103654,68538,232018,0,203611,3077786,7597,245729,67529,121845,100324,127972,4797,0,3753579,5448605,4255704
2013:Q2,5167442,4320402,266486,105056,66789,225703,0,183006,3173798,7701,250143,62264,119748,97093,134163,4230,0,3849140,5390706,4351622
2013:Q3,5706527,4783382,296212,119471,72989,248969,0,185504,3355031,8615,261785,57106,120782,91800,144920,4217,0,4044256,5913304,4548655
2013:Q4,6054227,5111076,307088,122316,78173,255249,0,180325,3703444,9480,287534,59030,117870,98218,162667,4973,0,4443216,6254171,4948418
2014:Q1,6133261,5161578,302246,126078,80463,255507,0,207389,3629661,9022,283563,66264,115203,109292,169722,7067,0,4389794,6396867,4891262
2014:Q2,6440552,5406744,308959,138056,85217,260275,0,241301,3832069,9818,284554,74758,118045,113570,181500,6813,0,4621127,6704645,5136801
2014:Q3,6181309,5178435,287134,133458,83752,244404,0,254126,3872779,9769,268953,83629,115767,114451,183421,6945,0,4655714,6453667,5217792
2014:Q4,6059586,5072306,268966,127935,84230,233870,0,272279,4079838,12738,272839,92396,113949,116214,200841,6937,0,4895752,6320124,5456888
2015:Q1,6218863,5226732,270503,129458,84268,241878,0,266024,4263227,13828,261222,103297,117697,111021,200234,6849,0,5077375,6480614,5671334
2015:Q2,6239591,5270906,268843,125145,80305,244254,0,250138,4284281,14517,257899,115120,112749,102708,203948,6929,0,5098151,6499371,5709698
2015:Q3,5677143,4819115,238107,112279,68244,223612,0,215786,4021092,13862,237512,123723,99658,82312,187698,7188,0,4773045,5900540,5384847
2015:Q4,5812337,4969661,232482,112354,64816,226110,0,206914,4277665,15306,251694,155905,100707,92543,203670,12899,0,5110389,6059272,5731383
2016:Q1,5851700,5009200,232678,114362,57473,223768,0,214219,4340066,16371,255068,176564,114229,83868,210143,12376,0,5208685,6081459,5816549
2016:Q2,5820403,4972478,221201,114087,58886,238286,0,215465,4534623,18548,262418,165963,118609,82772,215290,10823,0,5409046,6039156,6046002
2016:Q3,6177992,5272732,233184,123558,63425,249307,0,235786,4851007,21379,274588,157501,123987,81248,82425,58983,0,5651118,6388113,6321710
2016:Q4,6185809,5268081,233938,127850,63141,247200,0,245599,5006014,22941,287382,148506,128264,76694,99302,54251,0,5823354,6395424,6502750
2017:Q1,6634191,5653532,252018,138062,69623,264056,0,256900,5358623,23208,300431,153443,134397,82709,92367,56746,0,6201924,6858897,6895504
2017:Q2,6947525,5922158,266384,150713,75512,269165,0,263593,5529674,23032,307233,154720,140860,85373,104136,55382,0,6400410,7144901,7093412
2017:Q3,7405893,6320371,283823,160160,80036,287702,0,273801,5793776,22324,311144,157212,147539,90681,107309,59779,0,6689764,7611747,7380277
2017:Q4,7683805,6564342,293293,160350,86119,297751,0,281950,6154227,24396,323828,164104,160684,95718,134005,58896,0,7115858,7865018,7806330
2018:Q1,7290268,6212949,283178,152626,84833,294239,0,262443,6089111,35380,319743,160559,154582,96505,122741,63605,0,7042226,7522855,7708176
2018:Q2,7165370,6102572,281949,155239,73025,294020,0,258565,6241213,49784,336620,167243,154528,104029,121388,63115,0,7237920,7401714,7858042
2018:Q3,7219440,6143491,288217,162730,72588,302865,0,249549,6718184,89283,359929,176254,159388,114269,124667,65036,0,7807010,7452070,8426012
2018:Q4,6139070,5214635,241035,137950,61035,267259,0,217156,5813208,79625,311438,148682,131593,102084,94712,64194,0,6745536,6370722,7346877
2019:Q1,6844667,5776189,267909,164349,73075,303759,0,259386,6587898,89501,345116,172141,156677,109827,133458,65565,0,7660183,6967642,8242234
2019:Q2,7063305,5935894,273732,177880,77047,316963,0,281789,6853515,92616,347089,179267,170200,111937,156757,63391,0,7974772,7186062,8555306
2019:Q3,6988512,5824222,281580,186118,78517,322570,0,295505,6914221,100458,340299,186468,181472,111137,177868,63404,0,8075327,7059102,8650434
2019:Q4,7485964,6214598,300949,208253,85388,339148,0,337628,7497758,108079,360114,197496,198262,132175,216977,79653,0,8790514,7572786,9358681
2020:Q1,5747988,4747961,233150,164535,67608,265296,0,269438,6000951,84060,283830,156743,162725,102475,146531,80788,0,7018103,5792528,7569711
2020:Q2,6786005,5617274,273359,198422,78441,298867,0,319642,7192800,100245,336786,183532,201681,121331,210838,81076,0,8428289,6855624,8963893
2020:Q3,7174977,5928596,295023,214256,80720,312513,0,343869,7810253,106066,366219,200862,220342,132722,243379,82996,0,9162839,7219186,9696691
2020:Q4,8193782,6763156,332172,245848,93858,353856,0,404892,8718211,117237,412474,233419,258937,146600,295125,80869,0,10262872,8234517,10760652
2021:Q1,8683563,7157241,346747,267406,93901,395853,0,422415,9242939,122554,426079,240552,269211,158494,314818,89550,0,10864197,8732612,11365303
2021:Q2,9307024,7664285,377377,287619,94330,424011,0,459402,10057008,135777,432373,259289,294698,176494,358427,90279,0,11804345,9344562,12272552
2021:Q3,9251666,7605228,376094,291999,88648,426437,0,463260,10128347,132691,427368,254634,286291,177286,371898,92924,0,11871439,9264249,12351038
2021:Q4,9726799,7979964,394743,307168,86689,454795,0,503440,11258172,144603,463403,279680,309471,198150,422622,86966,0,13163067,9690554,13647690
2022:Q1,9157351,7529696,373031,283406,68271,435394,0,467553,10712507,137001,425662,259595,259267,186821,388608,84885,0,12454346,9079645,12941373
2022:Q2,7721964,6373386,310677,232365,44664,371043,0,389829,8974745,113000,346135,213273,179387,152922,304418,84028,0,10367908,7673670,10851857
2022:Q3,7097075,5868183,294620,210411,31327,348421,0,344113,8502090,105826,321113,202475,144852,143292,268612,91903,0,9780163,7018431,10287357
2022:Q4,8076997,6693780,333535,236082,25106,408777,0,379717,9129776,113275,344651,213822,134882,148505,296900,95514,0,10477325,8004756,10990488
2023:Q1,8773004,7259532,360059,251902,34777,445822,0,420912,9820120,118833,375794,225793,139782,153648,325998,98723,0,11258691,8747618,11762919
2023:Q2,9044831,7474640,376465,260886,37224,461264,0,434352,10620037,126050,420367,247763,144668,163267,371990,92799,0,12186941,8967913,12686553
2023:Q3,8594337,7106580,356777,242896,40472,436450,0,411162,10215069,120807,407039,240128,131212,157053,358044,87585,0,11716937,8540191,12227288
2023:Q4,9495910,7863353,393503,270700,40786,470769,0,456799,11322488,160176,460319,269051,138216,170525,424964,81684,0,13027423,9458497,13526285
2024:Q1,10091301,8383327,406198,285815,41080,490583,0,484298,12521272,159368,505451,300079,152902,187889,480822,80195,0,14387978,10078147,14893948
