date,FC102090005.Q,FU102090005.Q,FU102010005.Q,FU105035005.Q,FU105015205.Q,FU105013765.Q,FU105020015.Q,FU105420005.Q,FU104090005.Q,FU104190005.Q,FR102090005.Q,FR102010005.Q,FR105035005.Q,FR105015205.Q,FR105013765.Q,FR105020015.Q,FR104090005.Q,FR104022005.Q,FR103092305.Q,FR103064103.Q,FR103092105.Q,FR103064203.Q,FR103090005.Q,FR104190005.Q,FR103192305.Q,FR573073005.Q,FR103193005.Q,FV102090005.Q,LM102090005.Q
1945:Q4,ND,ND,ND,ND,ND,ND,ND,ND,ND,ND,ND,ND,ND,ND,ND,ND,ND,ND,ND,ND,ND,ND,ND,ND,ND,ND,ND,ND,199112
1946:Q1,ND,ND,ND,ND,ND,ND,ND,ND,ND,ND,ND,ND,ND,ND,ND,ND,ND,ND,ND,ND,ND,ND,ND,ND,ND,ND,ND,ND,ND
1946:Q2,ND,ND,ND,ND,ND,ND,ND,ND,ND,ND,ND,ND,ND,ND,ND,ND,ND,ND,ND,ND,ND,ND,ND,ND,ND,ND,ND,ND,ND
1946:Q3,ND,ND,ND,ND,ND,ND,ND,ND,ND,ND,ND,ND,ND,ND,ND,ND,ND,ND,ND,ND,ND,ND,ND,ND,ND,ND,ND,ND,ND
1946:Q4,13485,3154,17064,2580,2922,478,11154,-70,-1605,12305,10262,10493,14016,3892,338,-7753,-230,0,-17,0,-213,0,0,1,1,0,-0,69,212596
1947:Q1,ND,ND,ND,ND,ND,ND,ND,ND,ND,ND,ND,ND,ND,ND,ND,ND,ND,ND,ND,ND,ND,ND,ND,ND,ND,ND,ND,ND,ND
1947:Q2,ND,ND,ND,ND,ND,ND,ND,ND,ND,ND,ND,ND,ND,ND,ND,ND,ND,ND,ND,ND,ND,ND,ND,ND,ND,ND,ND,ND,ND
1947:Q3,ND,ND,ND,ND,ND,ND,ND,ND,ND,ND,ND,ND,ND,ND,ND,ND,ND,ND,ND,ND,ND,ND,ND,ND,ND,ND,ND,ND,ND
1947:Q4,35827,8366,14720,2390,4919,461,7040,-90,8725,15079,27371,27023,25940,3068,650,-2634,390,0,27,0,363,0,0,42,49,-6,-0,90,248424
1948:Q1,ND,ND,ND,ND,ND,ND,ND,ND,ND,ND,ND,ND,ND,ND,ND,ND,ND,ND,ND,ND,ND,ND,ND,ND,ND,ND,ND,ND,ND
1948:Q2,ND,ND,ND,ND,ND,ND,ND,ND,ND,ND,ND,ND,ND,ND,ND,ND,ND,ND,ND,ND,ND,ND,ND,ND,ND,ND,ND,ND,ND
1948:Q3,ND,ND,ND,ND,ND,ND,ND,ND,ND,ND,ND,ND,ND,ND,ND,ND,ND,ND,ND,ND,ND,ND,ND,ND,ND,ND,ND,ND,ND
1948:Q4,22786,7516,12993,2947,4740,371,5051,-116,5477,10954,15155,14684,8767,5157,212,548,539,0,38,0,500,0,1,68,75,-7,1,115,271210
1949:Q1,ND,ND,ND,ND,ND,ND,ND,ND,ND,ND,ND,ND,ND,ND,ND,ND,ND,ND,ND,ND,ND,ND,ND,ND,ND,ND,ND,ND,ND
1949:Q2,ND,ND,ND,ND,ND,ND,ND,ND,ND,ND,ND,ND,ND,ND,ND,ND,ND,ND,ND,ND,ND,ND,ND,ND,ND,ND,ND,ND,ND
1949:Q3,ND,ND,ND,ND,ND,ND,ND,ND,ND,ND,ND,ND,ND,ND,ND,ND,ND,ND,ND,ND,ND,ND,ND,ND,ND,ND,ND,ND,ND
1949:Q4,8315,3563,1177,2362,2632,234,-3852,-199,3902,1516,4552,4183,2124,-510,-35,2604,415,0,28,0,387,0,-0,46,49,-3,-0,200,279525
1950:Q1,ND,ND,ND,ND,ND,ND,ND,ND,ND,ND,ND,ND,ND,ND,ND,ND,ND,ND,ND,ND,ND,ND,ND,ND,ND,ND,ND,ND,ND
1950:Q2,ND,ND,ND,ND,ND,ND,ND,ND,ND,ND,ND,ND,ND,ND,ND,ND,ND,ND,ND,ND,ND,ND,ND,ND,ND,ND,ND,ND,ND
1950:Q3,ND,ND,ND,ND,ND,ND,ND,ND,ND,ND,ND,ND,ND,ND,ND,ND,ND,ND,ND,ND,ND,ND,ND,ND,ND,ND,ND,ND,ND
1950:Q4,22709,8743,16617,2987,3011,363,10525,-269,16784,24658,13402,13093,13791,6192,537,-7427,467,0,33,0,434,0,0,158,168,-10,0,563,302233
1951:Q1,ND,ND,ND,ND,ND,ND,ND,ND,ND,ND,ND,ND,ND,ND,ND,ND,ND,ND,ND,ND,ND,ND,ND,ND,ND,ND,ND,ND,ND
1951:Q2,ND,ND,ND,ND,ND,ND,ND,ND,ND,ND,ND,ND,ND,ND,ND,ND,ND,ND,ND,ND,ND,ND,ND,ND,ND,ND,ND,ND,ND
1951:Q3,ND,ND,ND,ND,ND,ND,ND,ND,ND,ND,ND,ND,ND,ND,ND,ND,ND,ND,ND,ND,ND,ND,ND,ND,ND,ND,ND,ND,ND
1951:Q4,13756,-9435,17870,4179,3931,347,9685,-272,8027,35332,22919,22306,15752,2973,326,3255,683,0,48,0,635,0,-0,70,78,-8,-0,272,315989
1952:Q1,8810,-146,2739,962,1116,142,580,-61,-1836,1049,7829,7830,6166,241,-19,1442,-0,0,-1,0,1,0,0,0,0,-1,0,1127,324799
1952:Q2,-1147,-2158,1139,902,1210,176,-1087,-61,-38,3259,945,941,489,464,26,-37,-0,0,1,0,-1,0,-0,-4,0,-4,-0,66,323652
1952:Q3,919,2862,2363,915,667,209,635,-63,5288,4789,-2001,-1929,-1846,-262,79,100,-1,0,0,0,0,0,-1,71,0,70,-0,59,324571
1952:Q4,13134,10421,3165,1068,970,246,948,-67,2004,-5252,2662,1702,2081,-43,40,-376,884,0,35,0,849,0,0,-76,23,-99,0,52,337706
1953:Q1,7868,7204,3379,1210,1125,268,853,-77,-1630,-5456,653,695,258,507,121,-191,-0,0,0,0,0,0,-0,42,0,42,-0,11,345574
1953:Q2,15234,12978,4032,1351,1066,290,1407,-82,623,-8323,2196,2194,1379,962,51,-198,0,0,0,0,0,0,-0,-3,0,-3,-0,60,360807
1953:Q3,10313,7409,3626,1373,1148,293,896,-84,3996,213,2797,2799,1678,951,46,124,0,0,-1,0,1,0,-0,2,0,2,-0,107,371120
1953:Q4,-15259,-15842,1537,1309,1005,289,-980,-86,48,17427,431,-400,-836,397,9,31,796,0,31,0,765,0,0,-35,22,-57,-0,152,355861
1954:Q1,-7761,-9278,1577,1197,833,287,-660,-79,-4276,6579,1342,1300,27,921,133,219,0,0,0,0,0,0,-0,-42,0,-42,0,175,348100
1954:Q2,-11753,-13053,1321,1092,781,276,-744,-84,-532,13842,1183,1260,259,924,-4,81,0,0,0,0,0,0,-0,76,1,76,-0,117,336347
1954:Q3,-17892,-17140,1594,1065,845,267,-488,-94,5544,24278,-814,-781,545,-1561,20,214,0,0,0,0,0,0,-0,33,-1,34,0,62,318455
1954:Q4,-1883,-2862,2216,1112,766,263,184,-109,4762,9840,964,170,604,-257,15,-191,701,0,28,0,674,0,-1,-93,40,-132,-1,15,316572
1955:Q1,-1396,-1474,3259,1234,689,262,1209,-135,717,5450,-71,-244,-300,-170,259,-33,0,0,0,0,0,0,-0,-174,0,-173,0,148,315176
1955:Q2,-15207,-19709,3936,1335,904,271,1577,-150,3038,26683,4347,3708,2805,949,24,-71,0,0,0,0,0,0,-0,-640,0,-640,0,154,299969
1955:Q3,-4400,-12643,4624,1462,1160,291,1874,-162,7345,24612,8085,7474,5205,2190,78,1,1,0,0,0,0,0,1,-610,0,-610,-0,158,295569
1955:Q4,7633,-2994,5488,1593,1397,330,2336,-169,6282,14764,10471,9201,6842,2500,79,-220,941,0,36,0,905,0,0,-329,36,-363,-1,156,303202
1956:Q1,-1038,-13429,5564,1825,1278,377,2252,-168,-4047,14945,12279,11863,9666,2020,194,-17,-0,0,0,0,0,0,-0,-416,1,-417,0,111,302163
1956:Q2,15686,13425,5688,1969,1377,413,2099,-170,-79,-7816,2111,2354,489,1873,144,-151,0,0,0,0,0,0,-0,244,0,243,0,151,317850
1956:Q3,19515,9919,5142,2056,1513,426,1319,-172,4600,-177,9405,9614,6790,2778,154,-108,0,0,1,0,-1,0,-0,209,0,210,-0,191,337364
1956:Q4,-12273,-19319,5430,1995,1514,429,1665,-173,4557,29306,6814,5594,3597,1966,95,-63,1160,0,45,0,1115,0,-0,-60,23,-84,0,232,325091
1957:Q1,24515,19241,4827,1908,1634,397,1060,-172,-1859,-16274,5312,5561,3217,2246,213,-115,-0,0,0,0,0,0,-0,250,1,249,-1,-38,349606
1957:Q2,-11065,-14704,4474,1851,1566,375,856,-174,704,19882,3535,3005,3042,131,121,-289,0,0,0,0,0,0,0,-530,0,-530,-0,104,338541
1957:Q3,34042,30953,4588,1834,1693,367,872,-177,3857,-22508,2841,3319,2083,1017,116,102,-0,0,1,0,-1,0,-0,478,0,476,0,248,372583
1957:Q4,674,-2566,2834,1832,1432,348,-597,-181,1859,7259,2847,2774,705,1917,48,105,448,0,17,0,430,0,1,375,14,360,-0,392,373257
1958:Q1,-11648,-12476,1211,1706,773,338,-1416,-189,-3416,10271,458,276,-268,80,230,235,0,0,0,0,0,0,0,-182,0,-182,0,370,361609
1958:Q2,-12690,-14897,797,1647,461,334,-1452,-193,1265,16959,1954,1478,262,1011,60,146,0,0,0,0,0,0,-0,-476,0,-477,1,253,348919
1958:Q3,-26851,-28851,1978,1580,333,346,-83,-196,7223,38052,1864,1160,599,382,14,165,-0,0,0,0,0,0,-0,-704,0,-704,-0,136,322069
1958:Q4,-10528,-13485,3293,1584,497,368,1043,-198,6458,23236,2939,1330,702,475,14,138,834,0,33,0,801,0,-0,-775,48,-821,0,18,311541
1959:Q1,-677,-3826,3558,1528,705,381,1142,-198,668,8052,3058,2956,1864,1084,-8,17,0,0,0,0,0,0,0,-102,-1,-101,-0,92,310864
1959:Q2,-7012,-9391,5040,1614,809,396,2422,-200,5810,20242,2214,1662,634,954,212,-139,-0,0,0,0,0,0,-1,-553,0,-552,-0,165,303852
1959:Q3,13358,11490,3406,1698,984,378,691,-345,4267,-3818,1487,1644,582,810,202,50,0,0,0,0,0,0,0,157,0,157,0,381,317210
1959:Q4,-18630,-22142,3932,1675,1048,378,1178,-346,4355,30429,3058,1510,676,459,186,190,1047,0,41,0,1005,0,0,-502,40,-542,0,454,298580
1960:Q1,25547,26967,5572,1794,1281,388,2230,-121,-1249,-22645,-1685,-1023,-1226,-262,68,399,0,0,0,0,0,0,-0,663,0,664,-1,265,324127
1960:Q2,-6345,-6915,4075,1797,1465,388,604,-179,26,11016,345,-56,-595,655,32,-147,1,0,0,0,0,0,0,-401,0,-403,1,226,317782
1960:Q3,30719,31010,3805,1804,1255,418,513,-185,2253,-24953,-429,351,-412,203,99,461,-1,0,0,0,0,0,-1,779,0,779,-0,138,348502
1960:Q4,-46305,-45698,2092,1934,1027,423,-1123,-168,1811,49602,-633,-867,-490,-175,71,-272,-901,0,-35,0,-867,0,1,-1135,2,-1137,0,26,302197
1961:Q1,-39845,-40606,2479,1960,809,435,-575,-150,-1701,41385,438,-1120,-756,-223,34,-175,-0,0,1,0,-1,0,-0,-1559,0,-1559,-1,323,262351
1961:Q2,6781,5830,3184,1963,983,456,-21,-197,5961,3315,696,682,898,-261,38,9,0,0,0,0,0,0,-0,-14,-1,-13,0,255,269132
1961:Q3,-5192,-6955,4248,1968,1004,463,1025,-212,3731,14934,1606,1181,950,-236,99,368,0,0,0,0,0,0,-0,-426,0,-426,0,156,263940
1961:Q4,-10694,-12553,4419,1907,1279,461,938,-165,5361,22334,2572,1069,939,-109,81,159,198,0,7,0,191,0,-0,-1305,4,-1309,-1,-713,253246
1962:Q1,6757,5933,4973,1915,1392,439,1431,-205,-209,-1170,482,841,318,209,7,307,1,0,0,0,0,0,1,360,-1,362,0,342,260003
1962:Q2,301,4348,4746,1995,1506,435,1047,-238,3222,3620,-4330,297,-141,286,69,84,-23,0,-1,0,1,-23,-0,4605,0,4604,0,283,260305
1962:Q3,6926,4979,5124,2057,1492,431,1343,-200,4418,4563,1790,1028,364,320,9,336,3,0,1,0,-1,3,-0,-760,0,-761,0,156,267230
1962:Q4,5518,3210,4143,2001,1438,450,452,-199,4538,5471,2244,842,903,-244,22,162,-278,0,-12,0,-280,14,0,-1680,-7,-1673,0,64,272748
1963:Q1,6268,3129,4462,1917,1487,482,742,-166,-1480,-147,3077,163,-65,88,-44,185,1850,0,0,1842,0,8,-0,-1064,0,-1064,-0,63,279016
1963:Q2,6650,4933,4795,2096,1537,525,877,-241,4459,4321,1510,359,169,-82,98,174,500,0,0,492,0,8,-0,-651,-1,-650,0,207,285666
1963:Q3,7737,5306,5442,2116,1733,538,1297,-242,4147,4282,2152,1103,553,148,178,225,408,0,1,404,-1,3,1,-641,1,-642,-0,278,293403
1963:Q4,2271,7,5518,2150,1912,534,1067,-144,4890,10401,2017,864,383,123,217,142,546,0,-2,568,-21,0,0,-607,8,-614,-0,248,295674
1964:Q1,9530,6968,5630,2188,2008,500,1188,-254,-1103,-2442,2440,570,-196,383,131,253,680,0,0,669,0,12,-0,-1189,-1,-1188,0,122,305204
1964:Q2,11335,5015,5670,2266,2079,492,1140,-308,4422,5076,6057,4869,3961,442,201,266,455,0,0,454,0,0,0,-733,0,-733,-0,263,316539
1964:Q3,9043,5952,6325,2398,2256,505,1483,-317,5627,6000,2729,1506,818,232,122,334,422,0,0,414,0,8,-0,-800,0,-802,0,362,325582
1964:Q4,3799,-1526,6837,2576,2407,529,1365,-41,3927,12291,5152,4654,4112,161,48,332,74,0,0,94,-14,-7,1,-425,-2,-423,0,174,329382
1965:Q1,9729,6263,8482,2870,2922,591,2321,-223,2049,4269,3461,2789,1629,501,64,597,235,0,-1,230,1,5,0,-437,0,-438,-0,6,339111
1965:Q2,8171,6651,8549,3267,2996,638,1762,-113,5961,7859,1478,2719,1897,116,196,511,-342,0,1,-333,-1,-8,-1,900,0,901,0,42,347282
1965:Q3,11795,5781,9263,3325,3383,686,2073,-204,4930,8412,5736,2148,893,806,251,200,975,0,0,956,0,18,0,-2613,-1,-2612,-0,278,359077
1965:Q4,22209,6911,9453,3552,3599,735,1799,-232,13171,15712,14846,7345,7158,-466,187,465,6336,0,221,405,5698,11,0,-1166,-5,-1160,-0,452,381287
1966:Q1,7953,9140,11159,3596,3987,791,3118,-332,2607,4626,-1214,-141,-1453,562,272,478,-530,0,0,-525,0,-4,-0,544,-1,545,0,28,389240
1966:Q2,17267,8615,12045,3556,4253,836,3617,-216,6259,9689,8536,10858,9252,1306,206,95,-803,0,0,-788,0,-15,-0,1519,0,1518,-0,115,406507
1966:Q3,6213,7915,11981,3655,4187,870,3533,-264,5559,9625,-2069,2749,1324,1295,116,15,-1571,0,-1,-1528,1,-44,1,3247,0,3247,0,367,412720
1966:Q4,11577,1068,12324,3530,4216,894,3832,-149,2071,13327,10056,9607,6578,2189,159,682,-1022,0,-68,747,-1718,17,0,-1471,-2,-1469,0,454,424297
1967:Q1,14021,5240,11145,3601,3681,898,3058,-92,-3636,2270,8795,2665,785,1491,143,248,2113,0,0,2070,0,44,-1,-4017,1,-4017,-1,-14,438318
1967:Q2,10875,5758,9319,3482,3644,882,1259,53,1082,4644,5207,5017,3062,1495,373,87,102,0,0,90,0,11,0,-88,0,-88,1,-89,449193
1967:Q3,16996,7038,9827,3522,3412,894,2319,-320,5471,8260,9601,6203,3858,1748,459,140,1263,0,0,1232,0,31,0,-2135,-1,-2133,-1,357,466189
1967:Q4,16548,5038,11048,3506,3675,903,2695,269,11396,17405,11671,10385,7362,1941,595,486,1714,0,68,-48,1694,0,-0,428,10,418,1,-161,482737
1968:Q1,10058,7218,11233,3521,3976,923,2372,441,6654,10668,3480,7841,5890,1234,650,65,-1299,0,0,-1230,0,-69,0,3063,0,3064,-0,-640,492795
1968:Q2,21221,5853,11015,3351,3673,947,2904,139,5077,10238,15573,8239,5905,2406,366,-439,2004,0,0,1923,0,80,1,-5331,0,-5332,-0,-206,514016
1968:Q3,12904,2928,10663,3353,3866,952,2351,142,6165,13901,10051,7987,5400,2354,385,-151,686,0,0,661,0,25,-0,-1378,0,-1378,1,-75,526920
1968:Q4,22583,4264,11488,3766,4174,961,2724,-137,14231,21455,17983,13968,10472,2851,573,73,3026,0,103,265,2662,-4,0,-989,-8,-981,-1,336,549502
1969:Q1,16858,9491,12832,4147,4440,951,3368,-74,8624,11964,7787,10114,7319,1420,775,600,-605,0,0,-548,0,-56,-0,1722,0,1722,0,-421,566360
1969:Q2,15702,5639,12854,4528,4431,972,3025,-102,9172,16387,10125,12049,9814,1867,633,-264,-1013,0,0,-959,0,-54,-0,912,1,910,-0,-63,582062
1969:Q3,16185,6667,13866,4841,4471,952,3686,-84,9361,16559,9268,12377,8045,2866,840,626,-1269,0,0,-1248,0,-20,-0,1841,0,1840,1,250,598247
1969:Q4,22405,2899,13394,4579,4216,929,3742,-72,11322,21817,18938,15797,12274,2872,691,-40,3110,0,130,-310,3315,-25,0,-31,-8,-23,-1,568,620652
1970:Q1,14824,7820,11371,4286,3993,859,2265,-32,5224,8774,6793,11533,7538,3376,960,-342,-761,0,-1,-756,1,-5,0,3980,0,3981,1,211,635476
1970:Q2,16945,6337,10911,4158,3797,764,2172,20,11086,15660,10568,25440,21549,3073,598,221,-5606,0,0,-5435,0,-170,-1,9266,0,9266,-0,40,652421
1970:Q3,15957,1535,11440,4034,3708,690,3045,-35,167,10072,14446,3883,663,2560,764,-103,3883,0,1,3818,-1,65,0,-6680,0,-6679,0,-24,668378
1970:Q4,26801,697,9071,3985,2941,588,1495,61,6449,14823,26344,15571,11390,3841,852,-511,6445,0,138,2726,3548,32,1,-4328,14,-4342,-0,-240,695179
1971:Q1,32417,5211,11085,3978,3025,557,3028,497,3426,9301,27542,18522,12223,4100,954,1245,2958,0,0,2891,0,67,-0,-6063,0,-6063,-0,-336,727596
1971:Q2,23667,6071,10151,3932,3152,540,2667,-140,8851,12931,17394,17737,14078,2734,459,466,-215,0,0,-217,0,3,-1,129,0,128,-0,202,751263
1971:Q3,26243,9896,10615,4019,3070,546,3136,-156,12332,13051,16252,15242,14261,1220,422,-661,-489,0,-1,-483,1,-7,0,-1499,0,-1498,1,95,777506
1971:Q4,28489,6153,9599,4239,3381,602,1517,-141,15562,19007,22381,12887,12316,743,305,-477,6987,0,211,1335,5410,32,-1,-2506,6,-2512,-1,-45,805995
1972:Q1,38657,11348,11282,4658,3854,693,2238,-161,10543,10476,27413,21863,17276,3387,819,381,1848,0,0,1826,0,21,1,-3702,0,-3702,0,-105,844652
1972:Q2,23811,12596,13151,4837,4096,753,3624,-159,10403,10958,11729,13607,9962,2667,653,327,-22,0,0,-17,0,-5,-0,1856,0,1857,-0,-514,868463
1972:Q3,23976,10087,14170,4955,4270,753,4197,-5,11133,15216,13795,13284,10646,1752,620,266,1180,0,0,1185,0,-5,-0,669,-1,668,0,94,892439
1972:Q4,59851,20870,15803,5178,5085,757,4131,652,35470,30403,39366,12667,11616,332,549,169,22079,0,722,2565,18760,32,0,-4620,28,-4646,-0,-385,952290
1973:Q1,30669,21601,20330,5546,5724,761,7089,1210,20435,19164,10314,18113,11938,2592,1091,2491,-2286,0,0,-2198,0,-87,-1,5513,0,5512,0,-1246,982959
1973:Q2,31944,12761,21452,5989,6322,769,8183,189,21647,30337,19585,28133,20288,4735,1200,1911,-2780,0,1,-2705,-1,-75,0,5769,0,5768,0,-402,1014903
1973:Q3,46227,6909,20762,6255,6383,767,6257,1100,16234,30087,40405,31997,26378,4099,1496,24,1757,0,-1,1701,1,57,-0,-6651,0,-6652,-0,-1087,1061130
1973:Q4,40557,14631,24126,6055,6472,784,10509,305,32256,41752,26196,31290,25308,2122,1833,2028,3944,0,327,-4835,8538,-87,1,9039,53,8986,0,-269,1101687
1974:Q1,54318,19718,25385,5967,6429,760,11394,835,15112,20779,35768,35394,22127,7654,2173,3440,-1759,0,0,-1716,0,-43,0,-2133,0,-2132,-0,-1168,1156004
1974:Q2,60696,15721,29550,6102,6521,735,12816,3377,19099,32928,48490,59265,38816,12863,2148,5438,-4508,0,-1,-4431,1,-77,0,6267,1,6265,-0,-3515,1216700
1974:Q3,73937,31073,26902,5786,6790,736,13755,-164,31909,27738,42588,74075,48426,19895,2191,3563,-14363,0,1,-14155,-1,-208,0,17125,0,17125,0,276,1290637
1974:Q4,173304,5419,28473,5682,6017,683,14902,1190,785,23840,82555,73010,46672,24492,2205,-359,3598,0,0,3539,0,59,-0,-5948,0,-5948,0,85330,1463941
1975:Q1,-66079,3642,9453,4960,4469,557,-612,80,-810,5001,79870,58869,36628,22290,1656,-1704,11657,0,0,11545,0,112,-0,-9344,0,-9344,-0,-149592,1397862
1975:Q2,67245,3471,6611,4268,3804,504,-2003,39,7244,10383,63706,42562,23998,16298,2034,232,9014,0,0,8917,0,96,1,-12130,0,-12131,0,68,1465107
1975:Q3,7565,1027,10883,4208,3713,548,2464,-50,9250,19106,6594,23643,12853,8291,1074,1424,-8338,0,0,-8232,0,-106,0,8711,-1,8712,0,-56,1472672
1975:Q4,40200,5737,11261,4409,3950,642,2347,-86,4712,10235,34691,25425,16750,8525,960,-810,4477,0,0,4431,0,46,-0,-4789,1,-4790,-0,-228,1512872
1976:Q1,59009,15146,16098,4817,4271,842,6065,104,25997,26949,44474,26222,14023,10543,654,1003,8576,0,0,8487,0,89,0,-9676,0,-9674,-0,-611,1571881
1976:Q2,62814,21477,20243,4969,4543,977,9109,646,29295,28061,42220,42117,31217,7514,1762,1625,1020,0,0,1001,0,20,-1,917,0,916,0,-883,1634695
1976:Q3,43140,4427,20355,5162,5065,1122,8022,985,19868,35796,39528,39677,27674,9427,1512,1064,614,0,1,625,-1,-12,1,762,0,760,-0,-815,1677836
1976:Q4,102941,-87,19215,5162,5678,1258,6871,247,466,19768,102766,40574,28154,11166,1586,-330,62191,0,2218,1417,58547,9,0,-1,603,-604,-0,262,1780777
1977:Q1,47297,10583,22571,5262,7176,1319,8942,-127,23127,35115,36585,48153,34066,11069,999,2021,-5720,0,0,-5654,0,-66,0,5849,1,5849,0,129,1828074
1977:Q2,56137,17462,22154,5730,7772,1430,7078,145,18868,23561,39019,35922,24556,10388,1462,-482,1402,0,-1,1356,1,47,-1,-1695,0,-1695,0,-344,1884210
1977:Q3,51591,15192,24941,6065,8287,1458,8354,777,30708,40457,37175,43225,29401,11501,1680,644,-2749,0,1,-2731,-1,-18,1,3301,0,3301,-1,-776,1935801
1977:Q4,67195,13363,24871,6342,9339,1418,7509,265,35545,47053,54098,43322,27414,12328,1752,1826,10860,0,438,-1036,11466,-8,-0,84,772,-689,0,-266,2002996
1978:Q1,52108,11276,28063,6480,9322,1373,11011,-123,32598,49385,40710,47943,29633,12537,2248,3525,-4489,0,0,-4461,0,-27,-1,2744,0,2744,0,122,2055104
1978:Q2,89123,14450,32654,8098,11242,1481,11142,691,19933,38137,75365,61585,42598,12931,1837,4220,4818,0,0,4780,0,37,1,-8962,0,-8962,0,-692,2144227
1978:Q3,94445,20123,31873,9230,11505,1592,9920,-374,32014,43765,73948,57196,39542,13489,2191,1975,5324,0,0,5294,0,30,-0,-11427,0,-11429,0,375,2238673
1978:Q4,99004,22198,37439,9950,12129,1797,13552,12,49236,64478,76817,64021,44545,13434,2366,3676,18053,0,907,-4848,22030,-36,0,5256,1060,4196,0,-11,2337676
1979:Q1,93551,13618,39004,9868,13334,2020,13258,524,40103,65489,80456,72611,44910,18013,2265,7422,4145,0,0,4125,0,20,-0,-3700,1,-3700,-0,-523,2431228
1979:Q2,106372,25905,40463,10171,12676,2153,15516,-52,31610,46168,80638,78411,51020,18215,3016,6160,1018,0,1,1001,-1,17,-0,-1210,-1,-1210,1,-171,2537600
1979:Q3,119297,25888,39815,11344,13256,2267,12385,565,58565,72493,94281,82447,57183,17096,2941,5227,4931,0,-1,4886,1,44,1,-6904,0,-6903,-1,-872,2656897
1979:Q4,106853,17985,40535,12354,12335,2287,12212,1347,39468,62018,90214,70645,42954,18472,3163,6056,25001,0,937,-1059,25113,11,-1,5432,1431,4000,0,-1346,2763750
1980:Q1,65999,-2889,44256,12975,12636,2367,15740,539,29247,76392,75026,82691,39001,28856,3330,11503,-4613,0,0,-4514,0,-99,-0,3051,0,3052,-0,-6138,2829749
1980:Q2,111045,8742,35732,12828,9598,2251,11366,-310,5044,32034,103913,80445,46110,29459,3302,1575,9676,0,0,9581,0,94,1,-13792,0,-13792,1,-1610,2940794
1980:Q3,130162,20546,30756,13021,9668,2222,5496,350,73555,83766,108122,86709,50934,26792,3674,5308,9153,0,0,9036,0,118,-1,-12261,0,-12260,-1,1494,3070956
1980:Q4,143595,4638,37786,13681,9808,2400,8900,2998,36369,69516,136418,91142,63995,20551,3518,3079,41078,0,1196,8468,31353,61,-0,-4198,3916,-8114,0,2539,3214551
1981:Q1,106509,12750,44208,14039,10664,2899,16778,-172,120801,152259,90542,90056,57400,22368,3470,6818,171,0,1,201,-1,-31,1,-315,0,-315,-0,3217,3321060
1981:Q2,96607,23150,36985,15181,10813,3103,6678,1209,30089,43924,73651,83326,55701,22178,3252,2195,-4086,0,0,-4078,0,-7,-0,5590,0,5589,1,-194,3417667
1981:Q3,38687,8535,45570,15744,11355,3228,12100,3143,34924,71959,34309,63852,45609,14615,3086,542,-13125,0,0,-12987,0,-140,1,16417,0,16415,0,-4157,3456354
1981:Q4,126042,28606,41310,17638,10372,3490,8947,863,19131,31835,101344,78348,63119,15162,4238,-4170,15856,0,496,5585,9737,39,-1,-7140,2214,-9352,-1,-3908,3582396
1982:Q1,72852,-13422,26383,16325,8763,3505,-3006,796,27222,67026,87727,92506,75476,10937,2509,3584,-9518,0,0,-9419,0,-98,-1,-4739,0,-4740,0,-1453,3655248
1982:Q2,37178,6543,24476,14845,6678,3544,-761,170,8070,26003,31023,30557,10711,16204,2952,691,-2089,0,0,-2105,0,16,0,-2555,0,-2556,0,-388,3692426
1982:Q3,71110,14281,23016,13077,5385,3518,997,39,42808,51543,56649,21252,9982,9490,2793,-1012,9933,0,0,9752,0,181,-0,-25464,0,-25464,-0,180,3763536
1982:Q4,59510,23265,13308,12596,4033,3357,-9017,2340,15757,5800,38173,7063,-3525,7158,2999,431,22481,0,2079,18371,1797,234,-1,-8629,-8110,-519,-0,-1928,3823046
1983:Q1,77476,6517,10684,11399,3203,3457,-7304,-71,33391,37559,74880,36280,28096,5524,2874,-215,11428,0,-0,11273,0,155,0,-27173,0,-27173,-0,-3921,3900522
1983:Q2,62870,31349,24789,10195,4502,3711,2784,3597,50937,44378,36449,-9778,-15013,1766,1970,1499,14316,0,-0,14053,0,263,0,-31911,0,-31912,0,-4928,3963392
1983:Q3,6670,10935,32290,10851,6222,4084,9900,1232,34568,55922,-4041,5005,-2945,822,3106,4024,-1990,0,-0,-1918,0,-72,0,7057,0,7057,-1,-224,3970062
1983:Q4,67334,10802,35939,11609,9767,4542,10079,-57,36274,61411,52482,24261,16709,5027,2255,271,30849,0,127,-1086,31920,-111,-1,2628,-1,2628,1,4049,4037396
1984:Q1,-26675,3229,46533,13046,10099,4921,17852,616,82927,126232,-22504,15070,2722,3933,2684,5732,-5837,0,0,-5552,-1,-286,1,31738,0,31736,-0,-7400,4010721
1984:Q2,21174,16429,51075,14575,12024,5246,17767,1464,88624,123270,16691,31442,22413,5268,2068,1695,-6056,0,0,-5915,-1,-140,-1,8695,0,8696,-0,-11947,4031894
1984:Q3,109079,56742,50522,15656,12928,5508,15449,981,78428,72207,67502,34256,27564,3491,2977,225,13197,0,0,12999,-1,198,-0,-20049,0,-20048,0,-15165,4140973
1984:Q4,73834,66350,46402,16230,13680,5685,10296,512,25396,5449,25880,31120,26142,4276,626,76,-18137,0,-180,1170,-19201,73,-0,-12898,2,-12901,0,-18395,4214807
1985:Q1,9403,-17773,37754,17884,12361,5687,1990,-168,49913,105441,39368,3987,-440,2933,2518,-1022,14441,0,0,14043,0,397,1,-20940,0,-20940,0,-12192,4224210
1985:Q2,38782,11725,40916,18284,12832,5742,4137,-78,35042,64233,39350,10064,5267,5646,1439,-2287,11903,0,0,11618,0,284,0,-17384,0,-17384,-0,-12293,4262992
1985:Q3,-13086,5571,35882,17358,11181,5700,646,999,59002,89313,-5232,23141,15232,7939,1860,-1889,-11287,0,0,-10063,0,-1223,-0,17086,0,17087,0,-13425,4249906
1985:Q4,299743,23772,42469,16642,11152,5826,8918,-69,83611,102308,218328,40697,27515,11187,557,1439,119308,0,-337,29836,89328,481,-0,-58323,0,-58325,-0,57643,4549649
1986:Q1,78716,-192,31597,14808,9409,5824,1731,-175,-24563,7227,85519,3313,5059,3148,2061,-6957,28877,0,0,27994,1,882,0,-53330,0,-53328,0,-6611,4628365
1986:Q2,44611,12540,28873,11133,9314,5754,1007,1666,27679,44012,41017,22127,7368,13912,1160,-312,12539,0,0,12349,1,188,1,-6350,0,-6351,0,-8946,4672976
1986:Q3,-29838,10913,21506,10007,8460,5580,-2344,-198,95642,106235,-33174,30812,14265,14233,1261,1054,-20891,0,0,-20594,1,-297,-1,43095,0,43095,0,-7577,4643138
1986:Q4,139008,-1282,25715,10739,8550,5408,70,948,41503,68500,149508,20055,10688,8098,1185,84,119117,0,1044,11671,106055,347,1,-10336,-1,-10334,-1,-9218,4782146
1987:Q1,173382,14804,33030,10408,5875,5185,11786,-223,45424,63650,164595,19753,8062,9323,2150,219,55009,0,0,54311,0,698,0,-89832,0,-89832,0,-6016,4955528
1987:Q2,68270,7623,32937,10778,6304,4980,11058,-182,37512,62826,66187,25188,16680,2402,3076,3030,13917,0,0,13548,0,370,-1,-27082,0,-27080,-0,-5540,5023798
1987:Q3,86981,17702,28674,12157,6730,4774,5040,-27,47129,58101,74460,25920,17651,2645,3723,1902,19853,0,0,19727,0,126,0,-28686,0,-28688,-0,-5180,5110780
1987:Q4,-131199,10590,43189,13274,5558,4649,19759,-52,103840,136438,-137149,82386,50170,22903,5494,3820,-66566,0,-312,-83071,18191,-1373,-1,152970,-6236,159205,0,-4640,4979581
1988:Q1,60993,-16406,33028,12539,6710,4475,9577,-271,56028,105462,80761,65813,45934,12691,5104,2084,13638,0,0,13185,0,453,1,-1309,0,-1308,-0,-3361,5040574
1988:Q2,83932,15905,38891,14128,7633,4260,13707,-836,47411,70398,70090,47754,31141,8761,3194,4658,15413,0,0,15263,0,150,0,-6924,0,-6925,0,-2063,5124506
1988:Q3,39722,31847,39664,14085,7649,4257,13312,362,46607,54424,10403,39583,27885,7385,2652,1661,-1680,0,0,-1544,0,-135,-1,27501,0,27502,-0,-2528,5164228
1988:Q4,162460,27506,40320,13613,8292,4916,13524,-26,201283,214096,136361,69952,41607,23095,2030,3220,74753,0,-21,5238,69460,76,0,8344,1,8342,-0,-1407,5326689
1989:Q1,239301,-9693,53343,21592,8482,5291,18264,-285,126734,189770,252024,211305,191541,11869,4314,3581,14834,0,0,14224,0,609,0,-25885,0,-25886,1,-3030,5565990
1989:Q2,27323,-1762,36444,8984,9082,5623,12632,124,22531,60736,32836,-14053,-22850,7520,3055,-1778,20205,0,0,19078,0,1127,0,-26684,0,-26683,-1,-3752,5593313
1989:Q3,29735,-28123,30212,10390,10270,5983,3662,-93,3389,61724,63041,-12367,-29199,14864,3512,-1544,26373,0,0,25612,0,762,-0,-49035,0,-49034,-0,-5183,5623048
1989:Q4,28693,-4255,34534,11450,8856,6300,8016,-89,13303,52092,38566,-23818,-40934,14454,1961,700,72783,0,98,3475,69186,24,0,10398,0,10398,1,-5618,5651741
1990:Q1,-59700,-15504,33748,14147,9533,6514,3791,-237,16011,65263,-41504,-10729,-28213,13654,3210,621,-11320,0,0,-10956,1,-365,-1,19455,0,19454,0,-2692,5592041
1990:Q2,46200,13139,37693,15562,7668,6692,7789,-17,-4417,20137,35629,-15390,-26937,7794,4316,-562,15211,0,0,14798,1,411,1,-35808,0,-35807,-1,-2569,5638240
1990:Q3,-67309,29954,54480,27321,8898,6422,11846,-6,84698,109225,-95025,18128,-11386,16733,4064,8718,-44486,0,0,-42768,1,-1718,-1,68666,0,68666,1,-2238,5570931
1990:Q4,-58548,623,27583,12423,8266,6144,1146,-395,30113,57073,-57665,9532,-12754,22031,593,-338,-98830,0,-1165,19998,-118336,673,0,-31633,1,-31635,-1,-1506,5512384
1991:Q1,78394,-11456,24668,19164,6089,6379,-6529,-435,-6788,29336,91807,-11874,-30973,18938,6677,-6515,38882,0,0,37432,-1,1450,0,-64799,0,-64799,-0,-1957,5590778
1991:Q2,-11397,29966,16853,11510,5344,6686,-6251,-435,33658,20545,-39414,-28938,-29260,115,4296,-4090,-3416,0,0,-3395,-1,-20,-1,7060,0,7059,1,-1949,5579381
1991:Q3,-63035,3262,22943,8797,6008,6374,2196,-431,43513,63194,-64355,-106417,-107833,-884,2889,-589,14677,0,0,14031,-1,647,-0,-27385,0,-27383,-0,-1942,5516346
1991:Q4,1195,-6972,25770,7381,5716,6725,6385,-437,-18498,14244,10095,-100548,-105839,6737,-1937,491,72187,0,-226,24680,47114,619,0,-38456,-2,-38454,-0,-1928,5517541
1992:Q1,-198229,-123634,14292,5014,5544,6387,-2214,-439,128938,266863,-72015,-55516,-69167,15871,-2155,-66,-11260,0,0,-11370,0,110,0,5239,0,5240,-0,-2580,5319313
1992:Q2,-31055,30311,33189,12139,9029,6385,6078,-441,3295,6173,-58538,-60437,-66942,1477,3128,1901,3353,0,0,3689,0,-337,1,1454,0,1453,0,-2828,5288258
1992:Q3,-59365,-10271,30442,9866,10229,6228,4554,-435,2564,43276,-42208,-67357,-77184,5420,3020,1387,8331,1,0,7818,0,513,-1,-16818,0,-16818,1,-6886,5228893
1992:Q4,-97566,5314,31161,8615,11900,6709,4368,-430,13149,38996,-99541,-73479,-75441,-2910,5364,-492,-63994,-2,572,14145,-79708,998,2,-37932,1290,-39222,-1,-3340,5131326
1993:Q1,44021,30308,37365,7291,12572,6750,11193,-440,75668,82725,16528,-20546,-27066,7394,-2031,1157,12926,4,0,12291,0,634,-4,-24148,0,-24149,0,-2815,5175347
1993:Q2,41919,58125,47094,17693,14652,6868,8304,-422,81692,70661,-14049,-18637,-25247,3690,2024,896,-876,-2,0,-907,0,31,1,-5465,0,-5465,-0,-2158,5217266
1993:Q3,73940,39873,32628,7739,14573,6593,4137,-412,67169,59924,37043,2875,525,3498,-642,-507,7882,6,0,6899,0,983,-7,-26287,0,-26286,0,-2976,5291206
1993:Q4,238356,64556,40926,11606,17874,6571,5302,-426,100179,76548,175489,15758,-30,5675,8121,1993,146163,-3,-74,6368,139691,177,4,-13567,0,-13567,1,-1689,5529562
1994:Q1,30231,23283,45395,10475,19694,6380,9225,-380,47483,69595,14601,52218,33940,16333,2055,-111,-18816,-9,0,-18043,-0,-771,8,18801,0,18801,0,-7653,5559793
1994:Q2,117235,71758,55626,11916,19380,6417,18085,-171,62229,46098,47553,53799,35343,12871,2825,2760,-2215,-7,0,-1283,-0,-933,8,4030,0,4031,-0,-2076,5677028
1994:Q3,159731,59160,49879,9158,20516,6797,14174,-766,39922,30641,101989,47325,34045,4694,5203,3382,16723,-3,0,15437,-0,1287,3,-37942,0,-37943,-0,-1418,5836759
1994:Q4,165955,104950,66511,14508,24426,7124,20847,-395,128320,89881,62732,43340,35045,-4255,7650,4901,-782,-4,-11805,-2808,14213,-382,4,-20174,-11548,-8625,1,-1727,6002714
1995:Q1,137854,9732,69839,10899,27852,7797,23683,-393,20326,80432,129868,34888,9985,5559,12271,7073,35803,11,0,33301,0,2502,-11,-59177,0,-59176,-1,-1746,6140568
1995:Q2,174631,56449,70874,17414,27101,8408,17825,128,83101,97526,120418,21193,112,17994,2069,1018,37853,16,0,35332,0,2521,-16,-61373,0,-61373,-0,-2237,6315199
1995:Q3,157562,29765,67013,15858,26017,9106,9389,6643,94178,131426,136518,38489,26985,8023,6643,-3162,34517,1,0,31764,0,2753,-1,-63512,0,-63511,1,-8721,6472761
1995:Q4,273134,43095,52099,10232,27054,9371,5885,-442,149797,158801,232346,31579,31245,3224,-3977,1088,164856,10,-5892,25203,143362,2183,-9,-35910,0,-35909,-1,-2307,6745895
1996:Q1,112267,32971,58265,19292,27624,10571,842,-65,108397,133690,82298,17990,15666,-3353,5402,276,25933,-20,0,23606,1,2327,20,-38375,0,-38375,1,-3002,6858162
1996:Q2,105597,42658,48870,4330,28418,11240,5054,-172,98517,104730,66224,8087,10457,-5878,3553,-45,22269,-7,0,20321,1,1947,7,-35869,0,-35870,-0,-3285,6963759
1996:Q3,74543,47195,66722,16474,31098,11893,7184,74,96217,115744,31267,-18121,-26283,6259,697,1207,14915,0,0,13659,1,1255,0,-34473,0,-34474,0,-3919,7038302
1996:Q4,471330,47694,71091,18739,31050,12352,5370,3580,89764,113161,431450,198246,189777,4434,-1623,5659,178498,11,1,44308,131908,2282,-11,-54706,-2,-54703,-1,-7814,7509632
1997:Q1,273338,15828,62404,10091,31201,14170,6851,91,51900,98476,260385,255196,256938,-7778,7168,-1131,13715,-18,0,13752,-1,-37,19,8526,0,8528,-0,-2876,7782970
1997:Q2,248675,-16845,76285,5660,33034,14799,16106,6686,-15086,78045,274646,14043,17928,-5291,5949,-4542,117107,15,0,110836,-1,6271,-15,-143496,0,-143496,0,-9125,8031646
1997:Q3,307761,45095,91842,29117,36727,15143,10063,791,75247,121994,265550,121575,119570,-2683,3767,921,59961,21,0,55426,-1,4536,-21,-84014,0,-84013,0,-2884,8339406
1997:Q4,517785,30788,85540,22354,33157,14693,15044,293,45858,100610,489036,317180,330896,-9423,-4257,-36,170327,10,-8,21256,149653,-572,-11,-1529,-1148,-381,0,-2039,8857192
1998:Q1,248081,-46997,89009,19721,35064,14611,19254,359,72988,208993,314555,53361,74829,-15039,2283,-8712,130506,2,0,124001,-1,6505,-2,-130688,0,-130688,-0,-19477,9105273
1998:Q2,166689,9615,76792,19543,34687,14530,5660,2372,139113,206291,178666,161423,173761,-9504,-1260,-1574,31135,9,0,31226,-1,-91,-8,13893,0,13893,0,-21592,9271961
1998:Q3,-170156,105778,83096,25752,33581,14997,7083,1683,177079,154397,-254930,162,8075,-4788,536,-3661,-125915,15,0,-117096,-1,-8818,-16,129177,0,129177,0,-21004,9101806
1998:Q4,731942,18061,78614,17172,36558,15572,9409,-97,354296,414849,733206,81022,77268,-4880,9552,-917,443012,-10,-37,218830,213239,10981,10,-209172,-1,-209171,-1,-19325,9833747
1999:Q1,-16297,25706,95373,29379,38350,16066,12018,-439,217204,286872,-32417,-130332,-136525,-658,3818,3033,62597,-20,0,60578,-0,2018,21,-35318,0,-35319,1,-9585,9817451
1999:Q2,271313,87552,91852,27538,40236,17350,7040,-312,236539,240838,193446,7578,2770,-10168,8119,6857,105179,-27,0,99137,-0,6042,27,-80688,0,-80688,0,-9685,10088763
1999:Q3,112166,116238,70911,-4054,41743,18306,14582,334,321036,275709,7586,205057,207150,-11058,212,8754,-115096,-12,0,-111256,-0,-3839,11,82375,0,82376,-0,-11658,10200930
1999:Q4,901294,23015,109135,24863,38580,18614,27508,-430,183673,269793,897192,104544,82640,2109,15389,4407,592136,-14,-615,247030,330104,15617,14,-200512,0,-200511,-1,-18914,11102223
2000:Q1,-25276,63673,102583,28055,42161,19334,13390,-357,238796,277705,-84019,-212973,-229735,2719,6428,7615,46893,-20,0,41423,-1,5472,19,-82060,0,-82060,-0,-4930,11076947
2000:Q2,340794,116606,114728,26115,45385,19027,24521,-319,388031,386153,229384,327197,321770,-299,6794,-1067,-65506,-10,0,-60888,-1,-4617,10,32308,0,32308,0,-5196,11417741
2000:Q3,427022,111281,110852,32194,44414,19000,15404,-161,365418,364990,321324,330525,319467,1441,6547,3071,-24496,21,0,-24541,-1,44,-20,-15295,0,-15295,0,-5583,11844763
2000:Q4,252497,289189,96780,21315,42366,19626,13810,-337,491811,299401,-431056,110297,111440,-9454,3588,4723,-433612,21,-1,-154441,-268648,-10521,-22,107742,1,107743,-1,394365,12097260
2001:Q1,-306758,124584,81188,28754,37274,17861,-3321,620,203267,159871,-408745,-62114,-37434,-21332,-1918,-1428,-220949,42,0,-208078,1,-12871,-42,125682,0,125681,1,-22597,11790503
2001:Q2,137001,-13812,66968,24120,29113,15881,-1748,-398,24230,105009,172704,18257,34012,-3478,-3331,-8946,85527,-10,0,80488,1,5039,10,-68919,0,-68920,0,-21891,11927503
2001:Q3,-203062,214232,61341,36039,23197,13867,-11270,-491,183120,30229,-387342,20569,42869,-6478,-7436,-8387,-236338,28,0,-222162,1,-14177,-28,171573,0,171573,-0,-29952,11724441
2001:Q4,-529650,-42658,32789,28188,19527,11667,-25974,-618,-42048,33400,-467627,-273138,-265569,-680,-935,-5954,-328407,-10,-3543,124904,-458391,8624,10,-133918,0,-133918,0,-19365,11194791
2002:Q1,119645,-15374,35010,13681,14454,10139,-2539,-725,34833,85217,133035,138071,160533,-8235,-1926,-12300,-577,-23,0,-773,-1,198,23,4459,0,4458,-1,1984,11314437
2002:Q2,-165780,173135,30825,19714,11671,9839,-9654,-746,174512,32203,-340840,-43288,-61392,-5291,-1371,24766,-185728,20,0,-176520,-1,-9207,-19,111824,0,111823,0,1925,11148657
2002:Q3,-74313,186816,46590,5599,10628,9639,21337,-614,134566,-5660,-262843,74777,99357,-26683,3078,-975,-207509,36,0,-195445,-1,-12063,-36,130110,0,130111,0,1714,11074344
2002:Q4,-24811,-37249,33074,14372,8915,8668,1676,-556,33769,104091,10859,251749,237570,851,-4094,17422,-342622,16,-23,72238,-418044,3206,-15,-101732,-7075,-94656,-1,1579,11049533
2003:Q1,245109,117361,68642,17056,9014,9044,34088,-560,48280,-440,122785,195877,215760,-21119,-261,1496,-37953,7,0,-35398,1,-2554,-8,35140,0,35139,1,4963,11294642
2003:Q2,225321,-53163,19455,13853,12900,9561,-16435,-424,-90310,-17692,273302,-55345,-59348,-12666,8562,8106,147025,24,0,137419,1,9605,-24,-181622,0,-181621,-0,5183,11519963
2003:Q3,-45574,13087,42202,10903,15470,10471,5897,-538,-7548,21567,-64314,-153093,-140538,-19790,8453,-1217,25560,-12,0,22693,1,2867,12,-63219,0,-63220,-0,5653,11474389
2003:Q4,841423,-5360,30968,621,16921,10637,3457,-668,-24100,12228,840647,120913,94595,5811,4702,15805,580294,-10,4181,118970,448891,8252,10,-139440,-816,-138626,1,6137,12315812
2004:Q1,514087,91114,74080,15674,14283,9906,34783,-567,172759,155726,443381,381263,365786,13344,2880,-746,17572,17,1,14221,-1,3351,-17,-44547,0,-44548,-0,-20408,12829899
2004:Q2,499501,115301,57916,12460,18593,9769,17577,-483,180249,122864,405089,373657,322691,31197,1615,18155,15131,-56,1,14582,-1,549,56,-16302,0,-16302,0,-20889,13329401
2004:Q3,493245,119385,70261,11933,21552,11169,26130,-522,186403,137280,403688,442340,431479,3591,-170,7440,-27486,31,1,-26217,-1,-1269,-31,11167,0,11166,0,-29827,13822646
2004:Q4,553923,47281,63934,15094,24809,11895,12577,-440,182067,198720,528366,58360,12713,25386,6478,13785,352486,-7,-7218,97337,253057,9310,7,-117520,-2653,-114867,-1,-21724,14376569
2005:Q1,314386,71058,108620,17891,25883,13670,51208,-33,215457,253018,248575,283715,257422,28245,5128,-7079,-33044,-34,-0,-31380,0,-1663,34,2096,1,2098,-0,-5247,14690955
2005:Q2,294245,57233,62782,20453,28339,14707,-749,33,251536,257084,241765,176181,145205,10437,9529,11012,11821,14,-0,10345,0,1476,-14,-53763,1,-53764,1,-4753,14985200
2005:Q3,554199,125665,101145,23833,31500,15340,29690,782,228297,203778,453368,338895,342389,-14312,4879,5939,39970,-18,-0,34664,0,5307,17,-74504,1,-74503,-0,-24834,15539399
2005:Q4,665120,112172,75973,23321,31681,13963,7006,2,239625,203425,558437,298497,260620,-420,10236,28061,223581,-12,9977,17270,193315,3019,12,-36360,12705,-49063,-0,-5489,16204519
2006:Q1,514909,87849,119659,19244,36933,14530,48840,112,118929,150739,506667,223135,231848,10898,8691,-28301,238003,-70,12774,39476,179557,6196,70,-45529,11661,-57190,0,-79607,16719428
2006:Q2,429420,120038,107207,29123,37595,15238,25116,135,242326,229495,322397,406042,374228,9453,1451,20910,-44533,-46,1,-19854,-22180,-2499,46,39112,-1,39111,1,-13015,17148848
2006:Q3,534762,84474,111320,25461,37802,17087,30623,348,121525,148371,463900,253877,229292,29033,2269,-6716,147657,71,1,50155,93800,3701,-71,-62366,2,-62368,-0,-13612,17683610
2006:Q4,658733,59218,87381,28767,36269,18293,-8608,12661,140797,168960,625824,236996,184844,25444,7233,19476,303182,-8,-5398,59516,241285,7779,8,-85646,-8080,-77567,-0,-26310,18342343
2007:Q1,464623,76768,113982,21905,35965,17789,38426,-102,230300,267513,404313,288879,263118,18573,14900,-7712,95099,3,12805,1741,77742,2810,-2,-20335,-2493,-17845,0,-16458,18806966
2007:Q2,857569,74905,121307,57935,35956,17538,9772,107,265410,311812,799181,457329,406577,14717,8867,27169,268255,-64,1,56564,203382,8309,64,-73597,72,-73671,-1,-16517,19664534
2007:Q3,375918,54356,100553,26992,35105,16792,22171,-506,240662,286858,337316,195617,203622,-8077,4723,-4651,111857,14,-57,16185,92650,3077,-13,-29843,-92,-29751,1,-15755,20040452
2007:Q4,-106202,163041,95234,37934,35549,18024,3063,666,314622,246815,-252468,-57651,-95306,-13769,3799,47626,-121303,12,8329,-40737,-84409,-4485,-13,73514,23788,49729,0,-16776,19934250
2008:Q1,-1533327,-40740,165362,44369,34216,18955,65804,2019,-88220,117883,-1485567,-787922,-776948,-19634,10537,-1878,-550912,-39,4709,-102495,-440376,-12750,39,146732,5269,141463,-1,-7020,18400923
2008:Q2,-127237,-84522,121623,48406,32078,19128,17182,4830,-70480,135665,-32617,213433,152350,-17583,5346,73322,-197893,-49,5652,-31890,-170139,-1516,49,48157,10133,38023,1,-10098,18273686
2008:Q3,-1265766,-36089,96800,41793,26835,15727,10607,1838,-109021,23868,-1216592,-225952,-221484,29000,6000,-39469,-844483,-196,5121,-89778,-744295,-15530,196,146157,-1236,147394,-1,-13086,17007920
2008:Q4,-1745190,-235625,-44022,8530,10327,12473,-84566,9214,-63466,128137,-1494547,-281748,-273504,91500,-8815,-90928,-947708,27,2005,-219224,-705101,-25387,-28,265091,212,264881,0,-15018,15262730
2009:Q1,-837114,181535,-8479,24195,-5693,7497,-40846,6369,14295,-175719,-1015467,-565576,-538047,10152,-10726,-26956,-348141,-40,2784,-92353,-252005,-6567,40,101750,-6784,108535,-0,-3182,14425616
2009:Q2,-764433,1199,-58446,6704,-10769,9155,-64182,645,923,-58723,-768167,-1448642,-1471388,-894,-10208,33848,538209,454,968,103330,421875,12037,-455,-142267,1247,-143512,0,2535,13661184
2009:Q3,633201,79507,-4719,15217,-8330,9916,-21367,-155,43837,-40390,550368,-210927,-194383,-13848,3831,-6527,596242,334,-2,113683,468946,13614,-333,-165052,-1,-165052,1,3326,14294385
2009:Q4,-42036,207133,15278,12463,-3783,13248,-6403,-247,178352,-13503,-252580,-443767,-460683,-26827,15171,28573,144185,-18,-1673,46396,98107,1354,18,-47002,1,-47001,-0,3411,14252349
2010:Q1,340640,76727,22935,-15357,3644,11170,23801,-323,110723,56931,305631,198176,220843,-35427,1262,11496,52256,57,-6890,42055,12683,4408,-56,-55200,7825,-63025,0,-41718,14592989
2010:Q2,35761,271992,139458,108351,12045,10834,8309,-81,199021,66487,-193660,523101,498029,10483,11614,2977,-596401,89,373,-105826,-478560,-12388,-89,120360,-74,120435,-1,-42571,14628750
2010:Q3,582133,34756,55289,-27163,19765,12144,50765,-222,129242,149775,590421,-41968,-61218,23876,-3376,-1251,503156,144,2,83054,405588,14512,-144,-129233,419,-129652,1,-43044,15210883
2010:Q4,-1213490,140309,49421,-4746,21840,13627,19154,-454,115590,24702,583192,163734,84288,22339,14066,43040,312398,-3563,11091,86223,208839,9639,170,-107060,474,-107534,-0,-1936990,13997393
2011:Q1,634193,74907,131103,22748,24327,13927,70531,-429,115295,171492,575001,284348,248360,9726,18445,7818,210955,-716,-9621,49732,164393,7129,38,-79698,-8579,-71119,1,-15715,14631586
2011:Q2,-32962,128381,59270,5493,25758,14368,13959,-307,161799,92688,-145449,-60870,-131731,25465,10718,34679,-86887,1727,1453,-3810,-86494,277,-39,-2307,9,-2316,-0,-15894,14598624
2011:Q3,-1136760,144223,82186,4250,33458,15139,29416,-76,183877,121840,-1264800,-114604,-98875,7682,4666,-28077,-958414,3787,-2490,-139758,-798458,-21453,-42,191782,-143,191925,-0,-16182,13461864
2011:Q4,524077,-306061,70785,23574,35795,16048,-4429,-203,-84246,292599,846250,465076,434399,16905,-2759,16531,258647,249,1042,93783,155488,8104,-19,-122527,-3721,-118807,1,-16113,13985941
2012:Q1,479652,-97548,133717,23975,39108,14975,55721,-62,10202,241467,587138,12010,8609,7055,14263,-17917,410038,-824,9837,112948,273036,15084,-43,-165090,-19062,-146028,-0,-9938,14465593
2012:Q2,-200182,203006,71871,20685,41979,14848,-5507,-134,320129,188994,-391819,-11199,-17185,-5654,5664,5977,-340604,1279,13077,-34422,-315212,-5272,-54,40017,-120,40137,0,-11368,14265412
2012:Q3,489374,-45667,125238,18056,39078,13935,54275,-105,72301,243206,547941,179834,166826,8239,8353,-3583,288933,491,-99,57991,222708,7960,-118,-79175,365,-79540,-1,-12900,14754786
2012:Q4,24838,-213409,57447,22935,39405,14074,-19513,548,-81328,189528,260394,167551,139127,9770,-10318,28973,92243,-535,-127,-10628,102066,1442,26,-599,-5857,5258,1,-22147,14779624
2013:Q1,384921,32759,103768,14736,39091,16088,33645,208,117031,188040,452118,96540,95454,-3259,-4503,8848,230953,-605,-1957,104289,119706,9452,68,-124626,515,-125141,-1,-99956,15164544
2013:Q2,219288,-43877,49548,12240,34733,14370,-12263,468,81716,175141,365940,479521,451242,-6696,12726,22249,-114198,-2442,633,27109,-138680,-993,175,-617,68,-685,-0,-102775,15383832
2013:Q3,1048124,104602,134214,30990,33334,15970,53285,634,296780,326392,1049022,542859,561888,-2054,11899,-28874,425732,-665,639,55133,361445,9163,17,-80430,-971,-79459,0,-105500,16431956
2013:Q4,546131,124012,79049,26060,40346,17213,-4636,66,232075,187113,529608,16091,-26236,-13774,22719,33382,392911,-861,-360,122450,261219,10446,16,-120607,171,-120778,0,-107490,16978087
2014:Q1,-49789,-23458,149612,34157,42445,18020,54882,109,44454,217525,-19796,-135731,-139672,-8799,12428,311,74433,1233,2157,17641,50374,3106,-79,-41503,-8256,-33247,0,-6536,16928297
2014:Q2,838591,48361,103691,33905,48461,20459,676,190,167834,223165,796358,474178,447468,-379,-965,28054,250876,916,4459,65075,173289,7208,-71,-71304,623,-71927,0,-6128,17766888
2014:Q3,-71153,107136,153764,34668,53105,21521,43146,1324,263959,310586,-168014,150773,190797,-7053,6002,-38973,-301933,327,0,8986,-307717,-3587,59,16855,-86,16942,-0,-10275,17695735
2014:Q4,29426,-219777,76048,30736,49247,21943,-25842,-36,209830,505655,256152,286898,292378,-1278,3097,-7300,-95944,899,0,64950,-163677,1892,-8,-65198,-564,-64634,-0,-6949,17725161
2015:Q1,524283,14762,135703,28405,48268,19065,40108,-142,196417,317359,508109,406947,444714,-9423,20231,-48575,67939,654,-4176,6784,59874,4864,-61,-33223,-2822,-30401,1,1413,18249444
2015:Q2,258269,106467,132114,23092,46311,17628,15046,30039,473721,499369,181729,260280,242858,-14476,7229,24669,-54594,-1635,3248,-3583,-51997,-866,239,23956,2780,21176,-0,-29927,18507713
2015:Q3,-656220,223447,134414,30857,46683,18313,38740,-178,510880,421846,-878798,-90338,-9465,-24485,-10018,-46370,-676011,628,3629,-106487,-557398,-16417,35,112450,1137,111313,0,-869,17851493
2015:Q4,-24711,-159014,57777,26192,42910,21083,-32163,-246,-37689,179102,136265,-117356,-93952,-17100,-25492,19188,195946,-505,1013,91575,97849,5927,87,-57674,871,-58545,0,-1961,17826782
2016:Q1,-226289,13827,134514,43085,40767,24577,26361,-276,53371,174058,-225223,-257930,-208338,-12313,-14796,-22482,-46560,1395,-10512,11595,-49388,512,-162,-79268,-42599,-36669,-0,-14893,17600494
2016:Q2,552028,158293,91870,18493,35911,28245,1392,7829,431150,364726,416573,459254,406222,-10102,18889,44246,-84587,1748,5,29014,-119525,4279,-108,-41905,4310,-46214,-0,-22838,18152522
2016:Q3,794344,138440,105882,19034,34902,29342,22555,48,289102,256543,670801,327796,356266,-5404,279,-23345,290170,-590,-4037,52021,233989,8795,-8,-52836,2178,-55014,1,-14897,18946866
2016:Q4,99833,-53731,66477,21501,35756,28491,-18932,-338,186590,306798,172499,140695,59097,-972,25632,56938,25076,-3240,-21,53434,-24997,-307,207,-6728,-2215,-4513,-0,-18935,19046699
2017:Q1,439870,155144,117347,34902,37507,28133,17120,-314,19246,-18552,303998,-164813,-198001,14607,7679,10903,397471,160,9156,94789,281712,11670,-17,-71340,7837,-79177,0,-19272,19486569
2017:Q2,1283653,146105,91763,17701,41126,25947,7375,-385,132470,78128,1157274,882303,861718,3301,20688,-3404,227135,685,-158,45887,173635,7164,-79,-47836,1460,-49295,-0,-19726,20770222
2017:Q3,413785,258337,148576,21857,43357,26362,55687,1315,425438,315677,197088,-250990,-232084,2498,17394,-38798,386090,45,2,71683,305016,9357,-12,-61987,-156,-61830,-0,-41640,21184007
2017:Q4,787197,155739,93619,19489,47904,27924,-1249,-450,1309,-60811,652168,269791,203352,2385,17423,46632,306579,-280,-143,113846,184375,8781,-0,-75798,4104,-79902,0,-20710,21971204
2018:Q1,-43131,162331,162471,36100,50094,30698,46148,-568,296793,296933,-193833,137147,102568,8082,24540,1958,-284437,-2153,-589,-23870,-256089,-1976,240,46544,5639,40905,0,-11629,21928073
2018:Q2,156350,33648,125620,38164,48658,34099,5175,-476,192278,284251,134188,96438,53756,11057,12675,18949,7194,-548,-125,56211,-51736,3236,156,-30557,901,-31459,-0,-11486,22084423
2018:Q3,205441,-68704,177262,39611,46753,33828,57637,-567,172692,418659,287100,55408,44333,34272,1919,-25117,143520,-1011,19,141140,-5477,8847,2,-88172,1170,-89342,-0,-12955,22289864
2018:Q4,-1155527,-2005,114807,39646,45097,34436,-4960,588,193559,310371,-1537698,-129607,-154552,4003,-7301,28242,-1174644,1299,-50,-292223,-851636,-32143,110,233447,1431,232016,0,384176,21134337
2019:Q1,1326624,-157104,166447,35018,41363,32933,56498,636,370528,694079,1560889,558218,533110,23621,22305,-20818,786001,1926,-18236,233867,542757,26098,-410,-216670,-6715,-209954,-1,-77161,22460961
2019:Q2,1180915,323012,140370,61293,39139,32926,7492,-479,664487,481846,900804,586508,567289,4156,18676,-3612,232132,2540,-2125,76745,146773,8519,-321,-82164,900,-83064,1,-42900,23641876
2019:Q3,75955,306464,159963,60537,33607,33162,33054,-397,717209,570708,-187238,-141805,-102756,-7604,985,-32430,-75141,1596,-2021,25035,-99891,339,-200,-29708,-2781,-26926,-0,-43271,23717831
2019:Q4,764386,172396,84939,49848,27940,34559,-26800,-608,652402,564945,635338,-62566,-96277,-6507,-9577,49795,583199,-1009,-1804,182030,387770,16234,-22,-114705,-78,-114628,1,-43348,24482217
2020:Q1,-1789927,195665,69069,11237,16164,35402,6845,-579,532276,405680,-2153439,173758,191769,27115,19055,-64182,-1996881,5096,-6103,-457935,-1486268,-52225,554,330316,1790,328528,-1,167847,22692290
2020:Q2,925123,-280624,-55410,-7,-5860,30400,-79211,-732,-214869,10346,1212733,-249733,-315376,18479,54399,-7235,1155682,206,1,365606,748762,42056,-949,-306784,-2031,-304753,-0,-6985,23617414
2020:Q3,1302354,425948,83136,-14113,12565,33308,49657,1720,183468,-159344,885826,325887,277953,-2357,16814,33478,445964,-1303,3,183458,245347,18509,-50,-113975,2334,-116310,0,-9421,24919768
2020:Q4,1937578,16722,73085,2857,19192,37943,13847,-753,-68228,-11865,1927788,579072,454330,-4821,52342,77222,1122881,-1517,-2,270317,823231,31091,-238,-225835,-7884,-217952,0,-6932,26857345
2021:Q1,1007239,174450,167111,29779,22749,41560,69147,3876,256517,249178,855526,321001,170824,90590,-1483,61071,500196,-5526,2,171148,322147,11686,739,-34329,-1648,-32681,0,-22737,27864584
2021:Q2,1481482,127789,112778,29611,25563,44588,13823,-807,237003,221992,1370933,534922,428596,4895,14281,87150,669489,1481,1,219880,426401,22069,-343,-166522,-10675,-155848,-0,-17240,29346067
2021:Q3,1616610,594517,178191,9151,20924,44946,99545,3626,555872,139546,1059635,1204707,1063981,115623,31298,-6195,-124300,-885,-9152,6742,-118357,-2844,196,20772,383,20388,1,-37543,30962676
2021:Q4,1603697,28499,184211,32286,20450,47081,85275,-880,285162,440874,1609144,855694,617731,129945,30156,77863,630949,-564,-1523,305307,311775,15781,172,-122502,3817,-126318,-1,-33946,32566374
2022:Q1,-986583,185019,350287,39577,28553,49559,152334,80264,656407,821675,-1078962,-95640,-282668,101004,36000,50023,-786390,-9638,-4204,-159031,-587040,-28146,1669,196932,-2062,198994,1,-92640,31579790
2022:Q2,-1698740,198349,153878,12566,30586,51517,55719,3491,674211,629740,-1898348,242139,-3003,101104,37930,106108,-1794843,-6651,14798,-484583,-1266855,-53336,1784,345644,-1536,347181,-0,1259,29881051
2022:Q3,-563487,122741,212140,42308,31852,51682,64505,21793,729674,819072,-643881,250906,241215,65478,24907,-80693,-762970,-7376,30432,-128200,-639056,-19920,1150,131818,1208,130611,-1,-42347,29317563
2022:Q4,1155499,-8233,74616,27302,29085,51741,-32742,-770,630244,713092,1168062,140741,29175,71807,24166,15593,926205,1680,827,160736,743583,19869,-490,-101116,2672,-103788,0,-4330,30473063
2023:Q1,787294,-40988,159149,36540,25769,51704,46068,-931,24108,224245,827351,-9199,-112306,121062,45663,-63618,720040,3975,7759,190319,500563,17929,-505,-116510,-1364,-115146,-0,931,31260357
2023:Q2,906019,65991,72135,29131,26390,51276,-33713,-948,248016,254160,839081,398105,386551,-18334,35883,-5996,347852,-2394,-21563,215886,150091,15623,-9791,-93124,-7727,-85397,0,947,32166376
2023:Q3,-709709,338922,172065,61083,22865,50818,37338,-38,410188,243331,-1048669,-370792,-433210,36732,28637,-2951,-582445,-6397,5476,-103266,-474816,-13569,10128,95432,2688,92743,1,38,31456668
2023:Q4,79934,-86547,70935,43539,20184,51794,-43680,-902,-5963,151519,165580,-1037834,-1147930,23599,41098,45400,972536,10046,0,308020,664642,33341,-43513,-230879,-8734,-222142,-3,901,31536602
2024:Q1,716853,-19874,175944,51533,19896,54818,50683,-986,229934,425752,735740,-46010,-118610,65715,21448,-14562,658715,-2028,-2,311315,380955,25343,-56870,-123036,-1,-123037,1,986,32253454
