date,FU266905095.A,FU266903001.A,FU266904195.A,FU266400101.A,FU266900095.A,FU266903011.A,FU266904095.A,FU266400201.A,FU266000095.A,FU266000095.A,FU265440005.A,FU265420095.A,FU265000905.A,FU265000905.A,FU264090005.A,FU263011005.A,FU263011205.A,FU313111303.A,FU264000005.A,FU263025003.A,FU263027003.A,FU263030005.A,FU264016005.A,FU264022005.A,FU263069103.A,FU263061105.A,FU263061705.A,FU263062003.A,FU263063005.A,FU264035005.A,FU264041005.A,FU262051005.A,FU263069005.A,FU263092305.A,FU263081005.A,FU263034003.A,FU263064105.A,FU263064203.A,FU263092101.A,FU263052005.A,FU263076005.A,FU543141905.A,FU543151905.A,FU263096005.A,FU264194005.A,FU313011303.A,FU264100005.A,FU263111503.A,FU263111403.A,FU263191005.A,FU313091105.A,FU264122005.A,FU263169105.A,FU263163005.A,FU264135005.A,FU264141005.A,FU262151003.A,FU263169005.A,FU263168005.A,FU713091103.A,FU263192305.A,FU263181105.A,FU263164100.A,FU313092803.A,FU263192101.A,FU263152005.A,FU263196005.A,FU263170005.A,FU263194735.A,FU265000005.A,FV268090185.A,FV268090085.A,FU267005085.A,FR264090005.A,FR263011005.A,FR264000005.A,FR264022005.A,FR263069103.A,FR263061105.A,FR263061705.A,FR263062003.A,FR263063005.A,FR263092305.A,FR263081005.A,FR263064105.A,FR263064203.A,FR263092101.A,FR263096005.A,FR264194005.A,FR313011303.A,FR264100005.A,FR263111503.A,FR263111403.A,FR263191005.A,FR263191103.A,FR263163005.A,FR264135005.A,FR263169203.A,FR263192305.A,FR263181105.A,FR263164100.A,FR263192101.A,FR263152005.A,FR263196005.A,FR265000005.A,FC262090095.A,FL264090005.A,FL313111303.A,FL264000005.A,FL263025003.A,FL263027003.A,FL263030005.A,FL264016005.A,FL264022005.A,LM263069103.A,LM263061105.A,LM263061705.A,LM263062003.A,LM263063005.A,FL264035005.A,FL264041005.A,FL262051005.A,FL263069005.A,FL263092305.A,FL263081005.A,FL263034003.A,LM263064105.A,LM263064203.A,LM263092101.A,FL263052005.A,FL263076005.A,FL543141905.A,FL543151905.A,LM263096005.A,FL262100005.A,FL264194005.A,FL313011303.A,FL264100005.A,FL263111503.A,FL263111403.A,LM263191005.A,FL313091105.A,FL264122005.A,FL263169105.A,LM263163005.A,FL264135005.A,FL264141005.A,FL262151003.A,FL263169005.A,FL263168005.A,FL713091103.A,FL263192305.A,FL263181105.A,LM263164100.A,FL313092803.A,LM263192101.A,FL263152005.A,LM263196005.A,LM263170005.A,FL263194735.A,FL262090095.A
1960,28761,22841,1775,4145,31933,27045,4888,0,-3171,-3171,0,-0,-3171,-3171,4307,1703,1703,0,1054,0,-18,284,788,904,534,291,0,0,79,64,0,0,0,64,454,0,203,0,251,0,0,0,0,128,5766,0,89,0,-442,3,528,577,0,577,1273,1159,0,1053,106,0,114,3066,86,154,2826,0,761,761,0,-1459,1712,0,-1712,-1961,-1703,0,0,0,0,0,0,0,2,-260,-264,0,4,0,-680,0,13,0,0,13,0,0,-35,0,-35,-658,209,-867,0,0,-1281,-2740,36920,0,7184,0,2122,2859,2203,12610,1291,10651,0,0,668,1429,0,0,0,1429,14798,0,9302,0,5496,0,0,0,0,899,36920,65461,0,4643,0,1555,148,2940,5784,0,5784,17875,16636,0,14391,2245,0,1239,35434,3984,824,30626,0,1725,1725,0,-28541
1961,28695,22688,1788,4219,32909,27602,5307,0,-4214,-4214,0,-1,-4213,-4213,3145,857,857,0,914,0,976,52,-114,454,69,384,0,0,1,65,0,0,0,65,569,0,323,0,246,0,0,0,0,286,5849,0,600,116,135,88,261,437,0,437,1659,1556,0,1074,482,0,103,3047,325,171,2551,0,106,106,0,-2704,1509,0,-1509,1343,-857,0,0,0,0,0,0,0,3,2197,2183,0,14,0,791,0,0,0,0,0,0,0,8,0,8,783,593,190,0,0,552,-2152,41408,0,8098,0,3098,2911,2089,13064,1360,11035,0,0,669,1497,0,0,0,1497,17564,0,11808,0,5756,0,0,0,0,1185,41408,72101,0,5243,116,1690,236,3201,6221,0,6221,19542,18192,0,15465,2727,0,1350,39264,4902,995,33367,0,1831,1831,0,-30693
1962,31207,24965,1847,4395,35006,29066,5940,0,-3800,-3800,0,1,-3801,-3801,3363,890,890,0,280,0,135,498,-353,1733,27,1344,337,0,25,72,0,0,0,72,383,0,109,0,274,0,0,0,0,5,4753,0,-523,-17,-626,-125,245,994,0,994,973,861,0,681,180,0,112,2836,-25,122,2739,0,473,473,0,-1390,2411,0,-2411,-2515,-890,0,0,0,0,0,0,0,-10,-1615,-1581,0,-34,0,224,0,679,0,0,679,0,0,-12,0,-12,-443,-163,-280,0,0,-2739,-4129,42256,0,8378,0,3233,3409,1736,14797,1387,12379,337,0,694,1559,0,0,0,1559,16332,0,10336,0,5996,0,0,0,0,1190,42256,77078,0,5399,99,1064,790,3446,7215,0,7215,20503,19053,0,16146,2907,0,1450,41657,4714,1117,35826,0,2304,2304,0,-34822
1963,32658,26136,2053,4469,37605,31075,6530,0,-4947,-4947,0,-0,-4947,-4947,3636,461,461,0,1234,0,266,851,117,1096,50,654,335,0,57,48,0,0,0,48,408,0,225,0,183,0,0,0,0,389,6680,0,322,113,-29,-209,447,993,0,993,2198,2063,0,1626,437,0,135,3522,112,62,3348,0,-355,-355,0,-3044,1874,-29,-1903,1512,-461,0,0,0,0,0,0,0,10,1963,1924,0,39,0,446,0,150,0,0,150,0,0,-1,0,-1,297,319,-22,0,0,1066,-2007,47404,0,9612,0,3499,4260,1853,15893,1437,13033,672,0,751,1617,0,0,0,1617,18703,0,12485,0,6218,0,0,0,0,1579,47404,84233,0,5871,212,1035,731,3893,8208,0,8208,22729,21145,0,17772,3373,0,1584,45476,5145,1179,39152,0,1949,1949,0,-36829
1964,34791,28105,2319,4367,42258,35019,7239,0,-7468,-7468,0,-0,-7468,-7468,3688,125,125,0,2140,0,959,1255,-74,1015,183,288,336,0,208,67,0,0,0,67,-37,0,-292,0,255,0,0,0,0,378,8309,0,76,220,-266,103,19,467,0,467,3083,2937,0,1957,980,0,146,3935,211,112,3612,0,748,748,0,-4621,6462,3615,-2847,1507,-125,0,0,0,0,0,0,0,-3,1635,1642,0,-7,0,163,0,263,0,0,263,0,0,0,0,0,-100,-86,-14,0,0,1344,338,56394,0,15547,3795,4458,5515,1779,16908,1620,13321,1008,0,959,1681,0,0,0,1681,20301,0,13835,0,6466,0,0,0,0,1957,56394,92885,0,6210,432,769,1097,3912,8675,0,8675,25992,24262,0,19718,4544,0,1730,49311,5270,1291,42750,0,2697,2697,0,-36491
1965,38870,31529,2602,4739,45027,37146,7881,0,-6158,-6158,0,-0,-6158,-6158,3236,1666,1666,0,796,131,125,566,-26,477,362,-265,336,0,44,86,0,0,0,86,-72,0,-400,0,328,0,0,0,0,283,7850,0,147,349,94,-312,16,460,0,460,2156,1961,0,1522,439,0,195,5115,299,0,4816,0,-28,-28,0,-4614,1597,53,-1544,-531,-1666,0,0,0,0,0,0,0,-6,1141,1164,0,-23,0,5394,0,-4,0,0,-4,0,0,230,0,230,5168,-521,5689,0,0,-5925,-10486,59099,0,16343,3926,4583,6081,1753,17385,1982,13056,1344,0,1003,1761,0,0,0,1761,21370,0,14599,0,6771,0,0,0,0,2240,59099,106076,0,6353,781,863,781,3928,9135,0,9135,28325,26170,0,21187,4983,0,2155,59594,5048,1291,53255,0,2669,2669,0,-46977
1966,45183,37058,3001,5124,48991,40920,8071,0,-3808,-3808,0,-1,-3807,-3807,4910,571,571,0,3739,336,380,332,2691,-124,230,-1904,336,0,1214,88,0,0,0,88,33,0,-305,0,338,0,0,0,0,603,7899,0,372,540,-537,104,265,735,0,735,1358,1147,0,1328,-181,0,211,5092,-15,-100,5207,0,342,342,0,-2989,728,-90,-818,-2233,-571,0,0,0,0,0,0,0,-3,-1659,-1651,0,-8,0,-2495,0,0,0,0,0,0,0,-70,0,-70,-2425,-709,-1716,0,0,262,-2817,61776,0,20082,4262,4963,6413,4444,17261,2212,11152,1680,0,2217,1846,0,0,0,1846,19744,0,12643,0,7101,0,0,0,0,2843,61776,111570,0,6725,1321,326,885,4193,9870,0,9870,29703,27407,0,22605,4802,0,2296,62261,4324,1191,56746,0,3011,3011,0,-49794
1967,48666,39912,3289,5465,52149,43467,8682,0,-3483,-3483,0,1,-3484,-3484,8938,1170,1170,0,2796,235,327,1266,968,2776,35,2087,336,0,318,144,0,0,0,144,1252,0,698,0,554,0,0,0,0,800,10943,0,992,1024,94,84,-210,1216,0,1216,3146,2959,0,2913,46,0,187,4904,92,193,4619,0,685,685,0,-2005,1479,0,-1479,11063,-1170,0,0,0,0,0,0,0,13,12220,12170,0,50,0,2670,0,86,0,0,86,0,0,69,0,69,2515,822,1693,0,0,8393,6388,81777,0,22878,4497,5290,7679,5412,20037,2247,13239,2016,0,2535,2003,0,0,0,2003,33216,0,25511,0,7705,0,0,0,0,3643,81777,125183,0,7803,2345,420,1055,3983,11086,0,11086,32918,30366,0,25518,4848,0,2552,69680,5238,1384,63058,0,3696,3696,0,-43406
1968,56475,46556,4017,5902,58008,47906,10102,0,-1533,-1533,0,-0,-1533,-1533,11094,1173,1173,0,2665,289,561,-270,2085,2569,579,-662,336,0,2316,167,0,0,0,167,2738,0,2097,0,641,0,0,0,0,1782,11705,0,2514,1175,870,532,-63,1084,0,1084,1796,1591,0,2050,-459,0,205,5702,485,128,5089,0,609,609,0,-611,922,0,-922,688,-1173,0,0,0,0,0,0,0,-10,1871,1909,0,-38,0,3502,0,8,8,0,0,0,0,108,0,108,3386,729,2657,0,0,-2814,-3425,93559,0,25543,4786,5851,7409,7497,22606,2826,12577,2352,0,4851,2160,0,0,0,2160,37825,0,29517,0,8308,0,0,0,0,5425,93559,140390,0,10325,3528,1290,1587,3920,12170,0,12170,34822,31957,0,27568,4389,0,2865,78768,6452,1512,70804,0,4305,4305,0,-46831
1969,62098,50492,5664,5942,63701,51922,11779,0,-1604,-1604,-2,0,-1602,-1602,17534,-967,-967,0,14276,493,324,1380,12079,558,994,-2337,336,0,1565,259,0,0,0,259,2569,0,1565,0,1004,0,0,0,0,839,9960,0,-289,-820,1034,-414,-89,1028,0,1028,2197,1966,0,2421,-455,0,231,6433,521,184,5728,0,591,591,0,7574,4349,-4827,-9176,-3401,967,0,0,0,0,0,0,0,-8,-4360,-4321,0,-39,0,3498,0,73,73,0,0,0,0,135,0,135,3290,-20,3310,0,0,-6899,-4152,102865,0,34992,5279,6175,8789,14749,23164,3820,10240,2688,0,6416,2411,0,0,0,2411,36034,0,26761,0,9273,0,0,0,0,6264,102865,153848,0,10109,2781,2324,1173,3831,13198,0,13198,37154,33923,0,29989,3934,0,3231,88491,6953,1696,79842,0,4896,4896,0,-50983
1970,68818,55760,6440,6618,72542,59709,12833,0,-3724,-3724,-5,0,-3719,-3719,10081,1654,787,867,-7003,464,521,-1664,-6324,11796,487,9492,324,0,1493,302,0,0,0,302,1859,0,697,0,1162,0,0,0,0,1473,9809,851,-2903,-2155,-389,-375,16,874,0,874,2293,1998,0,2139,-141,0,295,7730,202,233,7295,0,964,964,0,272,3991,0,-3991,-960,-787,0,0,0,0,0,0,0,16,-189,-249,0,60,0,3107,0,3,3,0,0,0,0,143,0,143,2961,-582,3543,0,0,-4067,-3795,111986,867,27989,5743,6696,7125,8425,34960,4307,19732,3012,0,7909,2729,0,0,0,2729,37704,0,27209,0,10495,0,0,0,0,7737,111986,166764,851,7209,629,1935,798,3847,14072,0,14072,39590,35921,0,32128,3793,0,3669,99182,6573,1929,90680,0,5860,5860,0,-54778
1971,76663,62342,6417,7904,76974,62963,14011,0,-311,-311,-16,-1,-294,-294,25624,1583,866,717,-4869,479,-193,329,-5484,27887,-159,26554,39,0,1453,76,0,0,0,76,1128,0,836,0,292,0,0,0,0,-181,7871,249,-1477,-381,-1350,436,-182,940,0,940,3400,3246,0,2120,1126,0,154,4198,173,247,3778,0,561,561,0,17753,18580,533,-18047,1930,-730,0,0,0,0,0,0,0,6,2790,2766,0,24,-136,6642,94,32,32,0,0,0,0,218,0,218,6298,895,5403,0,0,-4712,13574,140073,1720,23653,6222,6503,7454,3474,62847,4148,46286,3051,0,9362,2811,0,0,0,2811,41622,0,30811,0,10811,0,0,0,0,7420,140073,181277,1194,5764,280,585,1234,3665,15012,0,15012,43208,39167,0,34248,4919,0,4041,109678,7641,2176,99861,0,6421,6421,0,-41204
1972,91162,74216,7720,9227,87121,70843,16278,0,4041,4041,-30,0,4071,4071,19333,1257,547,710,3311,584,1602,2904,-1779,10331,-62,8174,145,0,2074,196,0,0,0,196,3186,0,2434,0,752,0,0,0,0,1052,7257,703,620,1,-153,938,-166,1030,0,1030,2443,2360,0,418,1942,0,83,1903,-411,271,2043,0,558,558,0,12076,9956,1951,-8005,5434,-486,0,0,0,0,0,0,0,34,5947,5814,0,133,-61,22843,61,-7,-40,33,0,0,0,757,0,757,22032,3307,18725,0,0,-17409,-3382,166791,2491,28915,6806,8270,10580,3259,73178,4086,54460,3196,0,11436,3041,0,0,0,3041,50755,0,39059,0,11696,0,0,0,0,8411,166791,211377,1958,6377,241,465,2172,3499,16042,0,16042,46408,41527,0,34666,6861,0,4881,133613,10537,2447,120629,0,6979,6979,0,-44586
1973,109949,91159,10922,7868,118811,95270,23541,0,-8861,-8861,-37,-1,-8823,-8823,11778,0,-0,0,2356,939,2895,2812,-4290,1488,301,-157,52,0,1292,1009,432,400,32,577,4986,0,2763,0,2223,0,0,0,0,1939,934,-9,1611,-182,33,1157,603,958,0,958,3397,3713,0,2598,1115,0,-316,-7726,-286,373,-7813,0,2703,1703,1000,10844,20767,1100,-19667,-7998,276,0,0,0,0,0,0,0,64,-8062,-8306,0,244,-276,8860,217,3,-51,54,0,0,0,345,0,345,8295,-225,8520,0,0,-16858,-4914,170671,2767,31271,7745,11165,13392,-1031,74666,4387,54303,3248,0,12728,4214,532,500,32,3682,47679,0,33516,0,14163,0,0,0,0,10074,170671,220171,2166,7991,8,552,3329,4102,17000,0,17000,50150,45240,0,37264,7976,0,4910,134182,10026,2820,121336,0,8682,8682,0,-49500
1974,150500,127465,14300,8735,156470,126650,29820,0,-5970,-5970,-36,0,-5934,-5934,20423,0,-0,0,8192,986,2826,7731,-3351,4879,413,3967,-467,0,966,1228,246,25,221,982,4018,0,239,0,3779,0,0,0,0,2106,23658,172,557,33,1265,-200,-541,2553,181,2372,8610,8258,0,6718,1540,0,352,8718,-519,537,8700,0,3048,3048,0,-3235,2699,0,-2699,-9834,42,0,0,0,0,0,0,0,1,-9835,-9834,0,-1,-42,1356,36,1816,-36,35,1817,0,0,0,0,0,-496,-496,0,0,0,-11190,-14425,181260,2809,39463,8731,13991,21123,-4382,79545,4800,58270,2781,0,13694,5443,778,525,253,4665,41862,0,23921,0,17941,0,0,0,0,12138,181260,245185,2374,10364,5,1852,4946,3561,19553,181,19372,58760,53498,0,43982,9516,0,5262,142404,9011,3357,130036,0,11730,11730,0,-63925
1975,146892,122730,15020,9142,166730,138706,28024,0,-19839,-19839,-57,0,-19782,-19782,8098,0,-0,0,-8610,1200,-316,1456,-10950,8447,500,7248,-90,0,789,534,-3,-75,72,537,5119,0,3053,0,2066,0,0,0,0,2608,29486,66,1617,316,466,826,9,7546,378,7168,6043,5489,0,2721,2768,0,554,13423,-921,654,13690,0,791,791,0,-21388,-1606,0,1606,6425,-124,0,0,0,0,0,0,0,0,6425,6425,0,0,124,1043,-105,-347,-241,-106,0,0,0,0,0,0,1495,1495,0,0,0,5382,-16006,195783,2685,30853,9931,13675,22579,-15332,87992,5300,65518,2691,0,14483,5977,775,450,325,5202,53406,0,33399,0,20007,0,0,0,0,14870,195783,275714,2335,11634,80,2212,5772,3570,27099,559,26540,64803,58987,0,46703,12284,0,5816,157322,9585,4011,143726,0,12521,12521,0,-79931
1976,174784,151146,15516,8122,181878,149515,32363,0,-7094,-7094,-51,-1,-7042,-7042,15826,1,1,0,-7434,1319,3195,-1899,-10049,14173,300,12102,565,0,1206,992,95,-75,170,897,4309,0,859,0,3450,0,0,0,0,3785,33782,78,4014,266,2212,1669,-133,9253,723,8530,7498,7034,0,4457,2577,0,464,12941,355,1101,11485,0,-2,-2,0,-17956,12954,23868,10914,14349,-21,0,142,0,-37,-81,0,260,708,13481,13217,0,264,39,60116,-18,-15,-25,10,0,0,-366,2575,210,2365,57940,-487,58427,0,0,-45767,-39855,247243,2665,30591,11250,16870,27852,-25381,98420,5600,77583,2017,0,13220,10677,870,375,495,9807,85196,0,47475,0,37721,0,0,0,0,19694,247243,367029,2395,13050,321,4434,7441,854,35986,1282,34704,74876,66231,0,51370,14861,0,8645,228203,9453,5112,213638,0,12519,12519,0,-119786
1977,207463,182443,16908,8112,196549,159349,37200,0,10914,10914,-64,0,10978,10978,45654,-121,-121,0,712,1451,2400,331,-3470,37963,400,30726,2709,86,4042,844,75,-75,150,769,4283,0,1324,0,2959,0,0,0,0,1973,24420,121,1418,-158,294,1315,-33,5616,565,5051,5528,5115,0,4711,404,0,413,12706,408,870,11428,0,-969,-969,0,21234,8382,-1874,-10256,-832,243,0,-1562,0,345,-31,0,-1876,858,-371,-3670,0,3299,0,11815,113,77,-143,223,0,-3,-426,360,-102,462,11691,249,11442,0,0,-12647,6713,292462,2787,32029,12701,19270,28909,-28851,134492,6000,108654,4695,86,15057,12379,945,300,645,11434,89108,0,45129,0,43979,0,0,0,0,21667,292462,405535,2629,14545,20,4951,8756,818,41176,1847,39329,83035,71244,0,55979,15265,0,11791,252600,10110,5982,236508,0,11550,11550,0,-113073
1978,245763,212250,24671,8842,233135,186883,46252,0,12628,12628,-87,0,12715,12715,46570,-64,-64,0,2140,2239,-248,4249,-4100,29446,465,25770,1273,114,1824,4012,2382,2126,256,1630,7586,0,1320,0,6266,0,0,0,0,3450,32051,-1249,3032,4683,-4231,2449,131,5010,1033,3977,9503,9236,0,492,8744,0,267,15948,-351,867,15432,0,-193,-193,0,14519,-8419,-10223,-1804,3386,266,0,-3957,0,-1523,-141,0,-2293,1169,5908,1410,0,4498,0,29373,178,5910,-329,327,5926,-14,-1103,930,-26,956,23458,1477,21981,0,0,-25987,-21691,339444,2989,34169,14940,19022,33158,-32951,160557,6465,132901,5165,200,15826,17560,3327,2426,901,14233,102602,0,47859,0,54743,0,0,0,0,21567,339444,474208,1558,23487,4374,1047,17131,935,47544,2880,44664,98256,84666,0,60433,24233,0,13590,292006,11236,6849,273921,0,11357,11357,0,-134764
1979,299617,252674,36390,10552,298451,230130,68321,0,1166,1166,-108,0,1274,1274,38217,1074,-65,1139,31468,1702,4244,1150,24372,-13003,1947,-18375,545,132,2748,6124,3674,1687,1987,2450,10456,0,1030,0,9426,0,0,0,0,2098,60092,1135,9689,-257,189,9782,-25,5374,1673,3701,16531,13952,0,6812,7140,0,2579,25819,1025,552,24242,0,1544,1544,0,-21875,-28496,-5347,23149,13287,110,0,-1135,0,1432,158,0,-2725,1595,12677,6545,0,6132,40,27260,31,-261,-310,17,0,32,-1102,991,0,991,27601,2542,25059,0,0,-13973,-41195,390932,4173,65425,16642,23445,35591,-10253,146615,8412,115958,5868,332,16045,25279,7001,4113,2888,18278,125735,0,55434,0,70301,0,0,0,0,23705,390932,566891,2724,32915,3807,1253,26913,942,55066,4553,50513,117859,100503,0,69131,31372,0,17356,345426,14803,7401,323222,0,12901,12901,0,-175959
1980,351353,293828,44907,12618,359864,280772,79092,0,-8511,-8511,-128,0,-8383,-8383,33400,1152,-0,1152,-25384,2773,17,976,-29150,24983,922,12353,2545,135,9028,5387,1896,282,1614,3491,17659,0,4232,0,13427,0,0,0,0,9603,59715,16,12375,6471,1667,4479,-242,3604,2402,1202,20266,15803,0,8701,7102,0,4463,21635,2366,795,18474,0,1819,1819,0,-26315,-21575,-3642,17933,32543,-170,-1,-3817,0,-862,60,0,-3015,4459,32069,14920,0,17149,3,34813,-130,-212,-144,-68,0,0,428,1682,417,1265,33045,1761,31284,0,0,-2270,-32227,454375,5155,40040,19415,23462,36566,-39403,165281,9334,127449,8473,467,19558,35125,8897,4395,4502,26228,175463,0,74586,0,100877,0,0,0,0,33311,454375,662561,2610,46220,10134,2852,31392,1842,59098,6955,52143,139807,116723,0,78249,38474,0,23084,400106,18930,8196,372980,0,14720,14720,0,-208186
1981,393887,317759,59089,17039,397263,305239,92024,0,-3376,-3376,-122,0,-3254,-3254,37781,1196,103,1093,-22484,1559,-3785,2272,-22530,19082,-1293,7946,1557,133,10739,16106,10907,9,10898,5199,24826,0,4829,0,19997,0,0,0,0,-945,75362,1823,13607,861,2492,10419,-165,9361,3874,5487,39643,33437,0,11043,22394,0,6206,10605,213,1142,9250,0,323,323,0,-37581,-38734,-4407,34327,4135,-648,0,-2807,0,114,314,0,-3235,2543,5047,-4732,0,9779,0,5092,-338,-1614,-1221,-289,0,-104,-839,845,326,519,7038,-2676,9714,0,0,-957,-42945,496291,5703,17556,20974,19677,38838,-61933,181556,8041,135509,10344,600,27062,53774,19804,4404,15400,33970,205336,0,74683,0,130653,0,0,0,0,32366,496291,747422,4095,58213,9774,5055,41811,1573,72027,10829,61198,180295,150486,0,89618,60868,0,29809,417749,16467,9338,391944,0,15043,15043,0,-251131
1982,387503,303184,64483,19836,384203,283210,100993,0,3300,3300,-113,0,3413,3413,-24222,3,3,0,-73817,2467,-3660,10373,-82997,26107,-1712,12807,-361,133,15240,12773,6326,1582,4744,6447,9841,0,3654,0,6187,0,0,0,0,871,64465,1372,5957,1040,2552,2004,361,8480,1864,6616,32291,32105,0,13281,18824,0,186,20367,1367,1007,17993,0,-4002,-4002,0,-88687,51160,143260,92100,25006,-301,0,12143,0,2371,931,0,8841,-9181,22339,9987,0,12352,6,10556,-217,4710,-602,-259,5707,-136,2161,1862,14,1848,2040,-392,2432,0,0,14450,69023,457305,5405,-46031,23441,16017,49211,-134700,219806,6329,150687,10914,733,51143,57366,26130,5986,20144,31236,187516,0,88324,0,99192,0,0,0,0,33243,457305,639413,5250,68880,10212,7348,49522,1798,87367,15054,72313,211719,179876,0,102913,76963,0,31843,255156,17442,10345,227369,0,11041,11041,0,-182108
1983,413931,328638,64797,20496,378878,276996,101882,0,35053,35053,-101,0,35154,35154,81006,0,-0,0,36810,4105,1582,1020,30103,22787,787,15660,-18,134,6224,9577,6419,673,5746,3158,12208,0,4995,0,7213,0,0,0,0,-376,41082,65,7631,-3305,4435,6451,50,9567,6486,3081,-5253,706,0,3465,-2759,0,-5959,28982,3682,1369,23931,0,90,90,0,39924,-618,-5388,-4770,24219,-275,5,-4256,0,-2785,287,0,-1758,1,28754,16236,0,12518,-10,121645,-290,84475,-618,-471,85600,-36,-2039,-30,-209,179,39529,5030,34499,0,0,-97426,-62890,546880,5130,-23970,27546,17599,35482,-104597,237441,7116,163562,11183,867,54713,66944,32549,6659,25890,34395,228478,0,109555,0,118923,0,0,0,0,32857,546880,791878,5025,160986,6289,11312,141573,1812,84633,21540,63093,206436,180373,0,106169,74204,0,26063,323667,26154,11714,285799,0,11131,11131,0,-244998
1984,514325,405107,85575,23643,424245,302381,121865,0,90080,90080,-98,0,90178,90178,77870,1,1,0,-13557,2396,2100,4702,-22755,45849,1211,27693,1172,133,15640,30295,22877,99,22778,7418,13689,0,-3360,0,17049,0,0,0,0,1593,55091,979,1582,1156,995,-947,378,9994,2181,7813,17286,20381,0,4654,15727,0,-3095,25734,943,1426,23365,0,-484,-484,0,22778,-52672,14727,67399,-3604,-328,-59,3544,0,2847,-335,0,1032,0,-6751,-1343,0,-5410,-10,-24598,-363,-2315,-789,-766,-658,-102,-354,-286,-106,-180,-21280,-1103,-20175,0,0,20994,58499,628214,4803,-37587,29942,19699,40125,-127353,293903,8327,200289,11969,1000,72318,97239,55426,6758,48668,41813,235416,0,104852,0,130564,0,0,0,0,34440,628214,814714,5641,160253,6656,11541,139968,2088,86615,23721,62894,223437,200649,0,110717,89932,0,22788,328121,25994,13140,288987,0,10647,10647,0,-186499
1985,530176,417229,87297,25651,415872,303211,112662,0,114304,114304,-143,0,114447,114447,124698,0,-0,0,33231,3316,1492,3218,25205,60066,-161,19594,4334,200,36099,13298,8112,759,7353,5186,19009,0,4449,0,14560,0,0,0,0,-906,34984,897,9944,3869,-909,7100,-116,9996,-4473,14469,-8213,-4997,0,-5715,718,0,-3216,23022,3688,1301,18033,0,-662,-662,0,89714,-8804,15929,24733,65900,579,6,9952,0,6509,1175,0,2268,0,55363,27490,0,27876,0,118235,755,5010,2331,1320,1393,-34,1170,-278,60,-338,111578,14701,96877,0,0,-52335,53308,831312,5382,8150,33258,21191,43349,-89648,363921,8166,226392,17478,1200,110685,110537,63538,7517,56021,46999,309788,0,136791,0,172997,0,0,0,0,33534,831312,964504,7293,175207,12856,11952,148461,1938,94352,19248,75104,214946,195712,0,105062,90650,0,19234,462721,44383,14441,403897,0,9985,9985,0,-133191
1986,574998,452867,94367,27764,432322,320998,111324,0,142676,142676,-111,0,142787,142787,166892,0,-0,0,1878,2421,2684,-2460,-767,84124,-128,38173,6966,200,38913,36243,24946,3350,21596,11297,42020,0,17898,0,24122,0,0,0,0,2627,57280,246,26064,942,-1501,27597,-974,14602,12159,2443,-1441,-5375,0,-2321,-3054,0,3934,17802,1153,1482,15167,0,7,7,0,109612,-32317,857,33174,57259,611,-70,10689,0,4823,545,0,5321,1,46033,28483,0,17550,-5,158561,856,8582,3524,1279,3816,-37,1671,1140,73,1067,146312,26863,119446,0,0,-101302,9167,1055463,5993,9958,35679,23875,40819,-90415,458734,8038,269388,24989,1400,154919,146781,88484,10867,77617,58297,397841,0,183172,0,214669,0,0,0,0,36156,1055463,1179488,8395,209853,17322,11730,179874,927,109768,23407,86361,214645,190410,0,102814,87596,0,24235,626835,72399,15923,538513,0,9992,9992,0,-124024
1987,641321,508713,105798,26810,487229,363943,123286,0,154092,154092,-138,0,154230,154230,172287,0,-0,0,34683,3866,-1405,872,31350,60432,983,35595,5036,200,18618,27382,2699,2244,455,24683,48811,0,15025,0,33786,0,0,0,0,979,41020,510,-989,-7589,-2070,8556,114,11219,2838,8381,2391,-643,0,-1425,782,0,3034,27281,-2130,1211,28200,0,608,608,0,131268,-22497,465,22962,-33625,958,559,-10716,0,-8682,-1703,0,-331,-7300,-17126,-9191,0,-7936,0,80420,1378,29626,3357,1689,24840,-260,63,-215,96,-311,49568,24431,25136,0,0,-114045,17688,1194126,6951,45201,39545,22470,42250,-59064,508450,9021,296301,28322,1600,173206,166863,91183,13111,78072,75680,429526,0,189006,0,240520,0,0,0,0,37135,1194126,1300462,10283,238490,13090,11349,213270,781,120585,26245,94340,216820,189862,0,101485,88377,0,26958,703684,94700,17134,591850,0,10600,10600,0,-106337
1988,712442,553994,129459,28989,596717,444601,152116,0,115725,115725,-134,0,115859,115859,175049,1,1,0,5073,4111,-534,3369,-1873,86461,2817,62011,6733,200,14700,33396,21834,-73,21907,11562,43296,0,-2877,0,46173,0,0,0,0,6822,39513,-127,18416,5065,-1024,14652,-277,15576,23698,-8122,-9672,-14460,0,-6850,-7610,0,4788,13755,1102,1314,11339,0,1565,1565,0,135536,-19314,-38992,-19678,38676,-359,-0,-6242,0,-4473,-862,0,-907,0,45279,27684,0,17594,-2,115248,-519,-349,-792,-580,798,225,3618,-69,-47,-22,112567,32860,79707,0,0,-76572,19972,1405604,6593,48027,43656,21936,43372,-60937,588669,11838,353839,34193,1800,186999,200259,113017,13038,99979,87242,518101,0,213813,0,304288,0,0,0,0,43955,1405604,1491968,9637,256557,17363,9745,228720,729,176524,49943,126581,207079,175355,0,94588,80767,0,31724,830006,128662,18448,682896,0,12165,12165,0,-86364
1989,774340,591031,152910,30400,681988,504289,177699,0,92352,92352,-348,0,92699,92699,150152,-4,-4,0,-18913,3749,169,6244,-29075,58979,845,29766,15081,200,13087,57069,32446,10078,22368,24623,52638,391,8598,0,43649,0,0,0,0,383,112196,535,53740,25229,-471,29097,-115,17936,13079,4857,-5045,-18929,0,-7974,-10955,0,13884,43319,17213,1173,24933,0,1711,1711,0,37955,-25150,29594,54744,141242,-150,-70,13219,0,7163,-1026,0,7082,1,128229,53298,0,74930,13,159518,-221,10716,1959,-226,9011,-28,956,119,12,107,147948,51470,96478,0,0,-18276,49273,1729557,6439,29043,47405,22105,49546,-90013,693427,12683,423742,47219,2000,207783,257329,145463,23116,122347,111866,698968,391,275709,0,422868,0,0,0,0,44351,1729557,1766648,9951,321013,44551,9048,266828,586,198382,63022,135360,202153,156438,0,86626,69812,0,45715,1021273,197345,19621,804307,0,13876,13876,0,-37091
1990,815618,629728,154155,31735,740720,551873,188847,0,74898,74898,-7373,0,82271,82271,154130,1,1,0,30862,16586,-310,-684,15270,37279,-1975,27042,6250,200,5762,52970,46631,-3430,50061,6339,26205,783,-16736,0,42158,0,0,0,0,6813,91210,193,30008,2697,-731,27911,131,33685,12324,21361,-19356,-15748,0,-7135,-8613,0,-3608,45081,7404,1304,36373,0,1599,1599,0,62920,-18371,979,19350,-76461,530,157,-17161,0,-9979,-1417,0,-5765,0,-59988,-16358,0,-43629,1,-134210,845,8802,4945,759,3187,-89,1065,-1225,107,-1332,-143697,-7153,-136548,0,0,57749,121648,1803015,6970,60062,63991,21795,49019,-74743,709334,10708,438363,49406,2200,208657,310299,192094,19686,172408,118205,665185,1174,242615,0,421396,0,0,0,0,51165,1803015,1718458,10989,359823,52193,9076,297926,628,227942,75346,152596,181572,140797,0,79598,61199,0,40775,922657,197596,20925,704136,0,15475,15475,0,84557
1991,755412,623544,136777,-4909,763294,594931,168363,0,-7881,-7881,-5299,0,-2582,-2582,58418,1,1,0,12108,12813,-1401,-234,930,62890,606,33670,10226,200,18188,-50500,-46172,1171,-47343,-4328,37915,782,4092,5542,27499,0,0,0,0,-3996,52029,176,-31443,-6307,366,-26476,974,21772,-5745,27517,-13746,-11658,0,-10075,-1583,0,-2088,73365,30656,1504,41205,0,1905,1905,0,6390,15634,6662,-8972,163571,37,95,12321,0,4256,-1101,0,9166,1,151116,44493,259,106364,1,112677,75,2214,48,46,2076,44,1845,-296,-43,-253,108839,50724,58117,0,0,50894,63946,2026487,7008,72266,76804,20394,48880,-73812,784545,11314,476289,58531,2400,236011,259800,145922,20857,125065,113878,854216,1956,291200,5801,555259,0,0,0,0,48652,2026487,1877983,11240,330594,45934,9488,273526,1646,246379,69601,176778,167529,129095,0,69480,59615,0,38434,1104861,278976,22429,803456,0,17380,17380,0,148503
1992,830677,667791,120975,41911,785105,633053,152052,0,45572,45572,1307,-30,44295,44295,180856,1,1,0,45926,11086,1507,8429,24904,92276,1588,55585,18275,200,16628,25531,25732,20858,4874,-201,14415,783,-17381,10989,20024,0,0,0,0,2707,89079,-2316,-4955,-4276,2691,-3437,67,22354,10084,12270,2430,-5464,0,-674,-4790,0,7894,70382,32396,1427,36559,0,1184,1184,0,91777,146366,98884,-47482,23223,-272,67,-19431,0,-10967,-1756,0,-6708,1504,41354,35028,612,5714,1,-75987,-421,-4494,-1653,-420,-2378,-43,3215,622,-24,646,-74909,2894,-77803,0,0,99210,289871,2329442,6737,221374,87890,21901,169457,-57874,853151,12902,520339,71352,2600,245958,286835,171654,41715,129939,115181,909985,2739,308847,17402,580997,0,0,0,0,51360,2329442,1891068,8503,321145,40005,11759,267711,1670,271940,70407,201533,170582,123608,0,68782,54826,0,46974,1100334,314266,23856,762212,0,18564,18564,0,438374
1993,889770,719973,124442,45355,810399,654799,155600,0,79370,79370,-828,-47,80245,80245,292446,3,3,0,75249,16618,-258,23177,35712,145061,5915,73333,35409,200,30204,29889,1140,16912,-15772,28749,43539,782,10731,9413,22613,0,0,0,0,-1295,196485,537,-17323,798,43,-18474,310,73272,-8105,81377,11373,-11295,0,-3953,-7342,0,22668,125802,63376,1143,61283,0,2824,2824,0,95961,-4231,-19947,-15716,37576,-10,-56,-6822,0,879,-2141,0,-5560,1,44464,21419,2188,20856,-1,375569,-1,23296,729,16,22584,-33,7294,-44,42,-86,345024,166220,178804,0,0,-337993,-261979,2648908,6730,296567,104508,21643,192578,-22162,980834,18817,594551,103241,2800,261425,316725,172794,58627,114167,143931,997988,3521,340997,29003,624467,0,0,0,0,50064,2648908,2472513,9039,327118,41532,11818,271821,1947,372453,62302,310151,171355,112355,0,64871,47484,0,59000,1571160,543862,24999,1002299,0,21388,21388,0,176395
1994,1021080,813424,161577,46078,905480,720937,184543,0,115600,115600,-1244,-26,116870,116870,277399,2,2,0,111028,20585,1817,11734,76892,130745,6033,65024,21654,200,37834,-6400,-10427,-12011,1584,4027,42981,783,-12979,13083,42094,0,0,0,0,-957,165439,441,47197,-5293,-494,52889,95,-11231,-19633,8402,12234,-3270,0,-1660,-1610,0,15504,114195,48101,1430,64664,0,2603,2603,0,111960,-8926,-4016,4910,-103950,421,-111,-70907,0,-27004,-11602,0,-32301,-13973,-19381,24794,-1482,-42693,1,56104,559,54883,4976,706,49219,-18,-7406,-13816,154,-13970,21884,34799,-12914,0,0,-160054,-52110,2828706,7153,407483,125093,23460,204201,54729,1040672,24850,632571,106793,3000,273458,302702,168717,46616,122101,133985,1021588,4304,352812,40604,623868,0,0,0,0,49108,2828706,2704422,10039,429198,41215,12030,373929,2024,364076,42669,321407,169879,109345,0,63365,45980,0,60534,1707239,626762,26429,1054048,0,23991,23991,0,124285
1995,1148502,902572,201881,44050,1042643,812810,229833,0,105859,105859,-641,222,106278,106278,356730,1,1,0,14940,8840,1062,-2746,7784,246838,18591,160521,17624,952,49150,22489,21028,21018,10,1461,72838,752,5560,10211,56315,0,0,0,0,-376,287224,808,44355,6337,2464,35304,250,70376,13491,56885,9246,4888,0,-500,5388,0,4358,161319,65409,1518,94392,0,1120,1120,0,69505,-79505,-42732,36773,380526,129,-138,55168,0,23855,-1366,0,32679,0,325367,125808,9462,190097,0,271479,190,11278,1544,155,9591,-12,10923,-6559,184,-6743,255647,98444,157203,0,0,109047,135820,3565962,7283,422285,133933,24522,201317,62513,1342678,43441,816947,123051,3952,355287,325191,189745,67634,122111,135446,1419793,5056,484180,60277,870280,0,0,0,0,48732,3565962,3305857,11037,484831,49096,14649,418824,2262,488107,56160,431947,172566,114417,0,63049,51368,0,58149,2124205,790615,27947,1305643,0,25111,25111,0,260105
1996,1229014,963966,215535,49513,1113993,867589,246404,0,115021,115021,-201,-8,115230,115230,465513,1,1,0,-20135,14151,2586,-178,-36694,375662,14423,262693,26773,952,70821,21370,7107,3218,3889,14263,83296,751,-2288,12594,72239,0,0,0,0,5319,344464,-370,79533,-7578,1280,85937,-106,77925,11316,66609,17210,7550,0,1260,6290,0,9660,166903,82848,1834,82221,0,3263,3263,0,121049,-9849,-15668,-5819,215341,-239,-82,-33056,0,-18588,-3692,0,-10776,-1,248718,103388,8439,136890,1,299298,-355,13171,-3224,-494,16921,-32,1041,103,102,1,285338,132672,152664,0,0,-83957,21424,4231148,7045,402068,148084,27108,201057,25819,1669616,57864,1040330,134400,4904,432118,346560,196852,70852,126000,149708,1751807,5807,585280,81310,1079410,0,0,0,0,54052,4231148,3949619,10312,577535,38294,15435,521682,2124,567073,67476,499597,189879,122069,0,64411,57658,0,67810,2576446,1006135,29781,1540530,0,28374,28374,0,281529
1997,1363969,1055774,256771,51424,1233874,953803,280071,0,130095,130095,-403,-73,130571,130571,500535,-1,-1,0,47127,22425,5070,13145,6487,242342,19899,123746,30313,952,67432,68367,37232,19971,17261,31135,141498,752,53766,12515,74465,0,0,0,0,1202,346854,350,108319,-2915,3575,107706,-47,63290,3724,59566,14128,8128,0,-1993,10121,0,6000,157972,57577,1589,98806,0,2795,2795,0,153682,-3890,-27000,-23110,523337,-433,222,7394,0,-10863,1586,0,16671,-1377,517530,199170,14293,304065,1,296177,-635,-16433,-4570,-939,-10915,-9,2879,143,152,-9,310223,144075,166150,0,0,227160,353842,5228020,6611,449417,170509,32178,214424,32306,1892352,77763,1153213,157299,5856,498221,413550,234084,90823,143261,179466,2410835,6559,838216,108118,1457942,0,0,0,0,55255,5228020,4592650,10027,669421,30809,18071,618473,2068,633242,65084,568158,204150,130349,0,62570,67779,0,73801,3044641,1207787,31370,1805484,0,31169,31169,0,635370
1998,1445091,1115690,269368,60033,1239758,952979,286779,0,205333,205333,-245,15,205563,205563,423842,0,-0,0,59821,13847,-3361,3104,46231,169502,33641,18659,11052,952,105198,9286,-19825,-18830,-995,29111,191892,751,30078,11129,149934,0,0,0,0,-6659,299000,147,15593,1517,5119,9102,-145,36636,7794,28842,27038,1004,0,-6070,7074,0,26034,219553,101362,1580,116611,0,33,33,0,124841,-60721,20000,80721,616713,288,473,-2121,0,-5628,4712,0,-1205,1,618072,240367,15124,362582,0,450248,429,4591,3675,921,0,-5,21570,112,153,-41,423546,165834,257714,0,0,166465,311306,6271575,6899,512711,184356,28817,221001,78537,2059733,111404,1166244,185563,6808,589714,422837,214259,71993,142266,208578,3220799,7310,1108661,134371,1970457,0,0,0,0,48596,6271575,5324898,10603,689605,36001,24111,627575,1918,674448,72878,601570,231300,131506,0,56653,74853,0,99794,3687740,1474983,32950,2179807,0,31202,31202,0,946677
1999,1631858,1252460,293742,85655,1355233,992910,324646,37677,276625,276625,-6738,20,283344,283344,593539,0,-0,0,42904,24407,-68,3161,15404,163089,-6357,-32321,63446,952,137369,48979,-14774,7950,-22724,63753,337641,752,104341,7196,225352,0,0,0,0,926,411037,-10,40791,-3253,-5484,48894,634,26696,16293,10403,60186,-1570,0,-5723,4153,0,61756,278147,114311,1451,162385,0,5227,5227,0,182502,-122409,-21568,100841,426505,-174,-0,-152277,0,-75558,-16675,0,-60044,1,578955,222079,26824,330053,0,730918,-257,-1225,-566,-677,0,18,-18092,-517,191,-708,751027,414422,336606,0,-18,-304413,-143479,7318506,6725,548865,208763,28749,217412,93941,2077295,105047,1058365,232334,7760,673789,471817,199485,79943,119542,272332,4137395,8062,1435081,168391,2525861,5306,5100,149,57,71103,7318506,6515308,10336,729171,32182,17950,676469,2570,647052,89171,557881,290469,129627,0,51121,78506,0,160842,4716914,2003716,34401,2678797,77600,43766,43766,0,803198
2000,1924715,1477184,352157,95374,1527846,1096111,390638,41098,396869,396869,-4580,22,401427,401427,771839,0,-0,0,-36991,-3357,2172,8942,-44748,244494,9255,-75181,141903,240,168277,61845,-49,11390,-11439,61894,452041,3139,197126,-6665,258441,1913,1900,9,4,48537,467975,722,126471,1876,-2308,126879,24,52999,31748,21251,-8260,4172,0,-1243,5415,0,-12432,278164,106714,1438,170012,14965,2914,2914,0,303864,-81623,15939,97562,-484819,-341,0,12743,0,38242,4991,0,-30490,1,-497223,-149670,-12259,-335292,1,-561650,-519,-3638,-2820,-818,0,0,3265,1,0,1,-560794,-257588,-303204,0,35,76831,396634,7621465,6384,511874,205406,30921,226354,49193,2334532,114302,1021426,348228,8000,842576,560357,226130,91333,134797,334227,4092213,11201,1482537,149467,2449008,7219,7000,158,61,108886,7621465,6421633,10539,852004,31238,14824,803348,2594,703316,120919,582397,282210,133799,0,49878,83921,0,148411,4434284,1852842,35839,2545603,92565,46715,46715,0,1199832
2001,1803035,1403559,289278,110198,1411620,1026812,339642,45167,391416,391416,11876,35,379504,379504,669733,0,-0,0,-23665,23794,-5007,-25458,-16994,323805,-5853,19322,92013,0,218323,109335,49366,24738,24628,59969,229541,3935,132318,-14789,108077,2239,2200,28,11,28478,283353,630,10961,681,3600,6752,-72,-2200,16343,-18543,7214,-4411,3896,-3717,-4590,0,11625,240703,109119,1621,129963,30771,-4726,-4726,0,386379,-64363,-71238,-6875,-542737,-227,0,40463,0,25579,7113,0,7771,1,-582976,-173404,-18584,-390987,2,-871078,-395,-3508,-2938,-570,0,0,2845,-4013,0,-4013,-865943,-349288,-516657,0,-64,328341,643482,7811306,6157,488209,229200,25914,200896,32199,2734950,108449,1095208,504123,8000,1019170,704693,310496,151071,159425,394197,3738778,15136,1441451,116094,2166097,9458,9200,186,72,129061,7811306,5967991,10774,859457,28981,17854,810100,2522,703961,146475,557486,419494,263471,137979,46161,79331,0,156023,3809044,1612673,37460,2158911,123336,41925,41925,0,1843314
2002,1846006,1437724,290018,118264,1390564,997979,335811,56774,455441,455441,-4229,46,459625,459625,712925,0,-0,0,52901,18861,-581,15967,18654,432767,18106,160869,127071,3500,123221,32224,54781,40154,14627,-22557,162582,1123,61491,-8547,108515,2039,2000,29,10,30412,301377,475,24341,574,2632,21030,105,62578,39753,22825,49768,23286,23606,-2325,2005,0,26482,145757,16954,1391,127412,16439,2019,2019,0,411547,-197320,-149243,48077,-842060,504,-123,72949,1992,29421,9551,0,31985,-8375,-907016,-273521,-17435,-616061,1,-676699,917,5589,4096,1493,0,0,19470,-27,0,-27,-701860,-255647,-446208,0,-788,-165361,96943,7649527,6661,544590,248061,25333,220344,50852,3197795,128547,1285498,637478,11500,1134772,748542,385277,211225,174052,363265,2994344,16259,1229421,90112,1658552,11497,11200,215,82,146098,7649527,5709269,12166,972698,33651,21979,914441,2627,819298,186228,633070,469235,286757,161585,43836,81336,0,182478,3252941,1373980,38851,1840110,139775,43156,43156,0,1940258
2003,2006161,1557120,318909,130132,1478526,1035165,377406,65956,527635,527635,-8877,73,536439,536439,760102,0,-0,0,-3443,10591,4008,5967,-24009,519564,2114,276386,12264,8000,220800,88444,132401,133034,-633,-43957,147451,2561,18307,13114,113469,2354,2300,39,15,5732,428727,-601,42834,572,-1494,43756,0,19702,196,19506,68293,74902,78283,2631,-6012,0,-6609,273533,118002,1303,154228,16804,8162,3292,4870,331375,-333062,-127999,205063,805706,620,797,33697,1661,-25192,6668,0,50560,-972,771245,385495,21230,364522,319,1199052,1073,8698,5315,2050,1333,0,41973,4823,0,4823,1141537,587440,554094,0,948,-393346,-189970,9227430,7281,457515,258652,4247,167773,26843,3672414,133122,1513524,661110,19500,1345158,986014,667678,494259,173419,318336,3976050,18820,1696233,124456,2136541,13851,13500,254,97,114305,9227430,7477142,12638,1018490,39538,22535,953790,2627,1022607,94424,928183,542351,361659,239868,46467,75324,0,180692,4668011,2079422,40154,2548435,156579,56466,47396,9070,1750288
2004,2343365,1810504,387983,144878,1705597,1176363,464696,64538,637768,637768,-4631,27,642373,642373,1200949,0,-0,0,-11096,13301,9086,22800,-56283,803959,16460,366888,154580,6500,259531,171616,168084,190493,-22409,3532,209986,4054,47007,10726,148199,62,-31,67,26,26422,793628,398,150958,623,-3826,154161,0,101744,-6472,108216,157938,137900,148234,-7820,-2514,0,20038,378661,84753,1852,292056,13283,-9354,-3882,-5472,407321,-257796,-22744,235052,300690,328,940,5859,164,-20566,1069,0,25192,-3202,296540,169533,13030,113978,225,747801,546,4798,2311,770,1717,0,24419,-8479,0,-8479,726297,396243,330056,0,220,-447111,-62534,10744009,7609,458779,271953,13333,202933,-29440,4449618,137746,1813553,861677,26000,1610642,1154428,835762,684752,151010,318666,4521976,22874,1952173,148212,2398717,13913,13469,321,123,137686,10744009,9056255,13582,1206790,42472,19479,1142212,2627,1153910,87952,1065958,691810,499559,388102,38647,72810,0,192251,5772969,2560418,42006,3170545,169862,47332,43734,3598,1687754
2005,2692046,2041483,494469,156095,1940869,1301580,569269,70021,751177,751177,602,86,750489,750489,1092442,0,-0,0,22688,8447,6416,20575,-12750,737176,20792,245140,139789,3000,328455,90961,90783,41359,49424,178,205735,84,83042,6132,116477,5651,5330,258,63,30231,364372,-4511,12294,617,-10200,21877,0,93443,-921,94364,-17028,-1643,-7115,-6836,12308,0,-15385,230108,186684,1138,42286,36350,13716,2634,11082,728070,-182277,-159858,22419,-92443,-606,-1587,-141817,-425,-29186,-25790,0,-86416,15430,36461,59001,8958,-31497,-324,657221,-861,-10336,-5467,-1243,-3626,0,-47861,11828,0,11828,704896,468425,236470,0,-445,-749664,-181452,11700595,7003,481183,280400,19749,223224,-42190,4980153,156813,1984391,1006143,29000,1803806,1260819,926545,726111,200434,334274,4787709,22958,2117753,163302,2483696,19564,18799,579,186,164164,11700595,10194293,8210,1213754,37622,8036,1165469,2627,1208753,87031,1121722,686610,497916,380987,31811,85118,0,188694,6810151,3317705,43144,3449302,206212,60603,45923,14680,1506302
2006,3067003,2256623,656161,154219,2247696,1470170,702621,74905,819307,819307,-7643,-73,827023,827023,1506987,0,-0,0,65154,2227,9186,33981,19760,968710,54934,150334,217097,5364,540981,152627,93620,59734,33886,59007,333800,4061,119030,22390,188319,-1961,-2478,388,129,-11343,902528,223,177859,734,-3331,180456,0,277243,18859,258384,41191,62580,55913,-7326,13993,0,-21389,393322,137331,1939,254052,2432,10258,3576,6682,604459,-54467,168097,222564,557801,368,-3,-1277,1564,-17846,-48552,0,63557,4241,554225,309938,20771,223516,247,1485473,437,5307,2320,335,2652,0,5735,8737,0,8737,1464871,873924,590947,90,296,-927672,-155116,14075906,7371,546335,282627,28935,257203,-22430,5985418,213311,2126178,1258233,34364,2353332,1678687,1281165,1046845,234320,397522,5687424,27019,2558411,206463,2895531,17603,16321,967,315,153068,14075906,12724720,8870,1394473,40676,5040,1346130,2627,1506604,105890,1400714,866538,690496,566900,24485,99111,0,176042,8668344,4328960,45083,4294301,208734,71157,49795,21362,1351186
2007,3325237,2395228,754520,175489,2584377,1659295,850184,74898,740860,740860,-6851,500,747210,747210,1475385,0,-0,0,-97180,-10675,5240,36659,-128404,856562,16514,165277,239483,10700,424588,180979,150231,72626,77605,30748,472583,18957,243987,12673,196966,320,-203,468,55,62121,1305076,154,294476,989,-1021,294508,0,234773,-1729,236502,146733,164072,123175,-3173,20070,24000,-17339,571690,147781,1581,422328,13187,44063,10568,33495,170309,-543871,33030,576901,306541,371,69,144686,1433,75707,42961,0,24585,25524,135554,117998,12540,5015,337,1221688,452,8396,3801,225,4370,0,41524,25320,0,25320,1145588,771249,374339,92,316,-915147,-711808,15909378,7742,454228,271952,34175,298935,-150834,6999605,226258,2376442,1576815,45064,2775026,1885190,1431396,1119471,311925,453794,6329164,45976,2953999,231676,3097513,17923,16118,1435,370,215526,15909378,15270000,9476,1688551,45466,4244,1636214,2627,1838711,104161,1734550,1010091,826068,681075,21312,99681,24000,184023,10385622,5247990,46664,5090968,222013,115536,60679,54857,639378
2008,3484113,2576151,710009,197953,2779880,1835281,855223,89376,704233,704233,-779,7,705005,705005,696740,0,-0,0,381868,29187,34819,73445,244417,404680,-59038,711596,-231928,5896,-21846,-638148,-653381,-629667,-23714,15233,430022,23703,125407,-22305,303217,2148,454,1234,460,116170,-48542,106,-326254,1269,3473,-330996,0,-211880,-12884,-198996,124131,155180,-382823,-1401,9676,529728,-31049,314747,-38550,1306,351991,34139,16469,-1526,17995,745282,50534,10257,-40277,-2763361,-195,54,-152621,-1769,166934,76165,0,-393951,16911,-2626245,-1149547,-76476,-1400222,-1265,-5134148,-242,-2291,2535,-34,-4792,0,-175511,21297,0,21297,-4975824,-2461012,-2514811,-1306,-271,2370787,3126326,13941062,7547,836145,301139,68994,372429,93583,7255474,165451,3252974,1402180,50960,2383909,1358453,872515,584304,288211,485938,4132941,69679,1929859,132895,2000508,20071,16572,2669,830,330431,13941062,10175358,9340,1362516,49270,7683,1302936,2627,1433169,91277,1341892,1259208,1084937,402252,19600,109357,553728,174271,5724545,2748428,47970,2928147,254846,131734,58882,72852,3765704
2009,2745251,2001927,539014,204311,2362144,1582774,689256,90115,383107,383107,-6299,-2,389408,389408,281199,47598,-0,47598,-199277,12632,-21812,-73290,-116807,160447,-48403,554440,-226011,7695,-127274,-94290,-96268,-54788,-41480,1978,375063,7196,192896,19211,155760,3409,1774,1497,138,-11751,150402,48230,-39826,669,3357,-43852,0,236580,64811,171769,-418685,-467010,86040,496,-10090,-543456,48325,326191,63696,1567,260928,-6248,4160,733,3427,130797,-253677,4934,258611,990844,219,1547,71074,-1390,-138419,-47633,0,258516,-6358,923578,534671,31274,357633,784,2273399,244,-713,286,345,-1344,0,179471,2347,0,2347,2091275,1183171,908103,632,143,-1282555,-1146824,15185547,55364,636917,313771,47182,299188,-23224,7479935,117157,3670597,1150004,58655,2483522,1238805,757247,510516,246731,481558,5431582,76875,2657426,183380,2513901,23480,18346,4166,968,319464,15185547,12566667,57814,1322669,50225,11385,1258432,2627,1849084,156088,1692996,809822,584879,454792,20548,99267,10272,224943,8142011,3995295,49537,4097179,249230,136037,59758,76279,2618880
2010,3153840,2389555,554336,209949,2714054,1857247,759969,96838,439787,439787,-7404,-13,447203,447203,1047019,0,-0,0,2524,28319,1178,4851,-31824,639381,-10731,740353,-66559,13081,-36763,9634,6931,92352,-85421,2703,386795,-7110,129581,56482,207842,4980,3211,1486,283,3705,816410,31,73364,510,1293,71561,0,124689,17091,107598,218819,260780,207936,1578,61463,-10197,-41961,419351,79150,1906,338295,-20484,640,4981,-4341,230609,-506679,-290085,216594,812110,-977,1870,145516,-1997,58247,22969,0,66297,10279,655145,426457,22678,206010,277,803876,-1021,-4397,1085,-186,-5296,0,47950,5755,0,5755,755330,569954,185378,302,-43,8234,-51242,17033750,54387,643616,342090,48360,308214,-55048,8251601,102123,4458824,1095811,71736,2523107,1258718,764178,602868,161310,494540,6473522,69765,3213464,262540,2927753,28460,21557,5652,1251,323446,17033750,14466112,56824,1370816,51820,12492,1303877,2627,2076281,173179,1903102,1023970,835233,663728,22126,149304,75,188737,9572539,4900246,51443,4620850,229048,136634,64696,71938,2567638
2011,3510132,2695481,589937,224715,3049796,2115864,827869,106064,460336,460336,-9458,-8,469802,469802,1042416,0,-0,0,344217,54996,26836,47304,215081,203585,742,355277,-41553,634,-111515,202590,151572,92622,58950,51018,314495,4594,43264,75499,191138,10647,9261,822,564,-33118,606359,-1752,-197347,-450,18079,-214976,0,128213,-21984,150197,247916,230387,96395,2378,31866,99748,17529,406417,6950,1724,397743,-10715,33627,5777,27850,436057,16167,49911,33745,-6510,-168,104,224480,-156,166827,32428,0,25381,-15194,-215608,-54856,-10223,-150530,-124,-1335920,-116,5490,276,-491,5705,0,16511,-11991,0,-11991,-1345811,-647270,-698542,-9,6,1329410,1815378,18380603,54219,987938,397086,75196,355623,160033,8748658,102709,5004354,1078186,72370,2491039,1450214,919850,699590,220260,530364,6810263,74359,3397174,370368,2968362,39107,30818,6474,1815,290204,18380603,13997587,54956,1150773,51646,30080,1066420,2627,2258733,151195,2107538,1269877,1075602,764723,24504,186552,99823,194275,8874657,4501438,53167,4320052,218324,170267,70479,99788,4383016
2012,3585773,2769318,594681,221774,3161770,2217700,827372,116699,424003,424003,607,-84,423480,423480,766498,0,-0,0,-30171,57141,11146,38042,-136500,495917,108,589747,-73607,-594,-19737,-127376,-127424,-7234,-120190,48,450485,22564,136866,79636,211419,4036,1516,1546,974,-26393,445057,37,-142974,391,4032,-147397,0,155266,42305,112961,10905,-6231,36006,8288,40409,-90934,17136,427361,103974,2159,321228,4861,-10399,3277,-13676,321441,17283,119322,102039,675340,58,-171,105830,-42,-22498,-1273,2551,127092,-30450,599834,318331,45441,236062,239,1190799,57,5581,-2314,49,7846,0,139342,27567,0,27567,1018315,675700,342615,-1,-63,-515459,-74696,19937489,54277,957635,454227,86342,393657,23409,9364792,102775,5571482,1001204,74327,2615004,1292388,792426,692356,100070,499962,7961204,96923,3952993,495445,3415843,43143,32334,8020,2789,264050,19937489,15629169,55050,1005999,49723,34161,919488,2627,2513702,179089,2334613,1310351,1071373,800729,32812,228943,8889,238978,10361078,5321857,55326,4983895,223184,159805,73693,86112,4308320
2013,3617224,2766376,616936,233913,3266038,2287922,847173,130943,351187,351187,-6954,-15,358155,358155,1092969,0,-0,0,371095,37713,13047,51503,268832,553566,-850,423194,-83616,4460,210378,22552,17048,34140,-17092,5504,149127,9234,-54880,-16996,211769,-1251,3718,-4132,-837,-2120,835499,22,28010,317,-3438,31132,-1,182498,23519,158979,-67693,-54925,-108552,1744,60500,-8617,-12768,624169,287433,2030,334706,-1025,69518,9459,60059,257470,111137,211822,100685,1745067,109,1660,-382043,-592,-215519,-32625,-5033,-128274,-264,2125506,1235286,74616,815604,99,1500451,112,-2400,-2616,27,189,0,-114792,-1266,0,-1266,1618918,908292,710626,0,-122,244616,713908,22924938,54386,1328700,491940,99389,445130,292241,9586906,101333,5792616,883776,73754,2735427,1314676,809474,726496,82978,505202,10307816,106157,5205378,553065,4443216,41892,36052,3888,1952,290562,22924938,17902710,55184,1031380,47424,30750,950580,2626,2573471,206702,2366769,1216392,1016448,692177,34556,289443,272,199944,12584460,6472877,57356,6054227,222159,219664,70993,148671,5022228
2014,3780994,2887445,646356,247193,3405895,2378545,881514,145836,375099,375099,-6858,-21,381977,381977,1154996,0,-0,0,102401,66265,16579,54207,-34650,527770,7738,314231,-8110,4327,209584,200316,134403,105480,28923,65913,300386,-854,114299,40867,146074,9096,-353,6685,2764,15027,889162,23,-121377,244,-3849,-117772,0,161832,-3780,165612,114381,111638,16457,2822,91103,1256,2743,778599,431626,2058,344915,-5808,-38488,-4858,-33630,265834,-276067,-159924,116143,1006432,-3220,-1096,87907,-1088,93963,23979,6068,-35015,-9979,933056,603890,22704,306463,-236,-507092,-3266,-9175,-5890,-1737,-1548,0,16891,7851,0,7851,-518879,-229323,-289555,0,-514,1513524,1619434,25055888,51166,1430917,558205,115968,499153,257591,10174192,107983,6157966,899645,84149,2924449,1505013,943877,831976,111901,561136,11538259,105303,5920568,616636,4895752,50988,35699,10573,4716,305353,25055888,18414226,51941,897144,41778,25164,827576,2626,2789875,202922,2586953,1388624,1128086,708634,37378,380546,1528,260538,12889629,6770629,59414,6059586,216351,180662,65621,115041,6641662
2015,3692430,2794942,640457,257032,3269338,2270622,860585,138130,423093,423093,-8352,2,431442,431442,566718,0,-0,0,-45574,38370,-5721,-18635,-59588,406501,-2345,42688,24761,6456,334941,-9426,-66953,-145860,78907,57527,239015,2282,-191401,1813,426321,-3787,2862,-4640,-2009,-20011,272955,9,-242111,185,-6485,-235811,0,-84553,-7020,-77533,125872,143841,80839,672,62861,-531,-17969,491474,196922,2097,292455,9914,-27650,1433,-29083,293763,-202993,-65314,137679,-669346,-2228,-1150,-268283,-1371,-56244,-8051,179,-202796,2331,-399762,-170197,-17881,-211684,-254,-872997,-2262,-3043,-2848,-1070,875,0,-102512,4366,0,4366,-768971,-229267,-539704,0,-576,203651,432100,24920921,48938,1384996,596575,110247,480171,198003,10337311,104267,6146221,916456,90784,3079583,1497918,876924,686116,190808,620994,11319469,107585,5500927,600568,5110389,47201,38561,5933,2707,285088,24920921,17847159,49688,650270,39115,17609,590920,2626,2623080,195902,2427178,1515409,1268474,789473,37499,440505,997,246935,12630011,6756163,61511,5812337,226265,152436,66478,85958,7073762
2016,3676464,2738830,661531,276103,3275110,2235558,892896,146656,401353,401353,-7034,16,408371,408371,740970,0,-0,0,-13131,42311,17755,70806,-144003,341587,36911,-107855,79050,7230,326251,165438,59665,49668,9997,105773,234542,-14280,-186318,60897,374243,13437,1193,11017,1227,-903,449230,684,-83402,58,1347,-84807,0,6975,-28163,35138,132769,153050,115911,-1506,34079,4566,-20281,349213,21743,1747,325723,21895,21096,2737,18359,291740,-63737,52894,116631,691582,-1462,-679,-69328,-426,-43035,-7010,-1850,-17007,-47371,810666,439176,32768,338722,-244,304956,-1489,85,-308,-571,964,0,49105,-17039,0,-17039,274557,226808,47750,0,-263,386626,731260,26539389,47476,1371643,638886,128002,550755,54000,10661134,140752,6002797,991622,96164,3429799,1615985,936589,735784,200805,679396,12393572,93305,5782680,694233,5823354,60638,39754,16950,3934,388941,26539389,18734367,48883,560443,38865,18385,500567,2626,2672086,167739,2504347,1631139,1421524,905384,35993,474584,5563,209615,13395387,7146320,63258,6185809,248160,178269,68952,109317,7805022
2017,3963098,2931589,738152,293357,3585102,2388260,1031102,165740,377996,377996,-15967,-44,394006,394006,1543823,0,-0,0,201913,69706,11865,16387,103955,652473,-6338,308208,22049,7057,321497,136792,145036,43820,101216,-8244,482950,89,116959,32585,333317,13534,10377,2746,411,56161,1156018,78,255200,45,-1812,256967,0,355560,68295,287265,-49871,-11067,-33097,2789,12737,6504,-38804,533913,139940,1506,392467,47412,13726,7442,6284,387805,-46131,-39930,6201,2232683,2818,1962,68482,1010,-21664,-2772,2517,89391,19320,2139707,1078594,101926,959187,394,3023111,2903,-2551,3702,1060,-7313,0,135355,10402,0,10402,2876322,1770793,1105530,0,681,-790428,-442553,30385444,50294,1571037,708592,139867,564623,157955,11341939,135424,6211279,1012181,105738,3877317,1845097,1154625,779604,375021,690472,15057409,93394,7019413,828744,7115858,74172,50131,19696,4345,445496,30385444,23022975,51864,820618,42612,17633,757747,2626,3186277,236034,2950243,1609261,1428048,872287,56373,487321,12067,181213,16866707,9118138,64764,7683805,295572,192676,77075,115601,7362469
2018,4271839,3131166,848351,292322,3830681,2538089,1138659,153933,441158,441158,-4599,-77,445834,445834,760640,0,-0,0,165778,65331,14202,37360,48885,141936,-10210,120235,95679,-1561,-62207,-81797,20734,-49140,69874,-102531,475862,17280,110985,28651,318946,10874,9109,-9250,11015,47987,536869,156,71193,10,4824,66359,0,191910,74352,117558,252143,161831,117265,-5766,58192,-7860,90312,-46705,171300,1328,-219333,27472,40700,2658,38042,223771,150903,372966,222063,-1603718,-1177,-1144,-359718,-487,-61466,-22612,-2622,-272531,13400,-1254815,-507167,-58380,-689269,-264,-2871486,-1217,-2704,-828,-441,-1435,0,-98602,-873,0,-873,-2767728,-1403326,-1364401,-48,-315,1267768,1864505,29945569,49117,1736690,773923,154069,601858,206840,11186039,124727,6270130,1087036,101555,3602591,2110700,1509359,730464,778895,601341,14284758,110674,6629533,799015,6745536,85046,59240,10446,15360,493219,29945569,20718595,50803,890530,41794,22016,824094,2626,3294949,310386,2984563,1821531,1589879,989552,50607,545513,4207,231652,14104725,7899563,66092,6139070,322996,233061,79418,153643,9226974
2019,4323613,3116954,892817,313843,3875193,2538451,1174712,162030,448420,448420,-6828,-58,455306,455306,595084,0,-0,0,-26312,51294,7730,-2062,-83274,544996,5370,297654,81925,4043,156004,69673,89961,12038,77923,-20288,-14451,7435,-249168,-49694,276976,2926,2013,281,632,18252,244070,237,21762,151,4271,17339,1,-23477,-22581,-896,88622,204897,111208,7035,87133,-479,-116275,147968,-25304,1367,171905,11175,-2217,2204,-4421,351014,-9678,94614,104292,4343510,-282,-4127,527652,116,196451,38907,4704,287474,-12886,3835562,1917297,150263,1768001,-2409,3009568,-291,806,-542,-134,1482,0,240100,-28555,0,-28555,2797316,1622327,1174988,174,17,1333942,1779570,35051020,48835,1710425,825217,161799,599843,123566,12368484,130213,6917822,1230694,110302,3979453,2239487,1671320,814502,856818,568167,18086755,118109,8278548,899584,8790514,87972,61253,10727,15992,509062,35051020,24044476,50749,834169,41403,26153,763986,2627,3558317,291405,3266912,2004598,1917776,1223760,57642,632646,3728,86822,17031437,9478014,67459,7485964,334345,230861,81639,149222,11006544
2020,3885309,2776504,778103,330702,3315587,2150113,992951,172524,569721,569721,-6265,177,575809,575809,1520971,0,-0,0,280868,121325,34741,95439,29363,244769,-46201,67046,5722,4849,213353,56254,118020,84141,33879,-61766,862358,18851,669321,-756,174942,-24881,-2122,-9133,-13626,101603,1001672,81,110841,77,8814,101950,0,38822,-19003,57825,94095,134188,55489,-1783,66327,14155,-40093,699411,395996,1847,301568,65020,-6598,-356,-6242,519299,-33303,23207,56510,3676441,2029,4564,628093,2292,305157,34336,3101,283207,-8621,3052999,1630105,125478,1297415,-2623,1225386,2112,1957,2908,1403,-2354,0,196438,-7350,0,-7350,1031900,624294,407606,-4,333,2451055,2993561,40321971,50864,1961108,946542,196540,665097,152929,13254246,86304,7291566,1276402,118252,4481722,2287120,1789340,898643,890697,497780,22097500,136960,10673362,1024306,10262872,63091,59131,1594,2366,608042,40321971,26321866,52942,920229,44388,36370,836844,2627,3753935,217702,3536233,2092699,2051964,1279249,55859,698973,17883,40735,18878104,10615016,69306,8193782,399361,224596,81616,142980,14000105
2021,4690304,3408277,928608,353419,3842487,2550038,1112135,180314,847816,847816,-3497,-159,851473,851473,1756374,112834,-0,112834,174095,48347,18086,37175,70487,672343,2011,605767,-9824,1723,72666,357393,357881,211369,146512,-488,358197,27540,-112365,31757,411265,2923,5973,-1423,-1627,78589,1255952,113685,28194,-152,460,27887,-1,482506,104996,377510,-33588,30429,-106139,-1691,152802,-14543,-64017,574238,197255,1206,375777,81558,9359,3404,5955,500422,296800,647850,351051,4940638,-2938,3555,-496920,-15,-210216,-4989,-1310,-280390,-12669,5449248,2828531,131787,2488929,362,2165647,-2998,-4437,-3594,-998,155,0,-173572,-12963,0,-12963,2359830,1202590,1157240,6,-218,2774991,3923263,47737481,160760,2126601,994889,214626,693670,223416,13651587,138300,7740370,1252643,118665,4401609,2631844,2147221,1110012,1037209,484623,28413682,164500,13898265,1187850,13163067,66014,65104,171,739,686993,47737481,29814113,163629,916055,40642,35832,836955,2626,4218357,421698,3796659,1942805,1979050,1173110,54168,748432,3340,-36245,21858605,12061294,70512,9726799,480925,233737,84802,148935,17923368
2022,5427515,3966165,1070746,390604,4441691,2995046,1252621,194024,985824,985824,-5093,-183,991100,991100,1471379,0,-0,0,197878,35044,-20306,-9846,192986,842407,53835,417600,192939,4183,173850,113298,84724,-8557,93281,28574,265679,9203,-199535,120544,335467,2169,1541,108,520,49948,1053107,4965,78700,28,821,77851,0,166014,-113815,279829,75610,116978,-11875,19578,112203,-2928,-41368,631653,185701,2370,443582,89614,6551,-2188,8739,418272,-584891,-12063,572828,-8005405,-7897,1424,-1903088,-829,-842534,-186259,-14429,-859037,-34,-6095507,-2847331,-226967,-3021209,-303,-4730018,-8057,-5499,-3558,-1683,-258,0,-681081,50745,0,50745,-4085927,-1947170,-2138757,-5,-195,-3275387,-2869178,41161719,152863,2324313,1029933,194320,683658,416402,12603098,191306,7318511,1260579,108419,3724283,2745108,2231945,1101455,1130490,513163,22531516,173703,10799061,1081427,10477325,68183,66645,279,1259,736638,41161719,26107529,160537,989234,37112,34970,914526,2626,3713203,331845,3381358,1978087,2050328,1161235,28046,860635,412,-72241,18455841,10305962,72882,8076997,570534,240093,82419,157674,15054190
2023,5507977,3825930,1292881,389167,4676751,3027244,1457092,192416,831226,831226,-13531,-205,844962,844962,2075872,0,-0,0,179457,16597,2696,5868,154296,1057839,25875,608164,147355,5468,270977,163034,156747,193962,-37215,6287,490369,9328,162310,-16389,335120,2360,2179,143,38,182813,1154568,4624,-12550,349,-4930,-7969,0,52904,-18326,71230,603869,558970,457981,1576,98468,945,44899,380117,-18418,1848,396687,119496,6108,5382,726,921304,284142,207799,-76343,4875065,1244,-2036,314830,262,91508,22612,3581,196867,-20588,4585197,2207838,162381,2214978,-3582,2403833,1337,-7364,-306,256,-7314,0,140847,-10071,0,-10071,2278922,1256696,1022226,8,155,2471232,3600335,48120184,154107,2501423,1046530,197016,687179,570698,13876579,124443,8056082,1429566,117468,4149020,2887554,2388692,1295417,1093275,498862,27714109,183031,13276236,1227419,13027423,70543,68824,422,1297,915869,48120184,29465659,166498,947068,37155,30296,876991,2626,3797818,313519,3484299,2571885,2609298,1619216,29622,959103,1357,-37413,21045996,11475356,74730,9495910,690038,246356,87956,158400,18654525
